region,channel,service_type,plan_type,customer_type,address_verified,network_available,inventory_available,credit_check_passed,installation_required,monthly_charge,previous_failed_orders,order_result
East,Online,DSL,Premium,Existing,1,1,1,1,0,92.79902634066349,1,0
West,Online,Fiber,Premium,New,1,1,1,1,1,124.02593454064632,0,0
North,Phone,Fiber,Basic,Existing,1,1,1,1,1,150.07338434273964,0,0
East,Online,DSL,Standard,New,1,1,1,1,0,138.44700879336042,2,0
East,Online,5G,Standard,Existing,1,0,1,1,0,138.89608633516954,0,0
West,Phone,Fiber,Premium,Existing,1,1,1,1,0,55.993084728996706,1,0
North,Online,Fiber,Basic,Existing,1,1,1,1,1,156.63914615597798,0,0
North,Online,DSL,Premium,New,1,1,1,1,0,153.87029929335836,1,0
East,Phone,5G,Premium,New,0,1,1,1,1,58.52107228445288,1,0
South,Phone,Fiber,Basic,New,1,1,1,1,0,46.974288121397585,0,0
East,Store,Fiber,Premium,New,1,0,1,1,0,197.24804017120738,1,0
East,Online,5G,Standard,New,0,0,1,1,0,159.39865964975996,0,1
East,Store,Fiber,Premium,Existing,1,1,1,1,1,136.92414971351747,0,0
East,Store,5G,Basic,New,1,1,1,1,1,90.59984850032404,1,0
West,Phone,DSL,Standard,New,0,1,0,1,0,84.10519647003996,2,1
North,Online,Fiber,Standard,New,1,1,1,1,1,61.65968627668518,0,0
West,Online,DSL,Premium,Existing,1,1,1,1,0,137.36691172084866,0,0
West,Phone,5G,Standard,Existing,1,1,1,1,0,132.15737113055246,0,0
West,Store,DSL,Basic,Existing,1,1,1,1,0,189.68055039259121,0,0
East,Phone,DSL,Premium,New,1,1,1,1,0,140.4504786665691,1,0
South,Online,DSL,Standard,New,1,0,1,1,1,112.23337482446328,1,0
North,Phone,5G,Basic,Existing,1,1,1,0,1,183.56684429909498,1,0
South,Online,5G,Premium,New,1,1,1,1,0,138.24895299095084,3,0
West,Store,5G,Basic,New,1,1,1,1,1,154.2806085216456,2,0
West,Online,5G,Standard,New,1,1,1,0,0,140.26681039964174,0,0
South,Store,5G,Premium,New,0,1,1,1,0,67.1102478300227,1,0
South,Store,Fiber,Premium,New,1,1,1,1,0,59.81601956286365,1,0
South,Online,Fiber,Standard,Existing,1,1,1,1,0,139.93189768126052,0,0
West,Online,Fiber,Basic,Existing,1,1,1,0,0,186.24104807005529,0,0
West,Store,DSL,Standard,Existing,1,1,1,1,0,194.18508176783683,0,0
North,Phone,DSL,Premium,New,1,1,1,1,1,199.26695515011625,0,0
North,Online,5G,Premium,Existing,0,1,0,1,1,175.03961272647072,0,0
West,Store,5G,Standard,New,1,1,1,1,1,98.22193290242664,0,0
South,Store,Fiber,Basic,Existing,1,1,1,1,1,138.16303860728698,0,0
South,Phone,5G,Standard,New,1,1,1,1,0,137.44884467279542,2,0
North,Online,DSL,Basic,New,1,1,1,1,0,126.00832691791109,0,0
West,Store,5G,Basic,Existing,1,1,1,1,1,158.73036080300022,1,0
North,Phone,Fiber,Premium,Existing,1,1,0,1,0,67.19769851442841,1,0
North,Store,5G,Basic,Existing,1,1,1,1,0,70.1903002515981,0,0
East,Online,DSL,Premium,New,0,1,1,1,1,191.14728245630988,1,0
East,Phone,Fiber,Basic,Existing,0,1,1,1,0,174.37745152771666,0,0
East,Store,5G,Basic,Existing,1,1,1,1,1,170.96326233032323,1,0
South,Phone,DSL,Premium,Existing,1,1,1,1,0,117.29715212221576,1,0
West,Online,Fiber,Basic,Existing,1,1,1,1,1,130.8428943849844,0,0
West,Phone,Fiber,Standard,New,1,1,1,1,1,139.9836795686054,1,0
West,Online,DSL,Basic,New,1,0,1,1,0,87.03595478670563,0,0
West,Store,5G,Premium,New,1,1,1,0,0,87.15407806771616,0,0
East,Online,5G,Premium,Existing,0,1,0,1,0,68.78012454295995,1,0
South,Store,5G,Standard,Existing,1,1,0,1,0,129.6309477085718,0,0
South,Store,Fiber,Basic,Existing,1,1,0,1,1,66.16258918870103,0,0
East,Online,Fiber,Standard,New,1,1,1,1,0,72.18329564483498,1,0
South,Store,5G,Basic,Existing,1,1,1,1,1,184.405301061167,1,0
East,Phone,Fiber,Standard,New,1,1,1,1,1,124.15377273473821,0,0
West,Store,Fiber,Premium,Existing,1,1,0,1,0,139.05112154136845,0,0
East,Online,DSL,Premium,New,1,1,1,1,0,61.487245626027246,0,0
West,Phone,5G,Standard,New,1,1,1,1,0,72.97015838024869,0,0
West,Phone,5G,Basic,Existing,1,1,0,1,1,55.71730104638134,0,0
North,Store,5G,Basic,Existing,1,1,1,1,0,83.44249008243901,0,0
East,Store,Fiber,Premium,New,1,1,1,1,0,181.04790398027922,2,0
North,Online,Fiber,Basic,New,1,1,1,1,0,182.18393838327094,1,0
East,Phone,Fiber,Standard,Existing,1,1,1,1,1,147.77432227981564,0,0
East,Online,5G,Standard,New,1,1,1,1,0,180.10959350446115,1,0
North,Store,Fiber,Basic,Existing,1,1,0,1,0,70.55065638038431,0,0
North,Phone,5G,Premium,Existing,1,1,0,1,1,63.67886097705055,0,0
East,Online,Fiber,Premium,New,1,1,1,1,1,162.48054586475823,0,0
South,Online,5G,Premium,New,1,1,1,1,0,198.34384494426502,1,0
West,Online,DSL,Premium,Existing,1,1,1,1,1,154.82318460966596,1,0
North,Online,Fiber,Premium,New,1,1,1,1,1,45.92428085265361,1,0
West,Online,5G,Standard,New,1,1,1,1,1,69.42000079705937,0,0
South,Phone,DSL,Basic,Existing,1,1,0,1,1,79.60080217734733,0,0
South,Online,DSL,Standard,New,1,1,1,1,0,107.64105558229893,1,0
South,Phone,Fiber,Premium,New,1,1,0,1,0,75.35102806850546,0,0
North,Online,5G,Premium,New,1,0,1,1,0,49.700613635133465,2,1
South,Store,Fiber,Basic,New,1,1,1,1,0,81.33244791494691,1,0
North,Store,DSL,Basic,Existing,0,1,0,1,1,96.15598437363576,1,0
South,Online,Fiber,Basic,New,1,1,1,1,0,85.37768637398057,0,0
West,Store,5G,Standard,New,1,1,1,1,0,44.44871797063924,1,0
West,Phone,DSL,Basic,New,0,1,1,1,1,188.4180699895112,0,0
East,Online,Fiber,Standard,New,1,1,0,0,0,126.62243523478061,0,1
West,Phone,Fiber,Premium,Existing,1,1,1,1,1,175.76793860064558,1,0
East,Online,Fiber,Standard,Existing,1,1,1,1,0,42.469087417010826,0,0
West,Store,Fiber,Basic,Existing,1,1,1,1,1,167.53145248998038,0,0
North,Phone,Fiber,Standard,New,1,1,1,1,1,152.71106651235212,0,0
West,Store,DSL,Standard,Existing,1,1,1,1,0,196.3357104724456,1,0
East,Store,DSL,Standard,Existing,1,1,0,1,1,58.34703789299185,0,0
East,Online,5G,Basic,New,1,1,1,1,0,142.82425592485458,0,0
South,Phone,Fiber,Standard,New,1,0,1,1,0,43.38941799434391,4,1
North,Store,5G,Basic,Existing,1,1,0,1,1,97.11832434787922,1,0
West,Online,DSL,Standard,Existing,0,1,1,1,1,141.72169760941415,0,0
South,Online,Fiber,Standard,New,1,1,1,1,1,189.13389708752516,0,0
West,Online,5G,Standard,New,1,1,1,1,0,53.265264378843696,0,0
West,Store,Fiber,Basic,New,1,1,1,1,0,118.2800440325135,1,0
South,Online,Fiber,Basic,Existing,1,1,1,1,1,78.14137643507122,1,0
South,Phone,5G,Basic,New,1,1,1,1,0,74.59840721580665,1,0
South,Phone,DSL,Premium,Existing,1,1,1,1,0,150.12900018731318,3,0
South,Store,5G,Basic,Existing,1,1,1,1,0,44.363217408740766,0,0
South,Phone,5G,Standard,Existing,0,1,1,1,0,141.08234020721673,1,0
West,Online,5G,Premium,New,1,0,1,1,0,65.98055783039558,0,0
South,Store,Fiber,Basic,Existing,1,1,1,1,0,42.35928930431987,2,0
North,Online,DSL,Basic,Existing,1,1,1,1,1,126.99456340403512,0,0
East,Store,DSL,Premium,Existing,1,1,0,1,0,57.98284185480527,1,0
South,Store,Fiber,Premium,Existing,1,1,1,1,0,129.8376219553685,0,0
South,Online,DSL,Basic,New,1,1,1,1,1,84.87705526808861,0,0
West,Phone,5G,Premium,Existing,1,1,1,1,1,84.61099192794828,1,0
South,Phone,DSL,Standard,New,1,1,0,1,0,168.85939427198275,1,0
South,Store,Fiber,Standard,New,1,1,1,1,0,153.88935901410656,1,0
South,Online,DSL,Standard,Existing,1,1,1,1,0,172.43681630745863,0,0
West,Online,Fiber,Basic,Existing,1,1,1,1,0,107.99970014932447,0,0
South,Store,5G,Standard,New,1,1,1,1,0,57.97580434776606,1,0
East,Phone,Fiber,Premium,New,0,1,1,1,0,162.16216934327431,1,0
West,Online,DSL,Standard,New,0,1,1,1,0,178.74674338095997,1,0
East,Phone,5G,Premium,New,0,1,1,1,0,134.06531022848696,1,0
West,Phone,DSL,Standard,Existing,1,1,1,1,0,75.26673946844855,1,0
South,Store,Fiber,Premium,Existing,1,1,1,1,0,162.6869137909946,0,0
East,Store,5G,Standard,Existing,0,0,1,1,0,47.07674458722121,0,1
West,Phone,Fiber,Standard,Existing,0,1,1,1,0,95.01712138962198,2,0
North,Online,DSL,Standard,New,1,1,1,1,1,102.52972679571542,2,0
South,Online,Fiber,Premium,New,1,1,1,1,0,93.04770101447826,1,0
West,Store,DSL,Premium,Existing,1,1,0,1,0,191.1739843985013,1,0
North,Phone,DSL,Standard,Existing,0,1,1,1,1,173.1589929428925,1,0
West,Online,5G,Premium,Existing,1,1,1,1,0,124.86424264459431,1,0
North,Online,5G,Premium,New,0,0,1,1,0,189.62333338869587,0,1
South,Store,Fiber,Basic,Existing,1,0,1,1,0,64.9700261323229,0,0
East,Phone,DSL,Standard,New,1,1,0,1,0,55.4246060973826,1,0
North,Online,DSL,Premium,New,1,1,0,1,1,101.54925337243141,1,0
West,Store,5G,Premium,New,1,1,1,1,0,198.54632361281685,0,0
South,Online,5G,Premium,New,1,1,1,1,1,184.591936681599,1,0
North,Online,5G,Premium,Existing,1,1,1,1,0,75.50579872000007,0,0
West,Online,5G,Basic,New,1,1,1,1,1,188.8019357449471,1,0
West,Store,Fiber,Premium,New,1,1,0,1,0,140.9775160735112,0,0
West,Phone,Fiber,Premium,Existing,1,0,1,0,1,89.46568329266653,0,1
North,Store,Fiber,Basic,Existing,1,1,1,1,1,170.76301859134983,0,0
North,Phone,Fiber,Standard,New,1,1,1,1,1,177.0738078921763,1,0
North,Online,5G,Standard,Existing,1,1,0,1,0,40.080827482844214,0,0
East,Phone,Fiber,Basic,Existing,0,0,1,1,0,61.55216294279663,0,1
North,Online,Fiber,Standard,New,1,1,1,1,0,159.90562844016026,2,0
North,Online,Fiber,Standard,Existing,1,0,1,1,1,137.93790588340684,1,0
North,Store,5G,Basic,New,1,0,1,1,1,81.81399497826455,2,1
East,Online,DSL,Premium,New,1,1,1,1,0,83.9428311213665,1,0
North,Store,5G,Basic,Existing,0,1,1,1,1,57.76968334149268,0,0
West,Phone,DSL,Basic,Existing,1,1,1,1,0,108.37171353673088,1,0
North,Phone,DSL,Basic,Existing,1,0,1,1,0,49.81938797979028,1,0
West,Online,Fiber,Basic,New,1,0,1,1,1,149.39099674603665,0,0
West,Store,Fiber,Basic,Existing,1,1,1,0,0,79.25863023087955,1,0
West,Online,Fiber,Premium,New,1,1,1,1,1,180.98591324291692,0,0
East,Store,5G,Standard,Existing,0,1,1,1,1,55.190666351699264,1,0
East,Store,5G,Basic,New,1,1,1,1,0,150.72610456651688,1,0
East,Store,Fiber,Premium,Existing,1,1,1,0,0,179.2965766961205,1,0
North,Phone,5G,Basic,New,1,1,1,1,0,152.6508283262024,0,0
West,Store,5G,Premium,Existing,1,1,1,1,0,188.19149320676337,1,0
East,Phone,DSL,Standard,Existing,1,1,1,0,0,92.5684365693979,1,0
East,Store,5G,Premium,Existing,1,1,1,1,1,61.63236998601499,2,0
North,Phone,DSL,Premium,Existing,1,1,0,1,1,95.93336123709915,0,0
East,Phone,Fiber,Standard,Existing,1,1,1,1,0,135.38420881333118,1,0
North,Phone,5G,Standard,New,0,1,1,1,1,191.32298937313013,1,0
South,Online,DSL,Premium,New,1,0,0,1,0,87.28405900910131,1,1
East,Store,5G,Basic,Existing,1,1,1,1,0,149.66352526486452,0,0
South,Online,DSL,Basic,New,1,1,1,1,0,56.09549709692993,0,0
North,Store,DSL,Standard,New,1,1,1,1,0,82.90113196317722,0,0
West,Store,5G,Basic,Existing,1,1,0,1,0,65.56426262860974,2,0
East,Online,Fiber,Standard,Existing,1,0,1,1,0,116.58044910630069,0,0
North,Phone,DSL,Premium,New,1,1,1,0,1,189.88570702851194,0,0
West,Store,Fiber,Premium,New,1,1,1,1,0,186.42043681114242,0,0
West,Phone,5G,Basic,Existing,0,1,1,1,0,108.34049197232704,2,0
South,Online,5G,Standard,Existing,0,1,1,1,1,177.2200764800981,0,0
North,Phone,Fiber,Basic,Existing,1,1,1,1,0,109.03620656906216,0,0
West,Store,5G,Basic,New,1,1,1,1,1,105.44847500071043,0,0
East,Store,DSL,Premium,Existing,1,1,1,1,0,181.52053165080727,1,0
East,Store,Fiber,Basic,New,0,0,1,1,0,44.89430742383702,3,1
South,Online,5G,Premium,Existing,0,1,1,1,0,180.91435696875774,0,0
West,Store,5G,Standard,Existing,1,1,1,0,0,173.54824797175587,0,0
North,Online,Fiber,Basic,New,1,1,1,1,0,72.1465940931931,1,0
East,Phone,DSL,Premium,Existing,1,1,1,1,0,105.01784303993206,1,0
West,Store,Fiber,Basic,New,0,1,1,1,0,176.21739525115947,0,0
West,Store,5G,Standard,New,0,1,0,0,0,129.2903231432997,0,1
South,Store,5G,Basic,New,1,1,1,1,0,156.55287472847385,1,0
East,Phone,Fiber,Basic,Existing,1,1,1,1,1,64.98599252467748,1,0
East,Store,DSL,Premium,Existing,1,1,0,1,0,115.82476630325986,0,0
North,Online,DSL,Standard,Existing,1,1,1,1,1,121.77956572740506,1,0
East,Phone,DSL,Standard,New,0,1,1,1,0,55.17956432517476,0,0
North,Phone,Fiber,Standard,Existing,0,1,1,1,0,91.98532168341076,0,0
East,Phone,DSL,Basic,Existing,1,1,1,1,1,157.43817748145204,2,0
South,Phone,DSL,Premium,Existing,1,1,1,1,1,67.20712129005058,0,0
East,Phone,DSL,Basic,Existing,1,1,1,1,1,139.42654350145742,2,0
North,Online,DSL,Basic,Existing,1,1,1,1,0,51.98769700385172,2,0
North,Phone,5G,Basic,New,1,1,1,1,1,52.3774403140561,1,0
South,Store,Fiber,Standard,Existing,1,1,1,1,0,151.15050627460676,1,0
East,Phone,Fiber,Premium,Existing,1,1,1,1,0,198.81572737425702,0,0
East,Phone,DSL,Standard,Existing,1,1,1,1,1,98.17636439921488,1,0
South,Phone,Fiber,Basic,New,1,1,1,1,0,138.51508201260418,0,0
East,Phone,Fiber,Basic,Existing,1,1,0,1,1,139.06931069220792,2,0
East,Phone,5G,Premium,New,1,1,1,1,0,68.10298711940189,3,0
North,Online,Fiber,Standard,New,1,1,0,1,0,190.4715241029282,1,0
East,Online,5G,Basic,Existing,1,1,1,1,1,124.43841183831415,1,0
East,Phone,Fiber,Basic,New,0,1,0,1,0,102.53201025526492,1,0
South,Online,5G,Premium,New,1,1,1,1,0,61.56193946475733,0,0
South,Store,5G,Basic,New,1,1,1,1,0,129.97198926171404,0,0
West,Phone,Fiber,Standard,Existing,1,1,1,1,1,184.40700082911033,1,0
North,Store,5G,Standard,New,1,1,0,1,0,121.65322215596548,1,0
East,Store,5G,Basic,Existing,1,1,1,0,1,59.7273565806217,1,0
East,Phone,Fiber,Basic,Existing,1,1,1,1,1,84.40436785325745,1,0
West,Store,5G,Basic,New,1,1,1,1,1,198.01836128736997,0,0
East,Store,5G,Premium,New,1,1,1,1,1,104.21531587091486,0,0
North,Store,5G,Premium,New,1,0,1,1,1,197.6169087407836,1,0
West,Phone,5G,Standard,Existing,1,1,1,1,0,127.31781197325915,0,0
North,Phone,5G,Standard,Existing,1,1,1,1,1,153.62322790209214,1,0
West,Store,DSL,Basic,New,1,1,1,0,1,75.2812562826221,1,0
West,Phone,5G,Basic,New,1,1,1,1,1,197.9637269323165,2,0
South,Phone,5G,Basic,Existing,0,1,1,1,1,41.37523029662411,1,0
North,Store,5G,Premium,Existing,1,1,1,1,0,177.06404637376713,0,0
East,Phone,5G,Premium,Existing,1,1,1,1,0,150.16879407513534,2,0
East,Online,Fiber,Basic,New,1,1,0,1,0,145.47271928413346,1,0
North,Phone,DSL,Basic,New,1,1,1,1,0,90.4452456565676,1,0
East,Online,Fiber,Standard,Existing,0,1,1,1,0,69.76866168677546,0,0
East,Store,DSL,Premium,Existing,0,1,1,0,1,139.80615706813916,0,1
North,Phone,5G,Basic,New,1,1,1,1,1,186.43545002926817,1,0
West,Store,5G,Premium,Existing,1,1,1,1,0,80.08031978855696,1,0
North,Store,DSL,Basic,New,1,1,1,1,1,169.01575262794833,0,0
West,Store,DSL,Basic,Existing,1,1,1,1,0,54.157842241504675,2,0
East,Store,Fiber,Standard,Existing,1,1,1,1,0,78.8835141558355,1,0
East,Store,DSL,Standard,Existing,0,1,0,1,0,48.83279988875897,1,0
East,Phone,5G,Standard,Existing,1,1,1,1,1,101.14958310894207,0,0
South,Online,Fiber,Basic,New,1,1,1,1,0,151.40150466506228,0,0
West,Phone,DSL,Standard,Existing,1,1,1,1,0,119.32313996990386,0,0
South,Phone,DSL,Basic,Existing,0,1,1,1,1,126.05587098766492,0,0
South,Phone,Fiber,Premium,New,1,1,1,1,0,131.99351979928593,1,0
North,Phone,DSL,Premium,New,1,0,1,0,0,75.7346026842341,0,1
South,Online,5G,Basic,New,0,1,0,1,0,93.36122819975253,2,1
North,Phone,Fiber,Standard,Existing,0,1,0,0,0,112.78102756002292,0,1
North,Store,DSL,Standard,New,1,1,1,1,1,131.7977806754359,1,0
South,Phone,5G,Premium,Existing,1,1,1,1,0,175.53120475288335,0,0
West,Phone,DSL,Basic,New,1,1,0,0,0,113.89578347931709,0,1
West,Online,Fiber,Basic,Existing,1,1,1,1,0,163.03126740391076,0,0
West,Online,DSL,Basic,New,1,1,1,1,0,58.84840470404182,0,0
West,Store,DSL,Premium,New,1,1,1,1,1,60.764443394102926,1,0
West,Phone,DSL,Premium,New,0,0,1,1,0,86.10923586295833,0,1
South,Phone,5G,Standard,Existing,0,1,1,1,0,90.91076622850682,1,0
South,Phone,5G,Basic,Existing,1,1,1,1,0,140.20226208830206,0,0
East,Store,DSL,Basic,New,1,1,1,1,0,75.0913723579287,0,0
West,Online,DSL,Basic,Existing,0,0,1,1,1,62.61354874341359,2,1
South,Store,Fiber,Basic,Existing,1,1,1,1,0,143.34664232783805,3,0
East,Phone,DSL,Premium,Existing,1,1,1,1,0,199.5692201170287,2,0
West,Online,Fiber,Standard,Existing,1,1,1,1,0,198.7290669103545,0,0
North,Online,5G,Premium,Existing,1,1,1,1,0,187.52578714150883,2,0
East,Store,DSL,Standard,New,0,1,1,1,0,49.93106707248414,0,0
South,Online,Fiber,Basic,Existing,1,1,1,0,0,162.28520933495253,1,0
North,Online,5G,Basic,New,0,1,0,1,0,101.46718841604363,0,0
North,Phone,Fiber,Basic,New,1,1,1,1,1,171.55462193582298,0,0
North,Phone,5G,Basic,New,1,1,1,1,1,47.7401200414168,2,0
East,Online,DSL,Basic,Existing,1,1,1,1,0,173.91053019059234,0,0
South,Online,Fiber,Premium,Existing,1,1,1,1,1,139.16985220763766,1,0
North,Store,DSL,Standard,New,1,1,1,1,1,52.83080311591146,4,0
West,Store,Fiber,Premium,New,0,1,1,1,1,193.35079026468537,0,0
North,Online,5G,Basic,New,1,1,1,1,0,179.59989411336338,1,0
North,Phone,Fiber,Standard,New,1,1,1,1,0,150.25043718316994,2,0
East,Online,Fiber,Standard,Existing,0,1,0,1,1,99.07169046639939,1,0
East,Online,DSL,Basic,New,1,0,1,1,1,121.5500279875706,0,0
South,Phone,DSL,Standard,New,1,1,1,1,1,44.3671542185756,0,0
West,Phone,DSL,Premium,Existing,1,0,1,1,0,147.49737847574173,1,0
East,Store,5G,Premium,New,1,0,1,1,0,192.86156657997455,0,0
North,Store,DSL,Premium,Existing,1,1,1,1,0,74.98101558519564,1,0
South,Store,Fiber,Premium,New,1,1,0,1,0,105.2038747028604,1,0
North,Store,5G,Standard,Existing,0,1,1,1,0,177.89987094537304,0,0
North,Phone,DSL,Premium,Existing,1,1,1,1,0,50.58337300501732,1,0
East,Online,Fiber,Standard,Existing,1,1,1,0,0,91.19797276594971,1,0
South,Store,Fiber,Basic,New,1,1,1,1,0,190.63942614461837,0,0
West,Store,5G,Premium,Existing,1,1,1,1,0,163.03958262539697,2,0
West,Phone,Fiber,Basic,New,1,1,1,1,0,52.94732600697216,1,0
East,Phone,DSL,Premium,Existing,1,1,1,1,0,114.31344305077496,1,0
East,Online,Fiber,Basic,Existing,1,1,0,1,0,122.00583977301372,1,0
South,Online,DSL,Basic,Existing,1,1,1,1,0,158.46760004474658,1,0
West,Phone,DSL,Basic,New,1,1,0,1,1,74.3007218620971,1,0
West,Store,5G,Basic,Existing,1,1,0,1,0,77.69094152803694,0,0
West,Store,Fiber,Basic,Existing,1,1,1,1,1,176.42908765172683,0,0
North,Store,5G,Standard,Existing,1,1,1,1,1,75.90810933595911,0,0
West,Online,5G,Standard,Existing,1,1,1,1,1,111.60986170385368,0,0
North,Store,5G,Premium,New,1,1,1,1,1,151.21980301798175,1,0
South,Store,DSL,Standard,New,1,1,1,1,1,123.98212455466103,0,0
North,Phone,DSL,Basic,Existing,1,1,1,1,0,186.45704585801968,1,0
South,Store,DSL,Standard,Existing,1,1,0,1,0,121.78414571994402,0,0
West,Phone,DSL,Standard,Existing,1,1,0,0,1,73.20390877126042,0,1
West,Store,Fiber,Basic,Existing,1,1,1,1,1,173.0623237315916,0,0
South,Online,Fiber,Standard,New,1,1,0,1,1,164.61001146513485,0,0
East,Store,DSL,Basic,Existing,1,1,1,1,0,72.35755474313538,2,0
South,Store,DSL,Standard,Existing,1,1,1,1,0,163.38522816550793,1,0
East,Phone,Fiber,Basic,New,1,1,1,1,0,91.5619741446232,1,0
North,Phone,5G,Premium,Existing,1,1,1,1,0,130.44752792550327,1,0
North,Phone,5G,Standard,Existing,1,1,1,0,0,195.34259341364037,0,0
North,Store,DSL,Premium,New,1,0,1,1,1,47.085874847018005,1,0
West,Store,5G,Basic,Existing,1,1,1,1,0,67.30984553839426,1,0
North,Online,DSL,Basic,New,1,1,1,1,1,136.97612892306685,0,0
East,Store,DSL,Premium,Existing,1,1,1,1,0,48.01379711233487,2,0
North,Online,DSL,Basic,New,1,1,1,0,1,57.59633017088346,0,0
South,Phone,Fiber,Basic,New,1,1,1,1,0,138.07819737790697,1,0
South,Phone,5G,Basic,Existing,1,1,1,1,0,174.6343504255411,0,0
West,Phone,Fiber,Basic,Existing,1,1,0,1,0,127.31782268637627,0,0
South,Online,5G,Basic,Existing,1,1,1,1,0,69.88184044955548,0,0
East,Store,Fiber,Basic,Existing,0,1,1,1,1,61.02223283754911,0,0
North,Phone,Fiber,Basic,New,0,1,1,1,0,171.3013522879027,1,0
West,Store,DSL,Basic,Existing,1,1,1,1,0,184.4394257008102,0,0
North,Store,DSL,Premium,Existing,1,1,1,1,0,160.74984527650798,0,0
North,Phone,Fiber,Standard,Existing,1,1,1,1,0,75.122058792266,1,0
East,Online,5G,Basic,New,1,1,1,1,1,96.32617044810326,1,0
South,Store,5G,Premium,New,1,1,1,1,1,108.92108397562123,0,0
South,Phone,DSL,Basic,New,1,1,1,1,0,59.87746920278275,0,0
North,Store,DSL,Standard,New,1,1,1,1,1,80.54557179210136,0,0
West,Store,5G,Basic,New,1,1,1,1,1,156.2603571115287,0,0
South,Store,5G,Premium,Existing,1,1,1,1,0,165.18140108889676,0,0
West,Store,5G,Premium,Existing,0,1,1,1,1,69.19007312343938,2,0
South,Store,DSL,Standard,Existing,0,1,1,1,0,92.25923163467299,0,0
West,Online,5G,Basic,New,1,1,1,1,1,119.0954247897096,0,0
East,Online,DSL,Premium,Existing,1,1,1,1,0,68.01297560471076,0,0
West,Phone,Fiber,Standard,New,1,0,1,1,0,178.1042651073381,1,0
East,Online,Fiber,Standard,New,1,1,1,1,0,88.40890175957817,1,0
East,Online,Fiber,Basic,New,1,1,1,1,0,79.66262201855588,2,0
West,Online,5G,Premium,New,1,1,0,1,0,182.96922002677462,1,0
East,Store,DSL,Basic,New,1,1,1,1,0,147.78090161093772,1,0
North,Store,5G,Basic,Existing,0,1,1,1,1,121.99555747549503,1,0
East,Phone,DSL,Basic,Existing,1,1,1,1,0,57.1607413164749,1,0
South,Phone,5G,Premium,Existing,1,1,1,1,0,63.25000548837341,0,0
West,Phone,Fiber,Standard,Existing,1,1,1,1,0,75.81293411310588,1,0
North,Store,DSL,Basic,New,1,1,0,1,1,74.96664878401282,0,0
West,Online,5G,Basic,Existing,1,1,0,1,0,181.92276823661408,1,0
South,Online,DSL,Premium,Existing,1,1,0,1,1,190.69518756018516,0,0
South,Store,DSL,Basic,New,1,1,1,1,0,106.70314766434437,1,0
South,Phone,5G,Standard,New,0,1,1,1,0,72.09794341042269,0,0
East,Phone,5G,Basic,New,1,0,1,1,0,83.7913625653127,0,0
East,Phone,DSL,Standard,Existing,1,1,0,1,0,43.748648644048686,1,0
West,Store,DSL,Basic,Existing,1,1,1,1,0,74.41309625450346,0,0
West,Phone,Fiber,Basic,Existing,1,1,1,1,1,42.48128260008006,0,0
North,Phone,DSL,Basic,New,1,0,1,1,0,193.88228752787901,0,0
North,Store,Fiber,Standard,New,1,1,1,1,0,139.78245923042317,0,0
West,Online,Fiber,Basic,New,1,1,1,1,0,147.85922034853365,0,0
East,Store,Fiber,Basic,New,0,1,0,1,0,53.17567782247865,0,0
South,Store,DSL,Basic,New,1,1,0,1,0,113.76080966321865,0,0
West,Store,Fiber,Standard,New,1,1,1,1,0,109.07174192620332,0,0
North,Store,DSL,Basic,Existing,1,1,1,1,1,173.85561439249958,0,0
East,Online,DSL,Premium,New,1,1,0,1,0,164.70591428167089,0,0
West,Phone,5G,Standard,New,1,1,1,1,0,106.46910651590977,1,0
West,Store,DSL,Premium,New,1,1,1,1,1,156.4333473276322,2,0
East,Online,DSL,Basic,New,1,1,1,1,1,53.883511830940094,0,0
West,Phone,Fiber,Standard,New,1,1,1,1,0,80.5768760802227,1,0
East,Phone,DSL,Standard,New,1,1,1,1,1,67.23354314270453,2,0
South,Phone,DSL,Basic,New,1,1,1,1,0,156.07238075879343,0,0
East,Store,5G,Premium,New,1,1,1,1,1,181.29094487145582,0,0
East,Store,5G,Standard,New,1,1,1,1,0,138.98937379091183,1,0
East,Phone,Fiber,Standard,Existing,1,1,1,1,1,146.4060502558304,3,0
West,Phone,Fiber,Standard,Existing,1,0,1,1,1,134.55800684783242,1,0
West,Phone,5G,Standard,Existing,0,1,0,1,0,134.48865636666284,0,0
East,Phone,5G,Standard,Existing,1,1,1,0,0,73.89850612211731,1,0
West,Phone,DSL,Basic,New,1,1,1,1,0,42.936347449771226,0,0
North,Phone,Fiber,Standard,Existing,1,1,1,1,0,70.76244411064206,0,0
North,Online,Fiber,Premium,Existing,1,1,0,1,1,91.04786890240119,1,0
West,Phone,DSL,Standard,New,1,1,1,1,1,104.04256447796952,0,0
West,Store,DSL,Basic,New,1,0,1,1,1,155.4150019192689,0,0
East,Store,Fiber,Basic,New,1,1,1,1,0,42.49063511168791,2,0
South,Store,5G,Premium,New,1,0,1,1,0,132.73993617141952,0,0
West,Phone,5G,Standard,Existing,1,1,1,1,1,87.11302029962891,1,0
North,Store,DSL,Premium,New,1,1,1,0,1,68.8181827329876,2,1
East,Online,Fiber,Premium,New,1,1,1,1,0,85.43769470960184,0,0
West,Phone,DSL,Premium,New,1,1,1,1,0,98.67416424498447,0,0
North,Store,5G,Premium,Existing,1,1,1,1,0,176.03920061341452,2,0
North,Online,5G,Standard,Existing,1,1,1,1,1,80.12186749481967,1,0
South,Online,DSL,Basic,New,1,0,1,1,0,124.43840067556943,0,0
East,Store,5G,Basic,Existing,1,1,1,1,0,157.86404189411115,0,0
East,Online,Fiber,Standard,New,1,1,1,1,1,188.34633056126384,0,0
South,Store,DSL,Premium,Existing,1,0,1,1,0,45.299736296263134,0,0
South,Online,DSL,Standard,New,1,1,1,1,0,164.20817473933693,2,0
East,Phone,DSL,Premium,Existing,1,1,1,1,0,79.22671192145242,0,0
East,Phone,5G,Premium,Existing,1,1,1,1,0,174.2991309370208,1,0
West,Phone,Fiber,Standard,Existing,1,1,1,1,0,63.617009653034096,5,0
West,Phone,DSL,Standard,New,1,1,1,1,0,147.09243481352468,0,0
South,Phone,DSL,Premium,Existing,1,1,1,1,0,158.2485071991643,1,0
West,Store,5G,Premium,Existing,0,1,1,1,1,123.21016440681274,3,0
North,Phone,Fiber,Premium,Existing,0,1,0,1,0,95.11235656754573,0,0
West,Phone,DSL,Premium,New,1,1,1,0,0,65.18069534791643,0,0
West,Phone,5G,Standard,Existing,1,0,0,1,0,56.789938989095404,0,1
North,Phone,DSL,Basic,New,1,0,1,1,1,160.90339605477124,0,0
South,Online,5G,Basic,New,1,1,1,1,1,49.61193631950428,2,0
North,Phone,Fiber,Premium,New,1,1,1,1,0,133.2184155008062,0,0
West,Phone,5G,Basic,New,1,0,1,1,0,44.62728367529033,0,0
South,Store,DSL,Basic,New,1,1,1,1,1,113.74321597507097,0,0
West,Online,DSL,Basic,Existing,1,1,1,1,1,62.134773499563316,1,0
North,Store,5G,Basic,New,0,1,0,1,1,144.10793299046105,0,0
North,Phone,Fiber,Basic,Existing,1,1,1,1,0,79.2103132263591,1,0
West,Store,Fiber,Basic,Existing,1,1,0,1,0,96.06709735280388,0,0
East,Store,DSL,Premium,New,1,1,1,1,1,161.63236719398526,3,0
East,Phone,DSL,Premium,New,1,1,1,1,0,136.5856776139696,0,0
North,Online,5G,Premium,New,1,1,1,0,0,155.71392042964055,0,0
North,Online,5G,Standard,Existing,1,1,1,0,0,151.4293008879918,0,0
East,Store,5G,Basic,Existing,0,1,1,1,1,182.42180564432755,1,0
East,Phone,Fiber,Basic,Existing,1,1,1,1,0,164.88275903941818,0,0
West,Store,Fiber,Standard,Existing,1,1,1,1,0,157.05713102420995,0,0
West,Store,DSL,Basic,Existing,1,0,1,1,1,50.84739870040252,1,0
East,Store,DSL,Premium,Existing,1,1,1,1,0,58.48768817989143,1,0
West,Phone,DSL,Premium,Existing,1,1,1,1,0,126.85964687217495,0,0
West,Phone,5G,Standard,Existing,1,1,0,1,0,93.08165993218465,3,0
South,Online,Fiber,Premium,Existing,1,1,1,1,1,121.75905248504641,0,0
West,Phone,DSL,Standard,New,1,1,1,1,1,156.62036872714063,0,0
North,Store,DSL,Premium,Existing,1,1,0,1,1,92.02794625073663,1,0
West,Store,DSL,Basic,New,1,1,1,1,0,178.06398727487985,0,0
West,Online,DSL,Premium,New,1,1,1,1,0,108.68405334753635,1,0
East,Phone,DSL,Standard,Existing,1,1,1,1,0,92.93104225407671,1,0
North,Store,DSL,Basic,Existing,1,1,1,0,1,121.96933477462075,0,0
West,Online,Fiber,Standard,Existing,0,1,0,1,1,122.00281139964234,3,1
West,Online,DSL,Basic,Existing,1,1,1,1,0,177.36635829645587,1,0
South,Store,Fiber,Basic,Existing,1,1,1,1,0,70.58378797411807,0,0
West,Store,5G,Premium,Existing,1,1,1,1,1,123.00285833112434,0,0
West,Phone,Fiber,Premium,New,0,1,1,1,0,169.82477786198982,0,0
South,Online,5G,Basic,New,1,0,1,0,1,146.8928728664248,0,1
East,Store,Fiber,Premium,Existing,1,1,1,1,0,129.04729957565706,1,0
West,Online,Fiber,Premium,New,1,1,1,1,1,175.95225814844517,0,0
South,Phone,DSL,Standard,New,1,1,1,1,1,163.7294695906908,1,0
North,Store,Fiber,Premium,New,1,1,1,1,1,50.089203953020274,0,0
East,Phone,Fiber,Basic,New,1,1,0,1,1,111.71425664399777,1,0
North,Online,DSL,Premium,New,0,1,1,1,1,152.66791398480152,0,0
North,Phone,5G,Basic,New,0,1,1,1,0,142.35309769761525,0,0
South,Phone,DSL,Basic,Existing,1,1,1,1,0,94.06155034663541,1,0
West,Online,DSL,Standard,New,0,1,1,1,1,110.21703646402086,0,0
South,Phone,DSL,Basic,New,1,0,1,1,1,121.1932408060509,1,0
South,Online,5G,Basic,New,1,1,1,0,0,108.55113365146855,1,0
South,Store,Fiber,Standard,New,1,1,1,1,0,158.67450989927846,0,0
South,Online,Fiber,Basic,Existing,1,0,1,1,1,118.73302547998911,0,0
East,Online,DSL,Standard,New,1,1,1,1,0,167.62624222813105,0,0
West,Store,DSL,Basic,Existing,0,1,1,1,1,112.47541051624323,1,0
North,Online,Fiber,Premium,New,1,1,1,1,1,46.68461095323059,0,0
North,Store,Fiber,Standard,Existing,1,1,1,1,1,177.47560942189676,0,0
West,Store,Fiber,Standard,New,1,1,1,1,0,157.38870530716898,1,0
North,Online,5G,Basic,New,1,1,1,1,1,67.53348617744103,0,0
West,Phone,5G,Standard,New,1,1,1,0,0,94.63447893349498,0,0
North,Phone,DSL,Basic,Existing,1,1,0,1,1,50.343949669532435,0,0
South,Store,5G,Standard,Existing,0,1,0,0,1,116.9337803316482,0,1
North,Phone,DSL,Standard,Existing,0,1,1,1,1,113.09707458678625,1,0
West,Phone,Fiber,Premium,Existing,1,1,1,1,0,68.94846178901994,1,0
West,Online,Fiber,Basic,New,1,1,1,1,0,69.65410950833368,0,0
West,Store,DSL,Premium,New,1,1,1,1,0,79.17861665137339,1,0
West,Store,Fiber,Standard,Existing,1,1,1,1,0,153.4716642571995,0,0
West,Online,DSL,Basic,New,1,1,1,1,0,92.37331896354834,1,0
East,Phone,DSL,Premium,New,0,1,1,1,0,132.80124266990006,1,0
East,Store,DSL,Standard,New,1,1,1,0,1,78.36065814518314,0,0
North,Phone,5G,Premium,Existing,1,1,0,1,0,177.6598242464354,2,0
West,Store,DSL,Standard,Existing,1,1,1,1,0,151.0818415931608,1,0
North,Store,DSL,Standard,New,1,0,1,1,0,198.09757572396683,0,0
West,Store,DSL,Basic,Existing,1,1,1,1,1,178.88724139451864,0,0
West,Store,5G,Basic,Existing,1,1,1,1,0,61.582816282368746,0,0
East,Phone,Fiber,Basic,Existing,0,0,1,1,1,153.0205704664855,0,1
East,Phone,5G,Standard,Existing,1,1,1,1,1,85.6624751623172,0,0
South,Phone,DSL,Premium,New,1,1,1,1,1,135.1448607641945,0,0
East,Phone,5G,Basic,Existing,1,1,1,1,1,143.59534482733545,0,0
South,Online,Fiber,Basic,Existing,1,1,1,1,0,160.49856091360385,2,0
South,Store,Fiber,Basic,New,1,1,1,1,0,121.34936442361865,1,0
South,Store,DSL,Basic,Existing,1,1,1,1,0,99.77413100921866,1,0
South,Store,Fiber,Standard,New,1,1,0,1,0,191.2404642532772,2,0
South,Online,5G,Premium,New,1,1,1,1,1,93.62884806349206,1,0
North,Phone,5G,Standard,Existing,1,1,1,1,1,86.89549583522478,1,0
East,Store,Fiber,Standard,New,0,1,1,1,0,90.11716902700088,0,0
South,Phone,DSL,Standard,New,1,1,1,1,1,171.9137600190501,0,0
West,Phone,DSL,Basic,Existing,1,1,0,1,1,141.56410136580462,1,0
East,Online,5G,Premium,Existing,1,1,1,1,0,69.47701253429307,0,0
East,Online,Fiber,Standard,Existing,1,1,1,1,1,71.22430127363116,1,0
South,Phone,5G,Standard,New,1,1,1,1,0,57.89872586503389,0,0
North,Store,5G,Standard,New,1,0,1,1,0,107.1247054668537,2,1
South,Store,5G,Basic,New,0,1,1,1,1,116.25758440212628,0,0
North,Online,DSL,Basic,New,1,1,1,1,0,96.11378983535698,0,0
West,Online,Fiber,Standard,New,1,1,1,1,0,102.89784640753494,3,0
East,Online,Fiber,Basic,New,1,1,1,1,1,137.648954682123,0,0
West,Online,DSL,Premium,Existing,1,1,1,1,0,127.55279572249879,0,0
North,Online,5G,Basic,New,0,1,0,0,0,110.20195183519368,0,1
North,Online,5G,Standard,New,1,0,0,1,0,119.41944954526163,0,1
West,Online,DSL,Premium,Existing,1,1,1,1,1,166.82292050146762,0,0
North,Store,Fiber,Basic,New,1,1,1,1,0,122.57211066901189,1,0
West,Online,DSL,Standard,New,1,1,1,1,0,193.24320783457568,2,0
East,Online,Fiber,Premium,New,1,1,1,1,0,128.40070323572593,0,0
West,Store,Fiber,Premium,Existing,1,1,1,1,1,92.33899059194937,0,0
East,Store,Fiber,Premium,Existing,1,1,1,1,0,190.974471288382,1,0
West,Phone,5G,Basic,Existing,1,1,1,1,1,55.693438433265484,2,0
North,Online,5G,Premium,Existing,1,1,0,1,1,179.73478194786327,0,0
West,Online,DSL,Basic,New,1,1,1,1,0,59.544809431284094,3,0
North,Online,DSL,Standard,New,1,1,1,1,1,142.7679001430194,1,0
West,Online,5G,Basic,Existing,1,1,1,1,1,182.17335076306912,1,0
West,Phone,DSL,Basic,New,1,1,0,1,1,56.995131029497976,1,0
South,Store,5G,Standard,New,1,1,1,1,0,199.9276485689847,2,0
North,Store,5G,Basic,New,1,1,1,1,0,117.10216325501162,0,0
South,Online,Fiber,Basic,Existing,1,1,1,1,0,118.47633883004497,0,0
North,Online,Fiber,Standard,New,1,1,1,1,1,94.85758664011718,0,0
South,Online,5G,Premium,Existing,1,1,1,1,1,103.20510489439181,0,0
East,Phone,Fiber,Standard,New,0,1,1,1,1,112.83379225784331,0,0
West,Phone,5G,Premium,New,1,1,1,1,1,68.67443898292713,0,0
North,Store,Fiber,Basic,Existing,1,1,1,1,0,117.78879223212502,1,0
North,Online,DSL,Standard,Existing,1,1,1,1,0,135.49875806812423,0,0
West,Online,DSL,Premium,New,1,1,0,1,1,44.08663932854046,1,0
North,Online,5G,Basic,Existing,1,1,1,1,0,159.185482197621,0,0
North,Online,5G,Basic,Existing,1,1,1,0,0,129.78827049490693,1,0
South,Phone,Fiber,Basic,New,1,1,0,1,0,57.542448507265945,0,0
North,Store,Fiber,Premium,Existing,1,1,0,0,0,174.82965304243203,0,1
East,Store,5G,Premium,Existing,0,1,1,1,0,119.48369190913441,0,0
East,Phone,DSL,Premium,Existing,1,1,1,1,0,108.06852174692871,2,0
West,Online,DSL,Basic,Existing,1,1,0,1,1,101.30497166201629,0,0
North,Store,5G,Premium,Existing,1,1,1,1,0,165.561594694902,0,0
West,Store,DSL,Standard,Existing,1,1,1,1,0,52.95633076423137,0,0
East,Phone,5G,Premium,New,0,0,0,1,0,152.87061330952355,0,1
North,Online,Fiber,Premium,Existing,1,1,1,1,0,141.94035664054041,2,0
North,Store,DSL,Basic,Existing,1,1,1,1,0,107.74146968378808,1,0
West,Online,DSL,Standard,New,1,1,1,0,1,192.21975496096465,0,0
East,Store,Fiber,Standard,Existing,0,1,1,1,1,128.11525844415712,0,0
North,Phone,Fiber,Standard,Existing,0,1,1,1,0,135.32477348295936,0,0
West,Online,DSL,Premium,New,1,1,1,1,0,162.09777232235035,1,0
East,Phone,DSL,Basic,New,1,1,1,1,0,140.0528242023346,0,0
West,Store,5G,Premium,Existing,1,1,0,1,0,174.86123832732008,0,0
South,Phone,5G,Basic,Existing,1,1,0,1,1,76.63064343335776,1,0
North,Phone,DSL,Standard,New,1,1,0,1,0,165.71970022351863,0,0
South,Phone,5G,Premium,Existing,1,1,1,1,0,50.17329149396515,1,0
East,Store,Fiber,Basic,Existing,0,1,1,1,1,149.3196949247809,0,0
South,Online,5G,Premium,New,1,1,1,1,0,197.66288176299514,0,0
South,Phone,5G,Basic,New,1,1,1,1,1,149.98251500980882,0,0
East,Online,DSL,Standard,New,1,1,1,1,1,92.73898733814664,0,0
West,Store,5G,Premium,Existing,0,1,0,1,0,121.04501999063784,0,0
South,Online,DSL,Standard,New,1,1,1,1,0,198.85097412695768,1,0
West,Phone,DSL,Premium,Existing,0,1,1,1,1,116.6250642898467,0,0
South,Phone,DSL,Premium,New,1,1,1,1,0,166.0452832587585,2,0
West,Phone,Fiber,Basic,New,1,0,1,1,1,69.17111952535058,3,1
East,Phone,5G,Basic,Existing,1,1,1,1,1,174.53648516608237,0,0
South,Phone,5G,Basic,New,1,0,1,1,0,68.21579060054447,1,0
East,Phone,5G,Standard,Existing,1,1,1,1,0,198.98286923954385,0,0
South,Store,DSL,Standard,Existing,0,1,1,1,0,57.247967164661716,0,0
East,Store,Fiber,Premium,Existing,1,1,1,1,1,101.06123414111906,1,0
East,Store,DSL,Basic,Existing,1,1,1,1,0,152.38028622216103,0,0
South,Online,5G,Standard,Existing,1,1,1,1,0,159.22192060426113,0,0
South,Online,DSL,Premium,New,1,1,1,1,0,89.01120819933952,0,0
South,Store,DSL,Standard,New,1,1,0,1,1,135.69669242079704,0,0
North,Online,5G,Premium,Existing,1,1,1,1,1,53.60831387131402,1,0
West,Online,DSL,Basic,Existing,1,1,1,1,0,45.72566196001331,0,0
North,Phone,DSL,Premium,Existing,1,1,1,1,1,61.991448189391974,1,0
North,Phone,Fiber,Premium,Existing,1,0,1,1,1,103.50157421816215,1,0
East,Online,DSL,Basic,New,1,1,1,1,1,118.19261019936297,1,0
South,Online,Fiber,Basic,New,1,1,1,1,1,55.85407273112715,0,0
West,Store,5G,Premium,New,1,1,0,1,1,110.34786564929958,0,0
East,Online,Fiber,Standard,New,0,1,1,1,0,185.68531147379917,1,0
North,Phone,DSL,Basic,New,0,1,1,1,1,135.08380768778375,1,0
South,Online,5G,Premium,New,1,1,1,1,0,89.27638063084447,1,0
East,Store,DSL,Basic,Existing,1,1,1,1,1,70.10155701537556,2,0
South,Phone,DSL,Basic,New,1,1,1,0,1,121.99262558816812,1,0
East,Phone,Fiber,Standard,New,1,0,1,1,1,78.39405926777523,1,0
South,Phone,DSL,Basic,Existing,1,1,1,1,0,190.81317262962386,1,0
North,Phone,Fiber,Premium,Existing,1,1,1,1,1,92.39109378508878,0,0
West,Online,5G,Premium,Existing,1,1,1,1,0,47.21641674884707,0,0
North,Store,5G,Basic,Existing,1,1,1,1,0,165.37384391211134,0,0
West,Online,DSL,Basic,Existing,0,1,1,1,0,166.62622212616267,0,0
South,Online,Fiber,Standard,New,1,1,0,1,0,182.42719942383337,1,0
East,Phone,DSL,Standard,Existing,1,1,0,1,0,171.07242234760915,2,0
North,Store,DSL,Standard,Existing,1,1,1,1,0,87.52970169603745,1,0
West,Phone,DSL,Premium,Existing,0,1,1,1,0,161.91728800916474,2,0
North,Online,DSL,Standard,New,0,1,0,0,1,177.32345080523902,1,1
West,Online,Fiber,Premium,Existing,1,1,1,1,1,175.27876802598269,0,0
North,Phone,DSL,Standard,Existing,1,1,1,1,0,112.74214825572321,2,0
West,Online,5G,Premium,New,1,1,1,1,1,152.42004570515155,4,0
West,Online,Fiber,Basic,Existing,1,1,1,0,0,188.73716785878747,1,0
South,Phone,DSL,Premium,New,1,1,0,1,1,140.09012931774618,2,0
West,Online,Fiber,Basic,New,1,1,1,0,1,91.45711897316104,0,0
South,Store,DSL,Premium,Existing,1,1,1,1,1,52.92169168897226,1,0
West,Phone,5G,Premium,New,1,1,1,1,1,57.89644430151134,0,0
East,Store,5G,Basic,Existing,1,1,1,1,1,116.8643097227882,1,0
East,Online,5G,Premium,Existing,1,1,1,1,1,136.7833749344851,0,0
East,Online,Fiber,Premium,Existing,1,1,1,1,1,68.65911713182291,0,0
West,Phone,5G,Standard,New,0,1,1,1,0,70.02073128837445,1,0
South,Online,DSL,Basic,New,1,0,1,1,1,58.58516628572808,0,0
South,Phone,DSL,Basic,New,1,1,1,1,0,90.93932111972556,1,0
West,Phone,DSL,Standard,New,1,0,1,1,0,132.6501585494449,1,0
East,Phone,Fiber,Standard,New,1,1,1,1,0,149.70799200945058,0,0
East,Phone,Fiber,Basic,Existing,1,1,1,1,0,185.7210725812021,0,0
South,Phone,5G,Basic,Existing,1,1,0,1,0,135.46487967262723,1,0
East,Store,Fiber,Basic,Existing,1,1,1,1,0,76.97810770665467,0,0
North,Phone,DSL,Standard,New,1,1,1,1,0,156.37984475751693,0,0
South,Store,DSL,Standard,New,0,1,0,1,0,182.90865298458317,0,0
East,Online,DSL,Premium,New,0,1,1,1,1,73.56682724778526,1,0
South,Phone,Fiber,Standard,Existing,0,1,1,1,0,163.7633589895721,2,0
North,Online,DSL,Premium,Existing,0,0,1,1,1,169.1043024281645,0,1
South,Phone,5G,Premium,New,1,0,1,1,1,89.02100869260553,1,0
South,Store,Fiber,Standard,Existing,1,1,1,1,1,120.02453647703605,0,0
South,Store,DSL,Standard,New,0,1,1,0,0,106.43187544743077,2,1
South,Store,DSL,Standard,Existing,1,1,1,1,0,80.07008664026026,0,0
North,Online,Fiber,Standard,New,1,1,0,1,0,122.4730723074851,1,0
West,Phone,Fiber,Basic,New,1,1,1,1,1,179.92230728203918,1,0
South,Online,5G,Standard,Existing,1,1,1,1,1,51.391192569052926,1,0
South,Store,Fiber,Premium,Existing,1,1,1,1,1,185.83109686178065,0,0
East,Online,DSL,Premium,New,1,1,0,1,0,48.84616218036088,0,0
South,Store,5G,Basic,Existing,1,0,1,1,1,111.38157443188278,0,0
East,Store,DSL,Basic,Existing,1,1,1,1,0,44.25901204113817,0,0
West,Store,DSL,Standard,Existing,0,1,1,1,0,155.66155906075048,0,0
North,Phone,DSL,Basic,New,1,1,1,1,0,58.06929763843526,0,0
North,Phone,Fiber,Standard,Existing,1,1,1,1,1,173.6395574788964,1,0
West,Store,Fiber,Standard,Existing,1,1,1,1,0,183.7227559065658,0,0
North,Online,DSL,Basic,Existing,1,1,1,1,1,104.51089578869548,0,0
West,Online,Fiber,Basic,Existing,1,0,1,1,0,197.7484376531596,0,0
West,Phone,DSL,Premium,New,0,1,1,0,1,103.57975472996489,0,1
West,Store,Fiber,Basic,New,1,0,1,1,0,113.1804818414089,2,1
North,Online,Fiber,Basic,New,1,1,1,1,0,107.11301012086773,2,0
East,Store,Fiber,Basic,Existing,1,0,1,1,0,127.14383742182379,1,0
West,Online,5G,Premium,New,1,1,0,1,0,187.14147306750073,1,0
South,Phone,Fiber,Standard,Existing,1,1,0,1,1,57.25977460265959,0,0
North,Store,5G,Premium,New,1,1,0,1,0,103.112811465741,1,0
West,Store,5G,Basic,New,1,1,1,1,0,97.07076014147083,2,0
West,Online,5G,Basic,Existing,1,1,1,1,0,55.985483813758954,0,0
South,Online,DSL,Basic,Existing,1,1,0,1,1,164.13613281747848,1,0
East,Online,Fiber,Standard,Existing,1,1,1,1,0,62.16148426959221,1,0
East,Store,DSL,Premium,New,1,0,1,1,0,47.48566797499375,0,0
East,Phone,5G,Premium,Existing,1,1,1,1,1,195.7759800795686,0,0
West,Phone,Fiber,Standard,Existing,0,1,0,1,0,151.5647176991905,1,0
West,Online,DSL,Premium,Existing,1,1,1,1,0,156.7564650910717,1,0
West,Phone,5G,Standard,New,1,1,1,1,0,132.0068354157654,0,0
North,Online,DSL,Standard,Existing,1,1,1,1,0,67.41471535092404,1,0
South,Phone,DSL,Premium,New,1,1,1,1,1,125.44264257929862,1,0
West,Store,Fiber,Premium,New,1,1,1,1,1,164.27639598255695,0,0
South,Online,Fiber,Standard,Existing,1,1,1,0,0,153.35765374814883,0,0
South,Phone,DSL,Premium,Existing,1,1,1,1,1,142.68821490395501,0,0
East,Store,Fiber,Standard,Existing,1,0,1,1,0,53.16510160894089,1,0
North,Phone,Fiber,Premium,Existing,1,1,1,1,0,143.6126934978342,0,0
West,Store,DSL,Premium,New,1,1,1,1,0,50.74850443208845,0,0
East,Store,Fiber,Premium,Existing,1,1,1,1,0,186.83016818110164,0,0
East,Phone,Fiber,Premium,Existing,1,1,1,1,1,176.67608626723467,0,0
West,Phone,5G,Premium,New,1,1,1,1,1,43.739021141310346,3,0
South,Store,Fiber,Basic,New,1,1,0,1,1,74.21358651461298,0,0
East,Store,5G,Basic,Existing,1,1,1,1,0,131.07809238686542,1,0
South,Store,DSL,Premium,Existing,0,1,1,1,1,47.18309445777733,0,0
North,Online,5G,Premium,Existing,1,0,1,1,0,185.5562081464244,2,1
South,Store,DSL,Premium,Existing,1,1,1,1,0,183.79265859061667,0,0
North,Online,Fiber,Standard,Existing,1,1,1,1,0,67.05143520326061,0,0
South,Store,Fiber,Basic,New,1,1,1,1,1,187.2855242050691,0,0
East,Online,5G,Standard,New,1,1,1,1,0,152.4895331778646,3,0
East,Store,DSL,Basic,New,1,1,1,1,0,113.90771475966932,1,0
North,Store,Fiber,Basic,Existing,1,1,1,1,0,113.49089855822749,0,0
West,Store,5G,Premium,Existing,0,1,1,1,1,90.37814279725238,1,0
North,Phone,5G,Premium,Existing,1,1,0,1,0,133.72003907132796,1,0
North,Phone,5G,Standard,Existing,1,1,1,1,0,136.26858612554295,1,0
South,Store,Fiber,Standard,New,1,1,1,1,0,67.22646456103101,0,0
South,Online,DSL,Premium,New,1,1,1,1,0,117.41782640033176,1,0
North,Online,Fiber,Premium,Existing,1,1,1,1,1,57.65766580828142,1,0
East,Store,Fiber,Basic,Existing,1,1,1,1,1,163.68789518624135,0,0
South,Phone,DSL,Basic,Existing,1,1,1,1,0,167.22820125999954,1,0
West,Online,5G,Premium,New,1,1,1,1,0,176.891782915489,0,0
South,Phone,Fiber,Basic,New,1,0,1,1,0,47.24470380861266,1,0
South,Online,5G,Standard,Existing,1,1,0,1,1,146.60548040814598,1,0
West,Store,5G,Basic,Existing,1,1,1,1,0,180.1365415920352,1,0
North,Phone,DSL,Premium,New,1,1,0,1,0,93.64811810537296,0,0
West,Online,DSL,Basic,Existing,1,1,1,1,1,166.7664056898637,0,0
North,Store,DSL,Premium,New,1,1,0,1,0,40.913934526573485,1,0
North,Store,5G,Basic,Existing,1,1,1,1,1,146.4448971490292,0,0
North,Store,5G,Standard,New,1,1,1,1,0,78.5098170814027,0,0
West,Phone,Fiber,Standard,Existing,1,1,1,1,1,52.50972797938638,0,0
North,Phone,5G,Premium,New,1,1,0,1,0,120.03420253787147,0,0
East,Store,DSL,Premium,New,1,1,1,1,0,98.65009106952937,1,0
West,Phone,DSL,Premium,Existing,1,1,1,1,1,135.46229141314944,1,0
East,Online,DSL,Basic,New,1,1,1,1,0,176.98730073556607,3,0
North,Store,DSL,Basic,Existing,1,1,1,1,0,102.72668499889303,0,0
South,Store,5G,Basic,New,0,1,1,1,0,188.27677669316648,4,0
North,Phone,DSL,Standard,Existing,0,1,1,1,0,82.95787086894103,1,0
East,Store,Fiber,Premium,Existing,1,1,1,1,1,164.46738056404888,3,0
East,Online,5G,Basic,New,1,1,1,1,1,142.5037603410747,2,0
West,Phone,DSL,Standard,Existing,1,0,1,1,1,122.43710899726378,0,0
South,Phone,Fiber,Premium,Existing,1,0,1,1,0,111.88764304374291,0,0
West,Store,DSL,Standard,Existing,0,1,1,1,1,186.17837703734796,1,0
East,Store,5G,Premium,Existing,1,1,1,1,0,143.7396573905969,2,0
North,Store,5G,Basic,New,1,1,1,1,1,97.78255124897869,1,0
South,Phone,Fiber,Standard,New,1,1,1,0,1,128.35424900322218,1,0
North,Store,5G,Standard,Existing,1,1,1,1,1,128.19961612155248,0,0
North,Online,Fiber,Standard,New,1,1,1,1,0,180.3187454565066,0,0
South,Store,DSL,Premium,Existing,1,1,1,1,0,46.65175124366259,1,0
West,Store,5G,Premium,Existing,1,1,1,1,0,110.52699858146653,1,0
North,Phone,DSL,Standard,Existing,1,1,1,1,1,121.62039309540378,0,0
East,Store,DSL,Premium,New,0,1,1,1,0,64.31374666467161,1,0
North,Phone,5G,Standard,Existing,1,1,1,1,1,40.1252452669501,1,0
South,Store,DSL,Basic,Existing,1,1,0,1,0,40.34177201354785,0,0
South,Online,Fiber,Standard,New,1,1,1,1,0,197.49803785958164,1,0
South,Online,Fiber,Standard,Existing,1,1,0,1,0,52.144439589289355,0,0
West,Phone,Fiber,Premium,New,0,1,1,1,0,54.43647959359035,1,0
North,Phone,5G,Premium,New,1,1,1,1,1,59.88304048291903,1,0
West,Store,DSL,Premium,New,1,1,1,1,1,198.20044469679792,1,0
West,Store,DSL,Basic,Existing,1,1,1,1,0,159.1429650653791,1,0
South,Online,DSL,Basic,Existing,1,1,0,1,1,105.38762968014396,0,0
South,Store,DSL,Basic,Existing,1,1,0,0,0,197.9270072173952,2,1
West,Online,Fiber,Premium,Existing,1,1,0,1,1,129.6588809484572,3,0
North,Phone,5G,Standard,Existing,1,1,1,1,1,169.12299465453395,1,0
East,Store,Fiber,Standard,Existing,1,1,1,1,0,52.09374183820303,1,0
West,Phone,Fiber,Standard,Existing,1,1,1,1,0,190.29206488839347,2,0
North,Store,5G,Premium,Existing,1,1,1,1,0,192.40324498274373,2,0
South,Online,5G,Premium,Existing,1,1,1,1,0,178.16675070274226,2,0
South,Phone,Fiber,Basic,Existing,1,1,0,1,0,65.76668744091974,2,0
North,Phone,DSL,Premium,Existing,1,1,1,1,0,40.52624865126758,1,0
East,Store,5G,Standard,Existing,1,1,1,1,0,183.75736050562094,0,0
South,Phone,5G,Basic,New,1,0,1,1,1,89.1392479028807,1,0
South,Online,Fiber,Basic,New,1,1,1,1,0,98.0830760434762,2,0
South,Phone,DSL,Premium,Existing,1,1,1,1,0,115.2513182162952,0,0
North,Phone,5G,Basic,Existing,1,1,1,1,0,90.82325195555804,0,0
West,Store,Fiber,Basic,New,1,0,1,1,0,135.16617283045045,2,1
South,Phone,5G,Premium,New,0,1,1,1,0,104.54792282817685,0,0
West,Store,DSL,Basic,Existing,1,1,1,1,1,157.0789118306966,0,0
East,Store,Fiber,Standard,Existing,1,1,1,1,1,45.10492938639608,2,0
South,Phone,Fiber,Premium,Existing,1,0,0,1,0,72.80944427844504,0,1
South,Online,DSL,Standard,Existing,1,1,0,1,0,186.34967066008835,1,0
East,Store,Fiber,Standard,Existing,1,1,1,1,0,47.24086678060303,0,0
South,Phone,DSL,Standard,New,1,0,1,1,1,116.39543672468052,0,0
West,Store,Fiber,Standard,Existing,1,1,1,1,0,69.02449278522889,1,0
North,Online,DSL,Basic,New,1,1,0,1,0,164.62307907454908,2,0
West,Online,5G,Basic,New,1,1,1,1,0,123.15398043043609,1,0
North,Store,5G,Premium,Existing,0,1,1,1,1,154.9933332639499,0,0
North,Online,5G,Premium,Existing,1,1,1,1,0,172.7178890428088,0,0
West,Phone,Fiber,Standard,New,0,1,1,0,0,160.17439900912004,0,1
West,Phone,DSL,Standard,Existing,1,1,1,1,0,105.4641125957903,1,0
West,Store,DSL,Premium,New,1,1,1,1,1,112.81750024252757,0,0
West,Online,5G,Premium,New,0,1,1,1,1,144.80083655829725,1,0
East,Phone,5G,Premium,Existing,1,1,1,1,0,159.70565674280758,1,0
South,Phone,5G,Premium,Existing,0,0,0,1,0,99.54275423922593,0,1
North,Phone,DSL,Standard,Existing,1,1,1,1,0,164.51210759537284,1,0
West,Store,5G,Premium,New,1,1,1,1,0,40.789077953066624,0,0
West,Store,Fiber,Basic,New,1,0,1,1,0,185.93445385053298,1,0
West,Phone,5G,Standard,New,1,1,1,0,0,135.3218366207691,1,0
East,Phone,5G,Basic,Existing,1,1,1,1,1,130.49839992759388,1,0
West,Online,DSL,Premium,New,1,1,1,1,0,129.78805783315727,1,0
West,Online,Fiber,Basic,Existing,0,1,1,1,0,46.38662784621671,0,0
West,Online,DSL,Premium,Existing,1,1,1,1,0,191.9069101835991,0,0
South,Store,Fiber,Basic,New,1,1,1,1,0,162.25869763026748,0,0
East,Phone,Fiber,Standard,Existing,1,1,1,1,0,154.52322663717368,1,0
West,Store,5G,Basic,New,1,1,1,1,0,152.17918509869293,2,0
North,Phone,5G,Standard,Existing,1,1,1,1,0,126.98262737161856,1,0
North,Online,DSL,Basic,Existing,1,1,1,0,0,139.6287929485057,1,0
North,Online,DSL,Basic,New,1,0,1,1,1,187.90582534983656,0,0
East,Online,DSL,Standard,Existing,1,1,1,1,0,97.68446222548152,0,0
East,Online,Fiber,Standard,New,1,1,1,1,0,135.6285478173987,1,0
North,Phone,DSL,Premium,Existing,1,1,1,1,1,102.46083190859468,1,0
West,Online,Fiber,Standard,New,0,1,1,1,0,58.998388545384216,0,0
East,Phone,Fiber,Standard,New,0,1,1,1,1,63.121779739760115,2,0
North,Phone,Fiber,Premium,Existing,1,1,1,1,1,50.3425110729377,1,0
North,Store,Fiber,Standard,Existing,1,1,1,1,1,102.39273995915295,0,0
West,Online,Fiber,Standard,New,1,1,1,1,1,95.87204959981236,2,0
South,Online,5G,Basic,New,1,1,1,1,0,59.80308908297598,0,0
East,Store,Fiber,Premium,New,0,1,1,1,0,111.85452317538912,0,0
West,Phone,Fiber,Premium,New,1,1,1,1,1,74.08576736485314,0,0
North,Online,5G,Basic,Existing,1,1,1,1,1,56.19283760976133,2,0
North,Phone,5G,Premium,Existing,1,1,1,1,1,91.50809182065133,1,0
West,Store,5G,Basic,Existing,0,1,1,1,0,147.88111536509967,0,0
East,Phone,DSL,Standard,Existing,1,1,1,1,0,45.959739435360646,1,0
South,Online,DSL,Premium,Existing,1,1,1,1,0,149.77766941149724,0,0
South,Phone,Fiber,Standard,New,1,0,1,1,0,62.8340451142879,1,0
North,Phone,Fiber,Premium,New,1,0,1,1,0,185.38476614502144,1,0
East,Online,Fiber,Standard,Existing,1,1,1,1,0,55.60877419580663,2,0
South,Online,Fiber,Premium,Existing,1,1,1,1,0,70.62198770856413,2,0
East,Phone,5G,Premium,New,1,1,1,1,0,76.41999718483362,0,0
East,Phone,DSL,Standard,Existing,0,1,1,1,1,146.15940186872436,1,0
North,Store,5G,Basic,Existing,0,1,1,1,1,169.77912150666367,0,0
South,Online,DSL,Premium,New,1,1,1,1,1,124.72650407389429,2,0
West,Phone,5G,Basic,Existing,1,1,0,1,0,159.06539760676438,0,0
North,Online,Fiber,Basic,Existing,0,1,0,1,1,181.9943989562542,0,0
South,Store,DSL,Basic,Existing,1,1,1,1,1,137.70093360257025,0,0
South,Phone,Fiber,Basic,Existing,1,1,1,1,0,89.67173050096656,0,0
South,Phone,DSL,Basic,New,0,0,1,1,0,64.4965715115215,1,1
South,Phone,DSL,Basic,Existing,1,1,1,1,0,134.1937661290865,1,0
South,Online,Fiber,Premium,Existing,1,1,1,1,0,173.83003027436547,0,0
East,Store,Fiber,Basic,New,1,1,1,1,0,70.45862404858299,0,0
North,Online,Fiber,Premium,New,1,1,1,1,0,199.9165077919971,0,0
East,Phone,5G,Premium,New,1,1,1,1,0,60.3353952139981,1,0
West,Store,DSL,Premium,Existing,1,0,1,1,0,46.254713487866894,2,1
South,Phone,DSL,Standard,New,1,1,1,1,1,149.74953755083698,0,0
North,Phone,DSL,Basic,New,1,1,1,0,1,98.40895837919354,0,0
South,Online,Fiber,Standard,Existing,1,1,1,1,1,147.26943199988403,1,0
North,Phone,DSL,Basic,New,1,1,1,1,0,68.96004482447523,0,0
East,Store,DSL,Standard,Existing,1,1,1,1,1,69.88539206837964,0,0
North,Phone,Fiber,Premium,Existing,0,1,1,1,0,120.37521938162429,1,0
West,Phone,Fiber,Standard,Existing,1,1,1,1,0,191.24333474517354,0,0
West,Online,DSL,Premium,New,1,0,1,1,0,100.06417724897638,0,0
North,Store,5G,Standard,Existing,0,1,1,0,0,51.66436296564862,0,1
North,Online,Fiber,Basic,New,1,1,1,1,0,157.95095314847904,0,0
North,Phone,5G,Basic,New,1,1,0,1,0,187.5559411299686,5,0
North,Online,5G,Standard,Existing,0,1,1,0,1,98.11280943756257,1,1
West,Online,5G,Standard,Existing,1,0,1,1,1,113.13115079440499,0,0
South,Online,5G,Basic,New,1,1,1,1,0,192.2338574625348,1,0
North,Online,Fiber,Standard,Existing,0,1,1,1,0,159.68672222005213,1,0
North,Phone,DSL,Standard,New,0,1,1,1,0,147.0607585135886,2,0
West,Phone,DSL,Basic,New,1,1,1,1,0,60.55674293542259,0,0
West,Store,Fiber,Premium,New,0,1,1,1,0,133.0105820488615,1,0
East,Online,Fiber,Basic,New,1,1,1,1,0,177.6089708365895,0,0
North,Online,5G,Basic,New,1,1,1,1,0,156.24280638358084,0,0
East,Store,5G,Standard,New,0,0,1,1,1,58.58576415175273,2,1
West,Online,Fiber,Basic,Existing,1,1,1,1,0,147.40919886752843,0,0
West,Store,DSL,Basic,New,1,1,0,1,0,168.7676645832612,1,0
South,Phone,5G,Standard,New,1,1,1,1,0,101.0653682638073,0,0
North,Store,Fiber,Standard,Existing,1,1,1,1,1,160.65505339661414,1,0
East,Online,Fiber,Premium,Existing,1,1,1,1,0,153.96005373786988,1,0
West,Store,Fiber,Basic,New,0,1,1,1,0,93.19639546260885,2,0
West,Phone,5G,Premium,New,1,1,1,1,0,158.76584560766335,1,0
East,Online,Fiber,Premium,New,1,1,0,1,1,142.3407722060042,1,0
South,Phone,DSL,Premium,Existing,1,1,1,1,0,89.92239091994514,1,0
West,Phone,Fiber,Premium,New,1,1,1,1,0,125.77739674136772,0,0
North,Store,5G,Basic,New,1,1,1,1,1,113.10181992216172,1,0
West,Phone,DSL,Basic,Existing,1,1,0,1,0,48.08826325600002,1,0
North,Online,DSL,Basic,Existing,1,1,1,1,1,149.27756419888456,0,0
East,Phone,Fiber,Premium,Existing,1,1,1,0,0,61.819502977284095,2,1
North,Phone,Fiber,Standard,New,1,1,1,0,1,78.7622762366645,2,1
East,Store,DSL,Basic,Existing,1,1,0,0,0,193.31952716508547,1,1
North,Phone,Fiber,Premium,New,1,1,1,1,1,76.91996851512421,0,0
East,Store,5G,Premium,Existing,1,1,1,1,0,102.69784099567448,0,0
North,Store,DSL,Premium,Existing,1,1,1,1,0,193.586038145286,0,0
South,Online,Fiber,Premium,New,1,0,1,1,1,160.04670867516774,2,1
North,Online,DSL,Premium,New,1,1,1,1,0,148.88324762033687,0,0
North,Online,Fiber,Premium,Existing,1,1,0,1,0,171.3343945967209,0,0
South,Online,Fiber,Basic,New,1,1,1,1,0,49.50171152584037,3,0
West,Store,5G,Standard,New,1,1,0,1,0,181.94236548555517,1,0
West,Phone,Fiber,Basic,Existing,1,1,0,1,0,80.35809633564838,2,0
North,Online,Fiber,Basic,New,1,1,1,1,0,64.57375760176284,0,0
South,Online,Fiber,Premium,New,1,1,1,1,0,172.72171094453225,0,0
North,Online,5G,Basic,Existing,0,1,1,0,0,84.86171618117501,0,1
East,Phone,Fiber,Standard,New,1,1,1,1,0,78.16954935392972,1,0
East,Online,Fiber,Standard,New,1,1,1,1,0,166.539173096938,1,0
North,Phone,Fiber,Premium,New,1,1,1,1,1,48.916021583480074,2,0
West,Store,DSL,Standard,Existing,1,1,1,0,1,52.18646003795216,2,1
West,Store,5G,Premium,New,1,1,0,1,1,170.07845901082288,0,0
North,Store,DSL,Standard,New,1,1,0,1,1,107.01972941360624,0,0
North,Phone,5G,Standard,New,1,0,1,1,0,175.41967943044003,1,0
East,Online,5G,Basic,New,1,0,1,0,0,166.29532510295965,1,1
West,Online,DSL,Standard,New,1,1,1,1,1,129.21689647432936,1,0
North,Online,5G,Premium,Existing,1,1,1,1,0,159.92848305677077,0,0
East,Online,5G,Standard,New,1,1,1,1,0,62.91175792058407,1,0
West,Online,DSL,Standard,Existing,1,1,0,1,1,70.46157867986582,0,0
South,Phone,Fiber,Basic,New,1,1,1,0,1,174.82073125586322,0,0
East,Store,5G,Premium,Existing,1,1,1,1,0,94.60370506713599,1,0
West,Online,DSL,Premium,New,1,0,1,1,0,40.7926559297589,0,0
West,Store,5G,Premium,Existing,1,1,1,1,1,192.53601794709175,1,0
East,Phone,DSL,Basic,New,1,1,1,1,0,153.89169787975595,0,0
South,Phone,Fiber,Standard,New,1,1,1,1,1,175.26121393187725,0,0
East,Online,5G,Premium,New,1,1,1,1,0,186.03945844594642,1,0
West,Phone,Fiber,Standard,New,1,1,1,1,1,140.99737378354143,2,0
North,Store,Fiber,Standard,Existing,0,1,1,1,1,120.49343633395816,0,0
North,Online,DSL,Standard,New,0,1,1,1,0,64.13150848458645,0,0
East,Online,5G,Basic,New,1,0,1,1,0,70.16292414272166,1,0
West,Store,5G,Standard,New,1,1,1,1,1,112.09895796897678,0,0
North,Online,5G,Basic,New,1,1,1,0,0,50.671100592668296,3,1
West,Online,5G,Basic,Existing,0,1,1,1,0,165.87927341297353,0,0
East,Store,5G,Basic,New,1,1,1,1,0,129.34868104105777,0,0
North,Online,DSL,Premium,New,1,1,0,1,1,188.16613999353282,1,0
West,Online,5G,Basic,New,1,1,1,1,0,139.95601147029654,2,0
North,Store,Fiber,Premium,New,1,1,1,0,0,195.55026148573495,0,0
East,Phone,Fiber,Basic,Existing,1,1,1,1,0,84.59983458170865,1,0
West,Store,5G,Basic,New,0,1,1,1,1,95.98612379237132,2,0
North,Online,DSL,Basic,Existing,1,1,1,0,0,107.73158699815659,1,0
East,Store,DSL,Basic,New,1,1,1,1,0,87.25403508146839,2,0
North,Online,5G,Standard,Existing,1,1,1,0,1,167.30477967614414,0,0
North,Online,Fiber,Standard,Existing,1,0,1,1,0,125.36418717208832,0,0
South,Store,5G,Basic,New,1,1,1,1,1,112.81860782260708,1,0
South,Online,5G,Standard,New,1,1,0,1,0,113.01766549236282,3,0
East,Phone,5G,Premium,New,1,1,1,1,0,170.30984007657332,0,0
South,Online,DSL,Standard,New,1,0,0,1,1,78.56403214110883,1,1
East,Store,DSL,Standard,Existing,1,1,1,1,0,91.34773729500714,1,0
South,Phone,Fiber,Standard,Existing,0,1,1,0,0,188.72833033609166,0,1
North,Phone,Fiber,Basic,Existing,1,1,1,0,1,103.56156522673182,0,0
East,Online,5G,Premium,Existing,1,1,1,1,1,199.30423348029558,1,0
East,Store,Fiber,Basic,New,1,1,1,1,0,109.97675130056022,0,0
North,Online,5G,Premium,New,1,1,1,1,0,107.61087425302881,0,0
East,Online,Fiber,Basic,Existing,1,0,1,1,1,134.94972032075742,1,0
East,Store,5G,Standard,New,1,1,1,1,0,175.46873783318023,0,0
South,Store,DSL,Premium,Existing,1,1,1,1,1,155.08488594630097,2,0
East,Online,5G,Standard,Existing,1,1,1,1,0,161.86388336941178,0,0
West,Phone,DSL,Premium,Existing,1,1,1,1,0,196.30169467987895,0,0
North,Online,DSL,Premium,New,1,1,0,1,0,167.41395228307914,1,0
South,Phone,Fiber,Basic,Existing,0,0,0,1,0,114.75812299032802,0,1
South,Online,Fiber,Basic,Existing,1,1,1,1,0,145.06910841918022,0,0
West,Store,DSL,Standard,Existing,1,1,1,0,0,172.87645756923925,1,0
North,Phone,5G,Standard,New,0,1,0,0,0,67.11576041743322,0,1
North,Store,5G,Premium,New,1,1,1,1,0,95.61777982586447,1,0
South,Store,Fiber,Premium,Existing,1,1,1,1,1,136.7643685592195,0,0
East,Store,5G,Basic,New,1,1,1,1,1,100.80920369689218,1,0
South,Store,5G,Basic,New,0,1,1,0,0,48.65473766287437,0,1
North,Store,5G,Basic,New,1,1,1,1,0,190.4498912218758,3,0
West,Online,DSL,Basic,New,1,0,1,1,0,126.37653504188305,1,0
South,Phone,DSL,Basic,Existing,1,1,1,1,0,141.55235346939423,0,0
North,Online,5G,Premium,Existing,1,1,1,1,1,155.11081709344248,1,0
South,Online,Fiber,Premium,Existing,1,1,1,1,1,45.820450396289196,3,0
East,Online,5G,Standard,Existing,1,1,0,1,1,69.0902720334988,3,0
South,Store,Fiber,Premium,New,1,1,1,1,0,184.5593684042547,1,0
South,Online,DSL,Basic,Existing,1,1,1,1,0,165.95604762226236,0,0
North,Phone,5G,Premium,New,1,0,1,0,0,50.5721523177419,1,1
North,Online,5G,Premium,Existing,0,0,1,1,0,166.02914819421517,0,1
North,Store,Fiber,Premium,Existing,1,1,1,1,1,183.9637944863581,1,0
South,Phone,Fiber,Standard,New,1,1,1,1,0,66.7276525196653,2,0
East,Phone,5G,Standard,Existing,1,1,1,1,0,50.022585798053555,1,0
West,Phone,5G,Premium,New,1,1,1,1,0,178.08476287998116,0,0
West,Phone,Fiber,Premium,Existing,1,1,1,1,1,136.1258025819222,1,0
North,Online,DSL,Basic,Existing,0,1,1,1,0,198.39933834731733,0,0
North,Store,Fiber,Standard,New,1,1,0,1,0,152.84171053442333,0,0
South,Phone,5G,Basic,Existing,1,1,1,1,0,121.7744103150741,0,0
West,Phone,DSL,Basic,New,1,1,1,0,0,79.2932785520904,1,0
North,Store,DSL,Premium,New,1,1,1,0,1,151.96362258628022,1,0
East,Online,DSL,Premium,Existing,1,1,1,1,0,52.30061314142135,1,0
East,Phone,DSL,Premium,Existing,1,1,1,1,1,106.50582923886893,0,0
North,Online,5G,Basic,New,0,1,0,1,1,95.46571378496076,0,0
North,Online,DSL,Basic,Existing,1,1,1,1,0,136.4684570913803,0,0
West,Online,Fiber,Basic,Existing,1,1,0,1,1,75.51251655669886,1,0
West,Online,Fiber,Premium,New,1,0,1,1,1,66.06883114350802,0,0
South,Phone,Fiber,Premium,New,1,1,1,1,0,63.929199048464596,1,0
West,Phone,5G,Premium,Existing,1,1,1,1,0,89.68489408038891,1,0
East,Online,DSL,Basic,New,1,1,1,1,0,178.15493524282806,0,0
East,Online,Fiber,Basic,Existing,1,0,1,1,0,103.55574953689558,1,0
North,Store,Fiber,Standard,Existing,1,1,1,1,1,182.60419307686448,1,0
West,Store,Fiber,Premium,Existing,1,1,1,0,0,159.58000795349994,0,0
South,Store,DSL,Basic,New,1,1,1,1,0,154.46542840079417,0,0
East,Phone,Fiber,Standard,New,1,1,1,1,0,162.87635473934492,0,0
East,Store,DSL,Basic,Existing,1,1,1,1,1,120.60955886894483,2,0
South,Phone,DSL,Basic,New,1,1,1,1,1,83.05069946170718,1,0
South,Phone,DSL,Premium,New,1,1,0,1,0,68.5824842446969,0,0
East,Phone,5G,Standard,New,1,1,1,1,0,119.5069234784371,0,0
East,Phone,5G,Basic,New,1,1,0,1,1,100.08998770906948,0,0
South,Store,DSL,Standard,New,1,1,0,1,0,145.25321070312293,0,0
East,Online,DSL,Standard,Existing,1,1,0,0,1,95.85723513728871,1,1
North,Online,5G,Premium,New,1,1,1,1,1,49.143577488196364,0,0
North,Online,5G,Standard,New,1,1,1,1,0,100.6754649510914,1,0
South,Store,DSL,Premium,New,1,1,1,1,0,181.51477494214183,0,0
West,Online,5G,Premium,Existing,1,1,0,1,0,153.01185452031328,1,0
South,Store,Fiber,Premium,Existing,0,1,1,1,1,101.75637619512,0,0
South,Store,DSL,Standard,New,0,1,1,1,1,73.67817346889,0,0
West,Store,DSL,Basic,Existing,1,1,1,1,0,130.59198325409588,0,0
West,Online,5G,Premium,New,1,1,1,1,0,189.63999758773218,0,0
West,Online,Fiber,Basic,Existing,1,1,1,1,1,132.82391262784935,2,0
North,Online,5G,Standard,Existing,1,1,1,0,1,182.30154979237656,0,0
East,Phone,Fiber,Basic,New,1,1,1,1,0,152.90143567528563,0,0
North,Store,Fiber,Basic,Existing,0,1,1,1,0,59.230177301742955,1,0
East,Phone,DSL,Premium,New,0,1,1,0,0,152.4653060597752,1,1
North,Store,Fiber,Premium,New,1,1,1,1,0,136.993788184881,0,0
East,Online,DSL,Premium,Existing,1,1,1,1,1,97.67756926132773,1,0
North,Store,Fiber,Standard,Existing,1,1,1,0,0,192.5675016204667,1,0
West,Store,DSL,Basic,Existing,1,1,0,1,1,92.76100773570991,0,0
South,Phone,Fiber,Standard,New,1,1,1,1,0,53.47406997596256,0,0
North,Store,5G,Standard,New,1,1,1,1,1,79.62268585383956,0,0
East,Online,Fiber,Standard,New,1,0,1,1,0,109.81440251699024,0,0
West,Store,5G,Standard,Existing,1,1,1,1,0,182.3730500735036,0,0
North,Store,Fiber,Premium,Existing,1,1,1,1,1,44.594231381163624,1,0
North,Store,Fiber,Basic,Existing,1,1,1,1,0,167.58151598565195,1,0
West,Phone,DSL,Premium,Existing,0,1,1,1,0,84.27736110617633,1,0
North,Store,Fiber,Premium,New,1,1,1,1,0,136.39363106851826,0,0
South,Store,Fiber,Standard,Existing,1,1,1,1,1,100.56365237762549,1,0
North,Phone,Fiber,Premium,New,1,1,1,1,0,82.21124782668277,1,0
South,Phone,5G,Basic,New,1,1,1,1,0,121.18733133775252,1,0
South,Phone,DSL,Standard,New,1,1,1,1,0,99.916051245632,3,0
West,Phone,DSL,Premium,Existing,1,1,1,1,1,102.91979201125918,1,0
North,Online,Fiber,Standard,Existing,1,1,1,1,0,65.76640393382974,0,0
West,Online,Fiber,Basic,Existing,1,1,1,1,1,62.747553333890025,1,0
North,Store,5G,Standard,Existing,0,1,1,1,1,81.79180769178318,1,0
North,Online,Fiber,Premium,Existing,1,0,1,1,0,134.14846012322397,1,0
East,Store,DSL,Premium,Existing,1,1,1,1,1,77.28179583992164,0,0
North,Online,DSL,Basic,Existing,1,1,1,1,0,163.73411562786356,1,0
West,Phone,5G,Basic,Existing,1,1,0,1,1,170.33877955778567,0,0
South,Phone,5G,Standard,Existing,1,1,0,1,1,65.84196729874073,1,0
North,Online,DSL,Premium,Existing,1,1,1,1,1,196.17356038794333,2,0
East,Online,5G,Basic,Existing,1,1,1,1,1,82.6266807061061,2,0
West,Store,Fiber,Basic,Existing,1,1,1,1,0,51.64232888492408,0,0
North,Store,Fiber,Premium,Existing,1,1,0,1,0,110.14190502949135,3,0
West,Store,5G,Basic,Existing,1,1,1,1,0,69.05224386927466,0,0
East,Phone,DSL,Basic,New,1,1,1,1,0,165.5050420579661,1,0
East,Phone,5G,Premium,New,1,1,1,1,0,58.396984749353194,2,0
West,Phone,DSL,Basic,New,1,1,1,0,0,117.37756330215568,1,0
North,Phone,5G,Premium,Existing,1,1,1,1,1,53.388044464045464,1,0
South,Store,5G,Premium,New,1,1,1,1,0,183.79396274845342,0,0
East,Phone,5G,Standard,Existing,0,1,0,1,0,89.3762594213861,0,0
North,Phone,Fiber,Premium,Existing,1,0,1,1,0,138.6864194673012,0,0
North,Phone,Fiber,Basic,New,1,1,0,1,0,156.709621868353,0,0
South,Phone,DSL,Standard,Existing,1,1,1,1,0,45.13442630652911,2,0
East,Online,5G,Standard,Existing,1,1,1,1,0,101.04218003387831,0,0
East,Store,Fiber,Basic,Existing,1,1,1,1,0,85.32241608530174,0,0
North,Store,5G,Standard,Existing,1,1,1,1,1,127.3765476398993,2,0
North,Phone,DSL,Basic,New,1,1,1,1,0,163.35539085444694,1,0
South,Online,Fiber,Standard,Existing,0,1,1,1,1,60.894117310416135,1,0
South,Store,DSL,Basic,New,1,1,0,1,0,116.02671997874592,1,0
East,Store,Fiber,Premium,New,1,1,1,1,1,60.85235708842827,0,0
West,Phone,5G,Premium,Existing,0,1,1,1,0,166.39567044432556,0,0
East,Phone,DSL,Standard,New,1,1,1,1,1,165.60249039226804,1,0
North,Store,Fiber,Standard,Existing,1,1,1,1,1,92.91440803323778,1,0
East,Store,Fiber,Premium,Existing,1,1,1,1,1,92.4880360120733,1,0
West,Online,5G,Basic,New,1,1,1,1,0,135.87818837603947,0,0
South,Store,DSL,Standard,New,1,1,1,1,0,199.56484190765357,0,0
West,Store,DSL,Premium,New,1,1,1,1,1,196.88318704053196,0,0
West,Phone,DSL,Standard,Existing,0,1,0,1,1,90.50751488058161,0,0
West,Store,5G,Premium,New,1,1,1,1,1,172.73349425655448,0,0
South,Phone,Fiber,Premium,New,1,1,0,1,1,90.47704596001748,1,0
West,Store,Fiber,Premium,New,1,1,1,1,0,121.83270941679137,0,0
West,Store,DSL,Basic,Existing,1,0,0,1,0,45.07427922773438,1,1
West,Store,Fiber,Standard,Existing,1,1,1,1,0,190.46696720862036,0,0
North,Online,DSL,Basic,New,1,1,1,1,1,157.55919929190418,0,0
West,Phone,5G,Basic,New,1,1,1,1,0,178.4583410917352,1,0
South,Online,5G,Premium,New,1,1,0,1,1,129.2684971735228,0,0
West,Store,5G,Basic,Existing,1,1,1,1,1,50.47315224238679,1,0
West,Online,DSL,Standard,Existing,1,1,1,1,1,110.26590536037799,1,0
South,Phone,Fiber,Standard,Existing,0,1,1,0,1,98.77663877705697,0,1
West,Store,5G,Premium,Existing,1,1,1,1,0,122.45061785465218,0,0
South,Online,DSL,Premium,Existing,0,1,0,1,0,73.63606258795024,0,0
West,Online,DSL,Standard,New,1,1,1,1,0,112.26380708729933,0,0
South,Phone,5G,Standard,New,0,1,1,1,1,44.706890185879345,1,0
West,Online,5G,Premium,Existing,1,1,1,1,1,63.8566369475968,1,0
West,Phone,5G,Basic,Existing,1,1,1,1,0,179.4324709189251,2,0
North,Store,Fiber,Standard,New,1,1,0,1,0,100.46995142088329,0,0
North,Store,Fiber,Premium,New,1,1,1,1,0,108.64565232118917,2,0
West,Online,DSL,Premium,New,1,1,0,1,1,97.15837611981672,0,0
West,Store,5G,Standard,New,1,1,1,1,1,139.30776739584158,1,0
East,Store,5G,Premium,New,1,1,1,1,1,40.78924685762839,0,0
South,Online,Fiber,Standard,New,1,1,1,1,1,191.74303236680615,1,0
East,Store,5G,Premium,New,1,1,1,1,1,128.67365353693592,1,0
North,Online,DSL,Premium,New,1,1,1,0,0,100.95473130378743,2,1
North,Phone,5G,Basic,New,0,1,1,1,1,178.13125691543678,0,0
North,Phone,Fiber,Premium,New,1,0,1,1,1,119.45813094544201,1,0
North,Phone,DSL,Standard,New,1,1,1,1,1,54.866561441592,0,0
West,Online,DSL,Standard,Existing,1,1,1,1,0,186.05482126629522,1,0
North,Online,5G,Basic,Existing,1,0,1,1,0,101.8544670474985,1,0
West,Store,DSL,Standard,Existing,1,0,0,1,1,131.50900987965898,0,1
West,Store,5G,Premium,New,1,1,1,1,0,191.10331656215766,2,0
North,Store,5G,Basic,New,1,1,1,1,0,87.21829715215137,0,0
North,Store,Fiber,Standard,Existing,0,1,1,1,0,68.47970878839023,1,0
South,Store,DSL,Premium,Existing,0,1,0,1,1,178.45977023716767,0,0
East,Online,5G,Basic,New,0,1,1,1,1,123.5240051103416,1,0
North,Online,5G,Premium,New,1,1,1,1,0,151.22428633426327,0,0
South,Phone,5G,Standard,New,1,1,1,1,0,57.702944256636535,0,0
South,Phone,DSL,Standard,Existing,1,1,1,1,0,151.39780229994955,3,0
East,Phone,DSL,Standard,New,1,1,1,1,0,131.85275254544734,3,0
West,Phone,DSL,Standard,New,1,1,1,1,0,92.4467101640266,0,0
North,Online,5G,Basic,New,1,1,1,1,0,175.93842237813234,2,0
East,Online,DSL,Standard,New,1,1,1,1,1,113.68907628381827,1,0
North,Online,5G,Basic,Existing,1,1,1,1,1,105.40302911645168,0,0
South,Store,DSL,Basic,Existing,1,0,1,1,0,69.3442480946708,0,0
South,Store,DSL,Premium,New,1,1,1,1,0,80.74239655791555,0,0
West,Phone,5G,Standard,Existing,1,1,1,1,0,83.72000691712452,1,0
South,Store,DSL,Premium,Existing,0,0,1,1,0,104.92755916875701,0,1
South,Online,5G,Premium,New,1,1,0,1,1,120.134448307182,0,0
East,Phone,DSL,Premium,Existing,1,0,1,1,1,198.44694531833656,0,0
North,Phone,DSL,Premium,New,1,1,1,1,0,127.20134755567948,0,0
North,Store,DSL,Premium,New,1,1,1,1,0,114.74300420222062,1,0
East,Phone,DSL,Standard,Existing,1,1,1,1,1,142.3565131298506,0,0
West,Store,Fiber,Premium,New,1,1,1,1,0,160.89111403419204,0,0
North,Store,5G,Basic,New,1,1,1,1,0,196.70312716588188,1,0
South,Phone,Fiber,Basic,New,1,1,1,1,0,199.69527217468806,1,0
North,Store,DSL,Standard,New,1,1,0,1,1,177.74295100125602,0,0
South,Store,DSL,Basic,Existing,0,1,0,1,0,46.806838887165455,1,0
West,Store,5G,Premium,New,1,1,0,0,1,46.708162251214404,0,1
East,Store,5G,Basic,Existing,1,1,1,1,1,91.69780456091308,0,0
North,Phone,5G,Premium,Existing,1,1,1,1,1,178.85937119424713,1,0
East,Online,5G,Standard,Existing,1,1,1,1,0,161.81538965022926,0,0
North,Online,DSL,Basic,New,1,1,0,1,0,140.69342505360024,0,0
South,Store,5G,Basic,Existing,1,1,1,0,1,70.84765736257421,0,0
East,Store,Fiber,Basic,Existing,0,1,1,1,0,195.43477741094205,2,0
North,Store,5G,Standard,Existing,1,1,1,1,0,183.7776013584739,1,0
South,Online,5G,Standard,Existing,1,1,1,1,0,186.12989752626086,0,0
East,Store,Fiber,Basic,Existing,0,1,1,1,0,121.23953839489425,1,0
East,Phone,Fiber,Standard,Existing,1,0,1,0,1,98.86098693198603,2,1
North,Phone,Fiber,Premium,Existing,1,1,1,1,1,141.94145571389393,0,0
North,Phone,Fiber,Standard,New,1,1,1,1,1,145.00785585246007,0,0
North,Online,5G,Basic,New,1,0,1,1,0,188.37734473358393,1,0
South,Store,Fiber,Premium,Existing,0,1,1,1,1,131.44118175221308,0,0
North,Store,DSL,Basic,Existing,1,1,1,1,0,180.60342674062522,1,0
East,Store,5G,Basic,New,1,1,1,1,0,90.47337952987591,0,0
East,Online,DSL,Basic,Existing,1,1,1,1,1,46.79898721308529,3,0
North,Online,5G,Standard,Existing,1,1,0,1,0,109.8178036625604,0,0
North,Online,5G,Basic,New,1,1,1,1,1,71.98192416884615,0,0
West,Online,DSL,Premium,Existing,0,1,1,1,0,164.4879187671791,0,0
East,Phone,Fiber,Premium,Existing,1,1,0,0,0,168.76425702480822,2,1
South,Online,Fiber,Premium,Existing,1,1,0,0,0,165.28751802722078,0,1
West,Online,DSL,Basic,Existing,1,1,1,1,1,114.05159766514045,0,0
North,Online,Fiber,Premium,New,1,0,0,1,0,182.85907534949368,0,1
North,Store,5G,Premium,Existing,0,1,1,1,0,111.29136350168233,1,0
East,Store,5G,Premium,Existing,1,0,1,1,0,135.98822947742002,0,0
North,Store,5G,Premium,New,1,1,0,1,0,74.15359969742144,1,0
South,Phone,Fiber,Standard,New,1,1,0,1,1,43.818856402594534,2,0
East,Phone,Fiber,Basic,Existing,1,1,1,1,1,136.712083239548,1,0
North,Online,DSL,Basic,Existing,1,1,1,1,1,144.49517487081977,0,0
East,Store,5G,Premium,Existing,1,1,1,1,0,188.64721333674237,0,0
North,Phone,DSL,Basic,Existing,1,1,0,1,0,175.16993096695614,1,0
North,Store,Fiber,Premium,Existing,1,1,0,1,1,164.16499277869576,1,0
North,Phone,DSL,Premium,Existing,1,1,1,1,0,152.04806621564344,0,0
South,Phone,Fiber,Premium,Existing,0,1,0,1,1,109.09549139145214,1,0
South,Online,5G,Basic,New,0,1,1,1,0,118.1959987476361,1,0
East,Online,5G,Standard,New,1,1,1,1,1,164.6955001473196,0,0
North,Phone,Fiber,Basic,Existing,1,1,1,0,0,65.4114870768356,0,0
North,Online,Fiber,Basic,Existing,1,1,1,1,1,154.79647743416083,0,0
South,Phone,Fiber,Standard,Existing,1,1,0,1,1,139.9913065879253,0,0
North,Phone,5G,Basic,Existing,1,1,1,1,0,75.90108590795364,1,0
South,Store,Fiber,Standard,Existing,0,1,1,1,1,111.28011562573403,1,0
North,Online,5G,Premium,Existing,1,1,1,1,0,165.16064948195384,0,0
East,Online,DSL,Standard,New,1,1,1,0,0,58.50362964057504,1,0
North,Online,5G,Premium,New,1,1,1,1,0,139.85649528995424,0,0
North,Store,DSL,Standard,Existing,1,1,1,1,0,107.34295144687457,3,0
West,Store,5G,Premium,Existing,1,1,1,1,0,80.08978561836778,2,0
South,Store,5G,Basic,Existing,0,1,1,1,1,182.62675609967192,0,0
North,Online,Fiber,Standard,New,1,1,1,1,1,116.40613675150634,1,0
North,Online,5G,Basic,New,1,1,1,1,0,198.05653701227698,2,0
West,Online,Fiber,Premium,New,1,1,1,1,0,141.61891286573726,1,0
West,Store,Fiber,Standard,Existing,1,1,1,1,0,92.89485673778655,0,0
South,Store,Fiber,Standard,New,1,1,1,1,1,87.89870087280549,0,0
West,Phone,5G,Standard,Existing,1,1,1,1,0,150.9960036689523,1,0
East,Store,Fiber,Basic,Existing,1,1,1,1,1,95.75160972689076,1,0
West,Phone,DSL,Premium,Existing,1,1,1,1,0,132.39097961938845,0,0
East,Online,DSL,Basic,Existing,1,1,0,1,0,130.57584063792427,1,0
South,Store,5G,Standard,New,0,1,1,1,1,42.48238287584641,0,0
South,Online,Fiber,Premium,Existing,1,1,1,1,1,150.87081326106102,0,0
South,Online,DSL,Premium,Existing,0,1,1,1,1,130.73805109874706,0,0
South,Online,5G,Basic,New,1,1,1,1,0,169.65232953063082,1,0
South,Online,5G,Basic,Existing,1,0,1,1,1,190.2523543956214,0,0
East,Store,5G,Standard,Existing,1,1,1,1,1,118.15240814975839,1,0
East,Online,5G,Standard,Existing,1,1,1,1,0,164.13966345400706,2,0
South,Phone,5G,Standard,New,1,1,1,1,0,115.02364413347864,0,0
West,Store,Fiber,Standard,Existing,1,1,1,1,0,86.77718446980529,0,0
North,Online,Fiber,Premium,Existing,1,0,1,1,0,184.1443877413787,0,0
South,Store,Fiber,Standard,New,1,1,1,0,0,138.6672587736067,0,0
West,Phone,Fiber,Standard,Existing,1,1,1,1,1,49.693819467413434,0,0
North,Online,5G,Standard,Existing,1,1,0,1,1,189.51511983555866,0,0
South,Phone,5G,Basic,Existing,1,1,1,1,1,106.7554361891628,1,0
South,Online,DSL,Basic,Existing,1,1,0,1,1,146.94566257644624,3,0
East,Phone,DSL,Basic,New,1,1,1,1,1,193.48222154839897,1,0
North,Online,Fiber,Standard,New,1,1,0,1,0,125.44219730075605,0,0
North,Store,5G,Premium,Existing,1,1,1,0,0,135.69808366628394,0,0
West,Online,DSL,Standard,New,1,1,1,1,1,70.16754584583873,3,0
East,Store,DSL,Basic,Existing,1,1,1,1,0,164.48088662484287,1,0
East,Online,DSL,Basic,Existing,1,1,1,1,1,123.46158244750131,0,0
East,Online,DSL,Standard,New,1,1,1,1,1,117.88473079415053,2,0
East,Phone,Fiber,Premium,Existing,1,1,1,1,1,68.40940293368433,0,0
North,Phone,5G,Premium,Existing,1,0,1,0,1,110.5818932776535,0,1
North,Phone,Fiber,Premium,Existing,1,1,0,0,1,191.80327853076963,0,1
South,Online,DSL,Basic,Existing,1,1,1,1,1,102.01147298655819,0,0
South,Online,DSL,Basic,New,0,1,1,1,0,75.49123168817769,1,0
East,Online,5G,Premium,New,0,1,1,1,0,135.77093842059514,2,0
East,Store,5G,Standard,New,1,1,0,1,0,121.2881067662859,0,0
East,Store,Fiber,Premium,New,1,1,1,1,1,116.75687877924715,0,0
South,Online,5G,Standard,New,1,1,1,1,1,66.12133406851459,1,0
West,Phone,Fiber,Basic,Existing,1,1,0,1,0,185.38793373910363,1,0
West,Phone,Fiber,Basic,New,1,1,0,1,0,137.2585958332943,0,0
South,Phone,DSL,Basic,New,1,0,1,0,1,139.4267873441399,0,1
South,Online,Fiber,Premium,Existing,1,1,1,1,0,58.98024256782062,1,0
South,Phone,DSL,Premium,Existing,1,1,0,1,1,112.90217614024725,1,0
South,Online,Fiber,Basic,Existing,0,1,1,1,0,133.28863528871392,0,0
South,Store,Fiber,Basic,Existing,1,1,1,0,1,187.77209082453356,0,0
South,Phone,5G,Basic,Existing,1,1,1,1,1,132.85184684583896,0,0
East,Store,5G,Premium,New,1,1,1,1,0,193.36669905792934,1,0
East,Phone,DSL,Premium,New,1,1,0,1,0,150.70512200025678,1,0
East,Online,5G,Basic,New,1,1,1,1,1,64.98610678285941,1,0
East,Online,Fiber,Premium,Existing,0,1,1,1,1,50.40508732292027,0,0
South,Online,DSL,Premium,New,1,1,1,1,0,127.73816360533615,1,0
West,Online,DSL,Premium,Existing,1,1,1,1,0,191.09308686427363,0,0
North,Phone,DSL,Premium,New,1,1,1,1,0,91.0575499817479,4,0
South,Store,Fiber,Basic,Existing,1,1,0,1,0,181.46970650387695,1,0
North,Online,5G,Basic,New,1,1,1,1,0,63.37150363486943,0,0
West,Phone,DSL,Premium,New,1,1,1,1,1,158.5846012864896,0,0
East,Store,Fiber,Basic,Existing,0,1,1,1,0,106.58232880043413,0,0
West,Online,5G,Basic,Existing,1,1,0,1,0,42.07043790131871,0,0
South,Store,5G,Basic,Existing,1,1,1,1,0,86.30890978808763,0,0
East,Online,DSL,Standard,New,1,1,1,1,0,104.11453420241479,1,0
South,Store,Fiber,Basic,Existing,1,1,1,1,1,110.03163106131198,1,0
East,Store,5G,Basic,Existing,1,1,1,1,0,67.4517447220515,1,0
North,Online,Fiber,Premium,Existing,1,1,0,1,0,138.65157566412762,0,0
North,Phone,5G,Premium,New,1,0,0,0,0,175.44022553657368,1,1
North,Store,DSL,Standard,Existing,1,0,1,1,0,150.15638606898878,0,0
West,Online,DSL,Standard,New,1,1,1,1,0,167.85034827388654,0,0
South,Store,5G,Basic,New,1,1,1,1,1,95.71327359283617,0,0
West,Store,Fiber,Basic,New,1,1,1,1,0,175.07576253164183,1,0
North,Phone,5G,Premium,Existing,1,1,1,1,1,40.909587764173395,2,0
South,Store,Fiber,Basic,New,1,1,1,1,0,172.44710939340533,2,0
North,Store,5G,Basic,Existing,1,1,1,1,1,44.41719176222701,0,0
West,Online,DSL,Basic,Existing,1,1,0,1,1,143.37448139445252,1,0
West,Online,Fiber,Basic,Existing,1,1,1,1,1,72.9714051908443,2,0
West,Phone,DSL,Basic,New,1,1,0,0,0,118.96638037082334,0,1
North,Store,Fiber,Basic,New,0,1,0,1,0,104.67654926435199,0,0
South,Store,5G,Basic,New,1,1,1,1,1,193.23051760622494,4,0
South,Store,DSL,Basic,Existing,1,1,1,1,1,91.7007696952313,1,0
North,Phone,DSL,Premium,Existing,1,1,1,1,1,146.32519391609955,1,0
South,Store,Fiber,Standard,New,1,0,1,1,0,122.73268063584354,0,0
North,Online,Fiber,Basic,New,1,0,1,1,1,100.62460664503547,1,0
South,Phone,Fiber,Premium,Existing,1,1,1,1,1,144.17510792847375,0,0
East,Online,DSL,Basic,Existing,1,1,1,1,0,62.365174408751386,0,0
East,Online,5G,Basic,Existing,1,1,1,1,0,157.23640607786064,1,0
West,Phone,Fiber,Standard,Existing,1,1,1,1,0,133.82342811587034,0,0
East,Online,5G,Premium,New,1,1,0,1,1,163.25053507686607,0,0
East,Store,Fiber,Basic,New,1,1,1,1,0,160.6939490004754,1,0
East,Phone,5G,Standard,Existing,0,1,1,1,1,116.19095374160112,0,0
North,Online,Fiber,Standard,New,1,1,1,1,0,106.91999592187548,1,0
East,Store,5G,Basic,New,1,1,1,1,0,176.9269640572308,1,0
East,Store,DSL,Basic,Existing,0,1,1,1,0,185.94096615401702,0,0
West,Online,Fiber,Premium,Existing,1,1,1,1,1,107.10861517826687,0,0
East,Store,Fiber,Premium,New,1,1,0,1,1,188.69527223922933,0,0
East,Phone,DSL,Basic,Existing,1,0,1,1,0,187.41169774118706,1,0
South,Online,Fiber,Basic,New,1,1,1,1,1,60.74380478362528,2,0
West,Store,Fiber,Standard,Existing,1,1,1,0,1,114.27881487623893,0,0
West,Store,DSL,Premium,New,1,1,1,1,0,168.86522077341863,2,0
West,Online,DSL,Basic,Existing,1,1,1,1,0,63.96059932750646,1,0
West,Online,5G,Basic,New,1,1,1,1,0,78.4651605615359,1,0
West,Online,DSL,Premium,Existing,1,1,1,1,1,128.52503726007524,0,0
West,Online,DSL,Basic,Existing,1,1,1,0,0,59.50554461528432,1,0
North,Phone,Fiber,Standard,Existing,1,1,1,1,1,93.84907907016472,2,0
East,Online,DSL,Standard,Existing,0,0,1,1,0,122.3543136822922,1,1
West,Phone,Fiber,Basic,Existing,1,1,1,1,1,166.63391859966208,2,0
East,Phone,DSL,Premium,New,1,1,0,1,1,65.23084952293813,1,0
East,Online,DSL,Standard,New,1,1,1,1,1,155.45454719927307,0,0
North,Phone,5G,Premium,Existing,1,1,1,1,0,191.65685684966974,0,0
West,Online,DSL,Premium,New,1,1,1,1,1,73.12303994672374,0,0
South,Online,DSL,Premium,New,1,1,1,1,1,76.34563138199753,0,0
North,Store,Fiber,Standard,Existing,1,1,1,1,0,165.51877631170805,1,0
South,Online,Fiber,Standard,New,0,1,1,1,0,61.51278008298085,1,0
East,Store,5G,Basic,New,1,1,1,1,1,115.24102649883538,1,0
East,Phone,DSL,Premium,New,1,1,1,1,1,106.15208964467976,1,0
North,Store,Fiber,Standard,New,0,0,1,1,0,121.80622298110416,0,1
North,Phone,DSL,Standard,Existing,0,1,1,1,1,123.04543509904676,0,0
South,Online,5G,Basic,New,1,1,1,1,0,129.24183790876992,0,0
West,Phone,Fiber,Standard,New,0,1,1,1,1,170.88517860606802,0,0
South,Phone,Fiber,Standard,New,1,1,1,1,1,108.51890118267113,0,0
North,Online,5G,Standard,New,1,1,1,1,1,74.49170307028274,0,0
South,Phone,DSL,Basic,Existing,1,1,1,1,0,165.72562404488286,2,0
North,Online,Fiber,Basic,New,1,0,1,1,0,196.68613317201942,0,0
South,Store,Fiber,Premium,Existing,1,1,0,1,1,60.132487872308396,0,0
North,Online,5G,Standard,Existing,1,1,1,1,1,81.67331759196642,1,0
North,Online,5G,Basic,Existing,1,1,0,1,0,196.38031313940223,0,0
North,Phone,5G,Basic,Existing,1,1,1,1,0,75.44394511143005,0,0
West,Store,DSL,Basic,Existing,0,1,1,0,0,107.57536387918663,4,1
South,Online,DSL,Premium,New,1,0,1,1,0,53.384594358768936,0,0
South,Store,DSL,Premium,New,1,1,1,1,0,88.81528149669248,0,0
South,Store,5G,Premium,Existing,1,1,1,1,0,81.47063458075363,1,0
North,Phone,Fiber,Premium,Existing,1,1,0,1,1,193.22798310391175,0,0
South,Online,DSL,Premium,New,1,0,1,0,1,62.493333023381545,0,1
South,Phone,5G,Standard,New,1,1,1,1,0,89.5992862243434,2,0
North,Online,DSL,Standard,Existing,1,1,1,1,1,52.747586752507715,0,0
East,Store,Fiber,Basic,New,0,1,1,1,0,147.5170910868577,2,0
North,Online,Fiber,Premium,New,0,1,1,1,0,197.804681895528,3,0
South,Online,5G,Premium,Existing,0,1,1,1,0,64.50926801220737,1,0
North,Store,Fiber,Basic,Existing,1,1,1,1,0,140.34953834614578,1,0
East,Store,5G,Standard,Existing,1,1,1,0,1,64.5307555420871,0,0
North,Online,5G,Premium,Existing,1,1,1,1,0,76.23795276612609,0,0
South,Phone,5G,Premium,Existing,1,1,0,1,0,126.74952940730435,1,0
East,Online,5G,Premium,New,1,1,1,1,1,191.95471496278645,0,0
West,Store,Fiber,Standard,Existing,1,1,1,1,0,116.01936123150118,0,0
South,Phone,Fiber,Standard,New,1,1,1,1,0,112.08191538971829,2,0
East,Store,Fiber,Premium,Existing,1,1,1,1,0,61.91514269597798,0,0
East,Store,Fiber,Premium,Existing,1,1,0,1,1,130.16396112724217,0,0
West,Phone,5G,Basic,Existing,1,1,1,1,0,113.99184166113935,0,0
North,Store,5G,Basic,Existing,0,1,0,0,1,93.53554964798846,0,1
North,Store,Fiber,Standard,Existing,1,1,1,1,0,156.90437480167427,0,0
South,Store,DSL,Basic,Existing,1,1,1,1,1,87.6667297936035,2,0
West,Store,DSL,Premium,New,1,1,1,1,0,184.46149537442435,1,0
North,Store,DSL,Standard,Existing,0,1,1,1,0,179.6373957083075,1,0
West,Store,Fiber,Basic,Existing,1,1,1,1,1,117.85662228929053,1,0
North,Store,5G,Standard,New,1,1,1,1,0,185.27763096706212,1,0
East,Store,5G,Premium,New,1,1,0,1,0,193.84882266446164,0,0
North,Store,DSL,Basic,Existing,1,1,1,1,1,45.82250176212888,2,0
West,Online,DSL,Basic,New,1,1,0,0,0,176.39054135397944,0,1
East,Online,5G,Basic,New,1,1,1,1,1,104.39888155621964,0,0
East,Store,DSL,Premium,Existing,1,1,0,1,0,199.2320083825628,0,0
East,Online,DSL,Standard,Existing,1,1,0,1,0,94.86630234894521,0,0
West,Phone,5G,Basic,New,1,1,1,1,0,173.3098780080982,2,0
South,Online,DSL,Standard,Existing,1,0,1,1,0,75.25222040853689,2,1
South,Store,DSL,Standard,New,1,1,1,1,1,188.83259166031644,0,0
South,Store,Fiber,Standard,New,1,1,1,1,1,158.82678053769934,0,0
West,Online,DSL,Premium,New,0,1,0,1,0,85.41302112491594,1,0
East,Store,Fiber,Premium,New,1,1,0,1,0,149.9693368051271,0,0
South,Phone,5G,Basic,Existing,1,1,1,1,0,109.66334218641798,0,0
West,Phone,Fiber,Basic,Existing,0,1,1,1,0,177.50997871543044,1,0
South,Store,5G,Standard,Existing,1,0,1,1,0,40.95044688940664,0,0
North,Phone,Fiber,Standard,Existing,0,1,1,1,0,123.73459078002655,0,0
South,Phone,Fiber,Standard,Existing,1,1,1,1,0,149.00169258308074,0,0
South,Online,Fiber,Premium,Existing,1,1,1,1,1,103.495015924385,0,0
East,Phone,DSL,Premium,Existing,0,1,0,1,0,115.72619471684405,1,0
West,Online,DSL,Basic,Existing,1,1,1,1,1,78.39519745904958,0,0
East,Store,DSL,Standard,Existing,1,1,1,1,1,106.79152927589178,1,0
East,Online,DSL,Standard,Existing,1,1,1,1,0,187.37640112970547,1,0
East,Store,DSL,Premium,Existing,1,1,1,1,1,101.53716996572365,1,0
East,Store,Fiber,Basic,Existing,0,0,1,1,0,198.15018934028106,1,1
East,Store,DSL,Standard,New,1,1,1,1,0,114.48104395533284,1,0
South,Store,5G,Standard,Existing,1,1,0,1,0,139.27410575031115,0,0
East,Store,Fiber,Basic,Existing,1,0,1,1,1,40.74169999045939,0,0
East,Online,Fiber,Standard,Existing,0,1,1,1,0,69.91874546968617,1,0
West,Store,5G,Premium,Existing,1,1,1,1,1,96.91369170838529,0,0
North,Phone,DSL,Basic,Existing,1,1,1,1,0,92.47777223207206,0,0
South,Phone,5G,Standard,New,0,1,1,0,0,155.08536862886692,0,1
South,Store,Fiber,Standard,New,1,1,1,1,1,127.77075422842842,1,0
South,Phone,Fiber,Premium,Existing,1,1,1,1,0,74.67843066994156,2,0
East,Online,Fiber,Premium,Existing,1,1,1,1,0,136.8993157047415,2,0
East,Online,5G,Premium,Existing,1,1,1,1,0,60.97938155144982,0,0
East,Store,DSL,Standard,New,1,1,1,1,0,178.78778463349138,1,0
West,Store,Fiber,Standard,Existing,1,1,0,1,0,159.94899650612734,0,0
North,Store,DSL,Standard,Existing,1,1,1,1,1,95.35413335396899,1,0
East,Phone,Fiber,Basic,New,1,1,1,1,0,47.73738156015477,1,0
North,Phone,DSL,Premium,New,1,1,1,1,0,165.24309382249294,1,0
West,Online,5G,Basic,Existing,1,1,1,1,1,78.94730866324727,0,0
South,Phone,Fiber,Premium,Existing,1,1,1,0,1,81.43491075853828,1,0
East,Online,Fiber,Standard,New,1,1,1,1,1,109.04566170362492,2,0
North,Phone,Fiber,Basic,Existing,0,1,1,1,0,137.37049473880305,0,0
North,Online,5G,Basic,Existing,1,0,1,0,0,45.500619205960945,0,1
East,Store,5G,Premium,New,1,1,1,1,0,172.1097441899338,1,0
South,Phone,DSL,Basic,Existing,1,0,1,1,1,45.46208860920142,0,0
South,Online,5G,Basic,New,1,1,1,1,1,67.98249837633726,0,0
South,Phone,Fiber,Standard,Existing,0,1,1,1,1,76.28729027897619,0,0
West,Store,DSL,Premium,Existing,1,1,1,1,0,175.90545965002875,0,0
North,Online,5G,Basic,New,1,1,0,1,0,159.34370723080838,1,0
North,Phone,DSL,Standard,New,0,1,1,1,1,137.69479984822055,2,0
North,Phone,DSL,Basic,New,1,1,1,0,0,96.98433266929767,0,0
West,Store,DSL,Standard,New,1,1,0,1,0,128.46172642399574,1,0
North,Store,Fiber,Basic,New,1,1,1,1,1,48.14941899699052,0,0
West,Online,Fiber,Standard,New,1,1,1,1,0,178.5744236052293,1,0
South,Phone,5G,Standard,New,1,1,1,1,0,150.71984388441172,0,0
East,Phone,Fiber,Premium,New,1,0,1,1,0,146.6905899514457,0,0
North,Store,DSL,Standard,New,1,1,1,1,0,197.4846279492747,0,0
North,Store,DSL,Basic,Existing,1,1,1,1,0,125.31967464482435,0,0
South,Online,Fiber,Standard,Existing,1,1,0,1,0,51.69048334805158,0,0
East,Phone,DSL,Standard,New,1,1,1,1,1,76.49440199585933,1,0
West,Phone,Fiber,Basic,Existing,1,1,1,1,0,65.69311905695122,1,0
East,Online,DSL,Basic,New,1,1,1,1,0,190.5957477363395,1,0
South,Online,5G,Standard,New,1,1,0,1,1,60.41644910711801,0,0
South,Store,5G,Basic,Existing,1,1,1,1,1,43.60631571644058,1,0
East,Store,Fiber,Standard,New,1,1,1,1,0,88.35059926836439,2,0
West,Online,Fiber,Standard,New,1,1,1,1,1,59.519692594171914,0,0
West,Online,Fiber,Standard,New,1,1,1,1,0,139.2485486603797,1,0
North,Phone,Fiber,Basic,New,1,1,1,1,0,75.79914976426906,1,0
West,Online,Fiber,Premium,Existing,1,1,1,1,1,174.83667715557812,0,0
East,Online,DSL,Premium,New,0,0,1,1,0,62.89901985266191,1,1
South,Phone,5G,Standard,Existing,1,1,1,1,0,64.39270438102945,1,0
North,Online,DSL,Standard,Existing,1,1,0,1,1,137.23032678684524,1,0
North,Store,5G,Basic,New,1,1,1,1,0,53.10594123073631,0,0
South,Store,DSL,Premium,Existing,1,1,1,1,1,48.09465887915085,1,0
West,Phone,DSL,Premium,Existing,1,1,1,1,0,69.42427045758267,0,0
South,Online,DSL,Premium,Existing,0,1,1,1,0,124.27406536884463,2,0
West,Store,Fiber,Basic,Existing,1,1,1,1,0,127.64475526629946,1,0
South,Store,5G,Basic,New,1,1,1,1,0,101.55617374455458,0,0
East,Store,Fiber,Basic,New,1,1,1,1,1,114.73155129208192,0,0
West,Store,Fiber,Standard,New,1,1,1,1,0,112.78106324932979,3,0
East,Online,DSL,Basic,Existing,0,1,1,1,1,113.20669809111334,1,0
North,Online,5G,Standard,Existing,1,0,0,0,1,82.60191510437258,0,1
South,Online,5G,Standard,New,1,1,1,1,1,67.11928764080636,1,0
North,Online,5G,Standard,Existing,1,1,1,1,1,102.63892379434375,1,0
North,Store,5G,Standard,Existing,1,1,1,1,0,114.15468209735202,1,0
North,Phone,Fiber,Basic,New,1,1,1,1,0,192.54551175577296,2,0
North,Phone,Fiber,Basic,Existing,1,1,0,1,1,159.7523849855314,0,0
South,Store,5G,Premium,Existing,1,0,0,1,1,177.82968974003114,0,1
North,Store,Fiber,Premium,New,1,1,1,1,1,101.80156074663682,1,0
South,Phone,5G,Standard,New,1,1,1,1,1,131.61818049220471,1,0
South,Phone,Fiber,Premium,New,1,1,0,1,1,158.77260254883015,2,0
East,Store,DSL,Premium,New,0,1,1,1,0,69.35691293273334,0,0
West,Store,DSL,Premium,New,1,1,0,1,1,113.47848742600914,1,0
West,Online,5G,Standard,New,1,1,1,1,0,95.72786624324408,2,0
South,Online,5G,Premium,New,0,1,1,1,0,127.64708675621144,0,0
East,Phone,Fiber,Basic,Existing,1,1,1,1,0,86.74068500399927,0,0
South,Store,5G,Standard,New,1,1,1,1,0,96.7470573984263,0,0
South,Phone,5G,Basic,Existing,0,1,1,1,0,173.16235190244805,2,0
South,Online,Fiber,Standard,New,0,1,1,1,1,164.3983034298345,1,0
East,Online,5G,Basic,Existing,1,1,1,1,0,105.13893866297799,0,0
West,Phone,5G,Premium,Existing,1,1,1,1,0,55.665576935414656,0,0
East,Online,DSL,Standard,Existing,1,1,1,1,1,85.71610639781177,0,0
North,Store,DSL,Basic,Existing,1,1,1,1,1,157.1090617111709,0,0
East,Phone,DSL,Standard,Existing,1,1,1,1,0,160.9040921050249,1,0
East,Store,5G,Basic,New,1,1,1,1,0,91.93135956269707,1,0
East,Store,Fiber,Premium,New,1,1,1,1,0,190.35229759469476,0,0
East,Online,DSL,Standard,New,1,1,0,1,0,120.27862749009492,2,0
West,Store,5G,Standard,Existing,1,1,1,1,0,180.53662769837885,0,0
North,Phone,DSL,Basic,Existing,1,1,1,1,0,124.76852823371973,0,0
West,Store,Fiber,Basic,Existing,1,1,1,1,0,41.93384647132152,1,0
West,Store,Fiber,Premium,New,1,1,1,1,1,55.92257068400915,2,0
East,Store,Fiber,Basic,Existing,1,0,1,1,0,56.83888218722829,0,0
South,Store,Fiber,Basic,Existing,1,1,1,0,0,154.82593155800072,0,0
South,Store,Fiber,Basic,New,1,1,1,1,0,177.63583601709715,1,0
West,Online,Fiber,Premium,New,1,1,1,1,0,124.11353152388227,0,0
West,Phone,5G,Premium,New,1,0,1,1,1,176.68298035421859,0,0
East,Online,DSL,Standard,Existing,1,1,1,1,1,99.4931040066385,2,0
West,Phone,Fiber,Premium,Existing,1,1,1,1,1,56.303631739614026,3,0
East,Phone,DSL,Basic,New,1,0,1,1,0,81.43826082278828,2,1
South,Phone,DSL,Standard,Existing,1,1,1,1,0,58.883617475351286,1,0
South,Phone,5G,Premium,Existing,1,1,1,1,1,181.7211475544799,0,0
North,Phone,Fiber,Premium,Existing,1,0,1,1,0,78.26250593374098,1,0
South,Store,Fiber,Basic,Existing,1,1,1,1,0,160.106989298708,0,0
West,Online,5G,Basic,New,1,1,1,1,1,51.41358654640838,2,0
South,Online,5G,Premium,Existing,1,1,1,1,0,164.00769938552355,2,0
East,Store,5G,Standard,Existing,1,1,1,0,1,53.61043879373444,0,0
South,Phone,5G,Basic,New,1,1,1,1,0,191.62948375487574,1,0
North,Online,5G,Premium,Existing,1,1,1,1,0,142.49996872442966,1,0
South,Store,DSL,Premium,Existing,1,1,1,1,0,148.21467491109428,0,0
East,Store,5G,Basic,New,1,1,1,1,0,148.95573944984957,1,0
East,Online,Fiber,Standard,Existing,1,1,1,1,1,83.95603372637493,1,0
West,Online,Fiber,Standard,New,1,1,1,1,0,110.87300542773204,0,0
South,Phone,5G,Standard,Existing,1,1,1,1,1,184.85387013273254,1,0
East,Phone,5G,Basic,Existing,1,1,1,1,1,73.10369768771677,1,0
North,Online,5G,Basic,Existing,0,1,1,1,1,124.42527177469289,1,0
West,Phone,5G,Basic,New,1,1,0,1,0,91.66860948284288,1,0
North,Store,5G,Standard,Existing,1,0,1,1,0,162.17345526269054,0,0
South,Phone,Fiber,Standard,Existing,1,1,1,1,0,112.99751982779911,0,0
South,Phone,DSL,Basic,New,1,1,1,1,0,94.8396920701753,0,0
South,Store,5G,Basic,Existing,1,1,1,1,0,134.87784235885817,0,0
West,Phone,5G,Basic,Existing,1,1,0,1,0,56.966024906193766,1,0
East,Store,5G,Standard,Existing,1,1,0,1,0,129.59324946608703,0,0
West,Phone,Fiber,Premium,New,1,0,1,1,0,165.3586673474077,1,0
North,Online,Fiber,Premium,New,1,1,1,1,1,194.0762787225803,1,0
West,Phone,DSL,Standard,New,1,1,1,1,0,175.23102345692777,1,0
North,Online,DSL,Basic,Existing,1,1,1,1,0,138.6135474991842,1,0
West,Online,DSL,Basic,New,1,1,0,1,1,126.50054794793989,0,0
East,Online,DSL,Basic,Existing,1,1,1,1,1,92.58852517328641,0,0
North,Online,Fiber,Basic,New,1,1,1,1,1,116.46457923496712,0,0
South,Online,DSL,Standard,New,1,1,0,1,1,138.95777279853968,0,0
South,Store,5G,Premium,Existing,1,1,1,1,0,60.76835771743296,3,0
West,Store,Fiber,Premium,New,1,1,1,1,0,155.73224476689535,0,0
South,Store,Fiber,Standard,New,1,0,1,0,1,79.20143554857837,1,1
North,Online,Fiber,Basic,Existing,1,1,1,1,0,58.455887797596624,2,0
South,Phone,5G,Premium,Existing,1,1,1,0,0,55.67774616716649,0,0
East,Store,Fiber,Standard,Existing,1,1,1,1,0,91.14711134261569,1,0
East,Phone,5G,Basic,Existing,1,1,0,1,1,91.2625021821469,1,0
West,Phone,DSL,Premium,Existing,1,1,0,1,1,131.5724493043026,0,0
North,Online,Fiber,Standard,Existing,1,1,1,1,0,113.28562364581678,0,0
East,Online,5G,Premium,Existing,1,1,1,1,1,159.99065601604735,0,0
East,Online,Fiber,Premium,Existing,1,1,1,0,1,43.0656931279774,0,0
North,Store,DSL,Standard,New,1,1,1,1,0,54.54606168380819,0,0
South,Online,Fiber,Standard,Existing,1,1,1,1,1,79.6716641999887,0,0
South,Store,DSL,Premium,New,1,1,1,1,1,46.232386783945216,0,0
West,Store,Fiber,Premium,Existing,1,1,1,1,1,66.23113187502318,1,0
South,Store,5G,Standard,Existing,1,1,0,1,1,156.37160164311223,1,0
North,Store,DSL,Basic,New,1,0,1,1,1,167.7277814849185,1,0
East,Online,Fiber,Basic,New,1,0,1,1,0,134.81201136865536,0,0
South,Store,DSL,Basic,New,1,1,0,1,1,131.35185923090268,2,0
West,Online,DSL,Basic,Existing,1,1,1,1,1,140.3001628925788,0,0
South,Online,5G,Standard,Existing,1,1,1,1,1,168.19498573249382,1,0
North,Store,5G,Basic,Existing,1,1,1,1,0,174.85030435546096,3,0
West,Online,5G,Premium,Existing,1,1,1,1,0,94.24299292202086,0,0
South,Phone,5G,Basic,New,1,1,1,1,0,106.62362569556089,0,0
West,Online,DSL,Standard,Existing,1,1,1,1,0,169.3930912738657,0,0
North,Online,DSL,Basic,New,0,1,1,1,0,73.70932989419856,0,0
East,Store,Fiber,Basic,Existing,1,1,1,1,1,190.83236538266974,0,0
North,Store,Fiber,Standard,Existing,1,1,0,1,1,174.11844927224217,0,0
North,Online,Fiber,Basic,New,1,1,1,1,0,110.5396244643928,2,0
North,Store,5G,Standard,Existing,1,0,0,1,0,122.1946695680689,2,1
North,Phone,DSL,Basic,New,0,1,1,1,1,109.99325064891956,1,0
East,Phone,DSL,Standard,Existing,1,1,1,1,1,76.64740661078035,1,0
East,Store,Fiber,Basic,Existing,1,1,1,1,0,78.39667180265586,2,0
West,Online,Fiber,Premium,Existing,1,1,1,1,0,88.44237118819706,1,0
South,Phone,DSL,Premium,Existing,0,1,1,1,1,105.32304935487548,0,0
East,Phone,5G,Standard,Existing,1,1,1,1,0,183.00401383837828,0,0
East,Online,Fiber,Standard,New,1,1,1,1,0,97.3692590156439,1,0
South,Store,Fiber,Standard,Existing,0,1,1,1,1,129.998339219593,0,0
East,Phone,DSL,Premium,Existing,0,1,1,1,1,54.16027260230395,2,0
North,Online,DSL,Standard,Existing,1,1,1,1,1,101.49251522804653,1,0
North,Online,Fiber,Basic,Existing,1,1,1,0,0,108.43560253320327,1,0
South,Phone,Fiber,Standard,New,1,1,1,1,0,120.4534125809745,0,0
West,Store,5G,Standard,Existing,1,1,1,1,0,113.89419426692939,2,0
West,Phone,5G,Basic,New,1,1,1,1,0,145.73772635007765,0,0
South,Online,5G,Basic,New,1,1,1,1,0,176.00833067226918,1,0
South,Phone,5G,Premium,New,1,1,1,1,1,141.10367810433567,0,0
North,Store,Fiber,Basic,New,1,1,0,1,0,101.97764116172803,1,0
West,Online,Fiber,Basic,New,1,1,1,1,1,163.6422863115317,1,0
East,Store,Fiber,Standard,Existing,1,1,1,1,1,149.51308143745243,0,0
North,Phone,5G,Premium,New,1,1,1,1,1,150.47544664182718,0,0
South,Phone,Fiber,Basic,New,0,1,1,1,0,165.8928565133125,1,0
West,Store,DSL,Premium,New,1,1,1,1,0,57.74146417109957,2,0
East,Phone,5G,Basic,New,1,1,1,1,1,97.88121098365127,0,0
East,Store,DSL,Premium,New,1,1,1,1,0,66.91303680856441,0,0
North,Phone,5G,Basic,New,0,1,1,1,0,163.60406364547708,1,0
West,Store,Fiber,Standard,Existing,1,1,1,1,1,130.6693839829311,2,0
West,Store,5G,Premium,Existing,1,1,0,1,0,198.32127240413783,1,0
South,Online,DSL,Premium,New,1,1,1,1,0,148.58196604831534,1,0
West,Online,5G,Basic,New,1,1,1,1,0,52.227383326698714,2,0
West,Store,DSL,Premium,New,0,1,1,1,0,86.09677575545325,1,0
North,Phone,Fiber,Basic,New,1,1,0,1,1,188.06660090585783,1,0
West,Phone,DSL,Premium,New,1,0,1,1,0,197.01717339525405,1,0
East,Phone,Fiber,Premium,Existing,1,1,1,0,0,75.74545612570535,0,0
North,Store,DSL,Standard,Existing,1,1,1,1,1,119.0462233054289,2,0
North,Store,Fiber,Standard,Existing,1,0,0,1,1,99.20201496989108,0,1
South,Store,DSL,Premium,Existing,1,1,1,1,0,73.54618832694031,0,0
West,Store,Fiber,Standard,Existing,1,1,1,1,0,98.89986314975773,1,0
South,Online,Fiber,Premium,Existing,1,1,1,1,1,108.51158044343339,2,0
East,Store,Fiber,Basic,New,1,1,1,1,0,146.6885076620095,0,0
North,Phone,DSL,Premium,New,1,1,1,1,1,120.41796489269183,0,0
North,Online,DSL,Premium,Existing,1,1,1,1,0,172.8059905091364,1,0
North,Phone,Fiber,Standard,New,1,0,0,1,1,190.7675805179821,0,1
East,Store,5G,Standard,Existing,1,1,1,1,0,101.22762871723589,1,0
East,Online,Fiber,Basic,Existing,1,1,1,1,0,120.18085055374954,0,0
South,Store,5G,Basic,Existing,1,1,1,1,1,156.3593032276655,0,0
South,Online,Fiber,Basic,New,1,1,1,1,0,172.19417966661672,1,0
South,Phone,DSL,Premium,New,1,1,1,1,1,75.2837936772907,0,0
West,Store,5G,Basic,Existing,1,1,1,1,0,145.27713427183573,1,0
North,Store,DSL,Basic,New,1,1,1,0,1,171.06212979776987,0,0
North,Online,5G,Standard,Existing,1,1,1,1,0,158.42646597920208,0,0
South,Online,5G,Standard,New,1,1,1,1,0,151.66355720485802,0,0
North,Store,5G,Basic,New,1,1,1,1,0,191.06900285858597,2,0
South,Online,5G,Basic,Existing,1,1,1,1,1,159.30356889340146,0,0
West,Store,DSL,Premium,Existing,1,1,1,1,0,118.26398757983779,0,0
West,Online,5G,Premium,Existing,1,1,1,0,0,179.0999560839233,1,0
East,Phone,Fiber,Standard,Existing,1,1,1,0,0,109.91625235814524,1,0
West,Online,Fiber,Basic,New,1,0,1,1,1,167.53110615376193,1,0
South,Phone,5G,Basic,Existing,1,1,1,1,1,139.95771337402977,0,0
West,Online,DSL,Basic,New,1,0,1,1,1,136.89272398397205,2,1
East,Online,DSL,Basic,Existing,1,1,1,1,0,158.19901973356008,1,0
North,Store,5G,Basic,New,0,1,1,1,0,151.91192510920067,1,0
South,Online,DSL,Premium,Existing,1,1,1,1,1,125.399312500126,0,0
North,Online,DSL,Premium,Existing,1,1,1,1,0,181.67355535976114,0,0
East,Phone,DSL,Basic,Existing,1,1,1,1,0,155.4745898859674,1,0
East,Online,5G,Premium,New,1,1,0,1,0,132.89847970630336,1,0
East,Store,Fiber,Premium,New,1,1,1,1,0,152.62128183270102,0,0
North,Phone,Fiber,Basic,Existing,1,0,1,1,1,95.01636082386048,0,0
North,Store,Fiber,Premium,New,1,1,1,1,0,199.92076130910635,1,0
North,Store,Fiber,Basic,Existing,1,1,1,1,1,115.08892804708582,0,0
North,Store,Fiber,Premium,New,0,1,1,1,0,115.9875860735701,1,0
East,Store,DSL,Basic,Existing,1,1,1,1,0,102.53934182728257,1,0
East,Phone,DSL,Basic,Existing,1,1,1,1,1,91.44091039438557,0,0
South,Online,DSL,Premium,New,1,1,1,1,0,194.13468005888197,0,0
South,Store,5G,Premium,New,1,1,1,1,0,195.1727564670931,1,0
North,Phone,DSL,Standard,New,0,1,1,1,0,191.66930986970993,1,0
West,Store,Fiber,Basic,Existing,1,1,1,1,1,91.64435726616865,0,0
West,Online,DSL,Basic,New,0,1,1,1,1,139.06842791765555,0,0
East,Phone,Fiber,Basic,New,1,1,1,0,1,69.51259093388117,1,0
East,Phone,DSL,Basic,New,1,1,1,1,1,155.4507401372117,1,0
East,Online,Fiber,Premium,New,1,1,1,1,0,83.57690541759797,2,0
South,Phone,DSL,Premium,New,1,0,1,1,0,149.7935770218114,0,0
South,Online,Fiber,Standard,Existing,1,1,1,1,0,154.64937859047322,0,0
East,Phone,Fiber,Basic,Existing,0,1,1,1,0,199.46058695376524,1,0
East,Phone,5G,Standard,New,1,1,1,1,0,165.7646117023666,0,0
East,Online,DSL,Standard,Existing,1,1,0,1,0,132.38283689692167,0,0
West,Online,Fiber,Standard,New,0,0,0,1,1,118.50148757280594,2,1
South,Phone,DSL,Standard,New,1,1,1,1,1,49.030479448824394,3,0
West,Phone,Fiber,Standard,Existing,0,1,1,1,0,191.2217087557945,1,0
West,Online,5G,Premium,Existing,1,1,1,0,1,69.29677967688767,0,0
East,Online,5G,Premium,Existing,1,1,1,1,0,46.574543963637055,0,0
East,Phone,5G,Standard,Existing,1,1,1,1,0,95.9427820692932,0,0
North,Phone,5G,Premium,Existing,1,1,1,1,0,76.75748419191561,1,0
North,Phone,Fiber,Premium,Existing,1,1,1,1,1,117.58516008318463,0,0
West,Online,DSL,Standard,Existing,1,1,1,1,0,187.87443819281145,0,0
South,Phone,5G,Premium,New,1,1,1,1,0,192.99930691722554,0,0
East,Store,5G,Premium,New,1,1,1,1,0,85.76183135461739,0,0
East,Online,5G,Basic,New,0,1,1,1,1,185.51932471273238,1,0
West,Phone,DSL,Standard,Existing,1,0,1,1,0,184.17005283609987,0,0
North,Online,Fiber,Basic,New,0,1,1,1,0,110.18563200655485,0,0
South,Store,Fiber,Basic,New,1,1,1,1,0,126.75494817734823,0,0
North,Online,Fiber,Standard,New,1,1,1,1,0,47.85438717824139,0,0
North,Phone,Fiber,Basic,New,1,1,1,1,1,43.32641406740896,2,0
North,Store,DSL,Basic,Existing,0,1,1,1,0,64.6580534697108,1,0
North,Store,DSL,Premium,New,1,1,1,1,0,123.71285644263148,0,0
East,Phone,DSL,Basic,New,1,1,1,1,0,115.45012773183461,0,0
East,Phone,5G,Standard,New,1,0,1,1,0,42.0211934029507,0,0
North,Phone,DSL,Premium,New,1,1,1,1,0,57.81960517981737,1,0
South,Online,Fiber,Premium,New,1,1,1,1,0,107.10327306516717,0,0
West,Online,DSL,Premium,Existing,0,1,1,0,0,169.11078545754643,0,1
South,Online,5G,Standard,New,0,1,1,1,1,126.57945964740277,0,0
South,Phone,Fiber,Standard,New,1,1,1,1,0,150.05343434404494,1,0
South,Phone,DSL,Standard,New,1,1,1,1,1,112.79969528721895,1,0
North,Online,Fiber,Basic,New,1,1,1,1,0,100.71118900040823,0,0
East,Store,Fiber,Basic,New,1,1,1,1,1,185.39976428609833,2,0
South,Online,DSL,Premium,New,1,0,1,1,1,172.6813976303613,0,0
North,Store,DSL,Premium,Existing,1,1,1,1,0,71.89805672759863,2,0
South,Phone,5G,Standard,New,1,1,1,1,1,170.29656085950563,1,0
South,Phone,DSL,Standard,New,1,1,1,1,1,80.30108046159937,1,0
North,Online,DSL,Basic,Existing,0,1,1,1,1,46.257415819455886,1,0
East,Online,DSL,Basic,Existing,1,1,1,1,1,165.97440795121804,0,0
East,Phone,Fiber,Standard,New,1,1,1,1,0,64.57562979767538,2,0
West,Online,5G,Standard,New,1,1,1,1,0,85.22950656846638,0,0
North,Phone,Fiber,Basic,Existing,0,1,1,1,0,162.663179931233,1,0
West,Phone,DSL,Premium,New,1,1,1,0,1,117.61289101244857,1,0
West,Store,5G,Premium,Existing,1,1,1,1,0,150.76346563841182,1,0
West,Online,DSL,Basic,New,1,1,1,1,0,44.69539628692337,0,0
East,Phone,Fiber,Basic,New,1,1,0,1,1,93.71502309168073,1,0
North,Online,Fiber,Premium,New,1,1,1,1,1,96.79152080502683,0,0
West,Store,DSL,Basic,Existing,0,1,1,1,0,79.14983625857614,0,0
North,Store,5G,Premium,Existing,1,1,1,1,1,100.04263586622437,0,0
North,Online,Fiber,Premium,Existing,1,1,0,1,0,98.38095213046233,1,0
East,Online,DSL,Basic,Existing,1,0,1,1,0,191.05506805127538,1,0
West,Phone,DSL,Standard,New,1,1,1,1,0,175.85891265593378,0,0
West,Store,DSL,Standard,New,0,1,1,1,0,171.40202286390019,2,0
North,Store,5G,Standard,Existing,1,1,1,1,0,40.52148305467,0,0
South,Store,DSL,Standard,Existing,0,1,0,1,1,98.48496053586517,0,0
East,Online,DSL,Standard,Existing,1,0,1,0,0,64.97057654888312,0,1
East,Phone,Fiber,Standard,Existing,1,1,1,1,0,88.99622210708075,3,0
East,Online,DSL,Standard,New,1,1,1,1,1,66.98826782973458,1,0
East,Online,5G,Basic,Existing,0,1,1,1,1,51.71558573063226,1,0
West,Online,DSL,Basic,New,1,1,1,1,0,128.51763258975512,1,0
West,Phone,5G,Standard,Existing,1,1,1,1,1,161.56312475787155,0,0
South,Online,DSL,Basic,New,1,1,1,1,1,118.7435859558592,1,0
East,Store,DSL,Premium,Existing,1,1,1,0,0,85.90982466255909,0,0
East,Store,DSL,Standard,New,0,1,0,1,0,56.17408304106469,0,0
North,Store,5G,Premium,New,1,1,1,1,0,177.7006650111286,0,0
West,Phone,Fiber,Basic,New,1,1,1,1,0,142.2029465226455,1,0
East,Online,5G,Standard,New,1,1,1,1,0,64.29191003631706,0,0
South,Phone,Fiber,Premium,New,0,1,1,1,0,87.5203693828139,1,0
South,Online,5G,Basic,New,1,1,1,1,1,165.3537871344646,1,0
West,Store,DSL,Standard,New,0,1,1,1,0,161.67406441051742,1,0
South,Online,DSL,Standard,New,0,1,0,1,0,146.2189627927545,5,1
South,Online,Fiber,Premium,New,1,1,0,1,0,54.91349767964177,0,0
West,Online,Fiber,Premium,Existing,1,1,1,1,1,143.17268282973916,1,0
East,Phone,5G,Premium,Existing,1,0,0,1,0,137.65327223398901,2,1
East,Online,5G,Basic,New,1,1,1,1,1,137.58196966109693,0,0
South,Online,Fiber,Premium,Existing,1,1,1,1,0,171.6400385417253,0,0
South,Online,Fiber,Premium,Existing,1,1,1,1,1,58.965410920331465,1,0
East,Phone,5G,Premium,New,1,1,1,1,0,44.20790381608917,0,0
West,Phone,Fiber,Standard,New,1,1,1,1,0,76.97324213282316,1,0
South,Phone,Fiber,Premium,Existing,1,1,1,0,1,57.59042843969979,0,0
North,Online,Fiber,Premium,New,1,1,1,1,1,162.1491230483695,2,0
West,Store,Fiber,Basic,New,1,1,1,1,0,52.538495108090245,1,0
South,Store,DSL,Basic,New,1,1,1,1,0,98.13399246226795,0,0
South,Store,DSL,Premium,Existing,1,1,1,1,1,183.7543848324051,1,0
North,Online,Fiber,Basic,Existing,1,1,0,1,1,183.58791408040295,1,0
North,Store,5G,Basic,Existing,1,1,1,1,1,97.31319058350292,1,0
East,Store,DSL,Basic,New,1,1,1,1,0,136.78705864698725,0,0
West,Store,5G,Standard,New,0,1,1,1,1,71.50409003639069,1,0
West,Online,5G,Premium,New,1,1,1,0,0,52.38621210793571,2,1
East,Store,DSL,Premium,New,0,1,0,1,0,162.33794139479647,2,1
West,Store,5G,Premium,New,1,1,1,1,0,41.16261810665815,2,0
West,Online,5G,Basic,Existing,1,1,1,1,0,172.6147617595097,1,0
West,Phone,Fiber,Basic,New,1,1,0,1,0,93.88034145493101,0,0
West,Store,Fiber,Basic,Existing,1,1,1,1,0,61.167540577178855,1,0
West,Phone,Fiber,Standard,New,1,1,1,1,1,120.90881137303461,1,0
North,Store,DSL,Basic,Existing,1,1,1,1,1,195.61757403256237,1,0
West,Online,Fiber,Standard,New,0,1,0,1,0,157.71460448878378,0,0
North,Phone,5G,Premium,New,0,1,1,1,0,161.61532061005707,2,0
West,Phone,5G,Basic,New,1,1,1,1,0,105.12318975477163,2,0
East,Phone,5G,Standard,New,1,1,1,1,1,112.00602364868536,2,0
South,Phone,5G,Standard,Existing,1,0,1,1,0,174.9789250816,0,0
North,Store,5G,Basic,New,1,1,1,1,0,53.45346903657892,1,0
West,Store,DSL,Standard,Existing,1,1,0,0,1,48.770870396115704,1,1
East,Phone,5G,Basic,Existing,1,1,1,1,1,150.2885690986446,0,0
South,Store,DSL,Standard,Existing,0,1,1,1,0,83.6135239896729,0,0
North,Phone,5G,Premium,New,1,1,1,1,1,199.88964981629698,0,0
South,Phone,DSL,Premium,New,0,1,1,1,0,199.09783361862682,1,0
East,Online,DSL,Premium,Existing,0,0,1,1,1,142.8401482716052,0,1
North,Phone,5G,Basic,New,1,1,1,1,0,114.05996781750908,0,0
South,Store,5G,Premium,Existing,1,1,1,1,1,41.25106882986085,0,0
West,Phone,5G,Premium,Existing,1,1,1,1,0,136.3062094242806,0,0
North,Online,5G,Premium,New,1,1,1,1,1,54.31075536479035,0,0
South,Store,Fiber,Basic,New,1,1,0,1,0,184.6481081990596,0,0
East,Online,Fiber,Standard,Existing,1,1,0,1,1,58.34522341096337,1,0
East,Online,DSL,Basic,Existing,1,1,1,1,0,55.88867904562331,0,0
North,Phone,DSL,Basic,New,1,1,1,1,1,155.21037320886853,1,0
South,Online,Fiber,Premium,New,1,1,1,1,0,64.46400246545474,0,0
North,Online,DSL,Standard,New,0,0,1,1,1,133.77354377196235,2,1
North,Store,5G,Premium,Existing,1,1,1,1,1,167.30490700387026,0,0
South,Online,DSL,Premium,Existing,1,1,1,1,0,40.359635259598754,1,0
South,Phone,DSL,Basic,Existing,1,1,1,1,1,64.38363534745848,0,0
West,Phone,DSL,Basic,New,1,1,0,1,1,68.49417475024781,0,0
South,Phone,Fiber,Basic,Existing,1,1,1,1,0,128.6500383902432,0,0
East,Online,Fiber,Premium,Existing,1,1,0,1,1,167.74122193886194,1,0
North,Store,DSL,Standard,Existing,1,1,1,1,0,177.65408834929065,1,0
North,Phone,5G,Standard,New,1,1,1,1,1,50.04885758270974,0,0
East,Online,DSL,Premium,Existing,1,1,1,1,1,121.35580521292175,0,0
South,Phone,Fiber,Standard,New,1,1,1,0,0,179.1434997996176,0,0
East,Phone,5G,Premium,Existing,1,1,0,1,0,51.379365067433014,1,0
East,Store,DSL,Standard,Existing,1,1,1,1,0,44.14925319798655,0,0
West,Phone,Fiber,Premium,New,1,1,1,1,0,47.52252630399699,0,0
East,Store,5G,Standard,New,1,1,1,1,0,189.0293639118804,0,0
North,Online,DSL,Basic,New,1,1,1,1,0,103.87200414238337,1,0
East,Phone,Fiber,Basic,Existing,1,1,0,1,0,49.639327330058656,1,0
North,Online,5G,Basic,New,1,1,1,1,1,199.36442133281025,1,0
North,Online,DSL,Basic,Existing,1,1,1,1,1,192.69262095820824,0,0
North,Online,5G,Premium,Existing,1,1,1,1,0,106.85918822544137,0,0
South,Phone,5G,Standard,New,1,1,0,1,1,56.512395486608504,0,0
West,Store,5G,Premium,New,1,1,1,1,1,158.95066845923125,0,0
North,Phone,Fiber,Basic,New,1,1,0,1,0,49.59478202834498,1,0
North,Online,DSL,Standard,New,1,1,1,1,0,140.43674827296567,0,0
South,Store,5G,Premium,Existing,1,1,1,1,1,161.8609173082345,0,0
North,Online,5G,Basic,Existing,1,1,1,1,0,74.00030559177212,0,0
East,Store,5G,Standard,New,1,1,1,1,1,190.94769606570048,0,0
East,Phone,Fiber,Standard,New,1,1,1,1,0,199.32591813679204,0,0
West,Store,5G,Basic,Existing,1,0,1,1,0,97.40783344868728,2,1
North,Phone,Fiber,Basic,Existing,1,0,1,1,1,194.18770136970878,0,0
South,Online,Fiber,Standard,New,1,1,1,1,1,77.06670466778468,0,0
East,Store,5G,Basic,Existing,1,1,1,1,0,168.3284455062625,1,0
South,Online,5G,Premium,Existing,0,1,1,1,1,158.5368149888236,0,0
South,Store,Fiber,Basic,Existing,1,1,1,1,1,46.61348292881053,1,0
East,Phone,Fiber,Basic,Existing,1,1,1,0,0,81.47774656075936,1,0
South,Store,5G,Basic,Existing,1,1,0,1,0,101.54529209587824,1,0
East,Store,Fiber,Standard,Existing,1,1,1,1,0,42.340734654823784,0,0
South,Phone,Fiber,Standard,Existing,1,1,1,0,1,191.60925062380866,0,0
East,Phone,5G,Basic,Existing,1,1,1,0,1,74.01827093911248,1,0
North,Phone,5G,Standard,New,1,1,0,1,1,188.03354752750732,1,0
West,Store,DSL,Basic,Existing,1,0,1,1,1,110.38543857653396,0,0
East,Online,5G,Premium,New,1,1,1,0,0,60.38396466067384,1,0
East,Store,5G,Standard,New,1,1,1,1,0,108.5178803728412,0,0
West,Store,5G,Basic,New,1,1,1,1,1,138.09562759996206,0,0
East,Online,DSL,Standard,New,1,1,1,1,1,115.94414593532252,1,0
East,Phone,Fiber,Premium,New,1,1,1,1,0,90.85708790131962,3,0
South,Store,5G,Premium,Existing,1,1,1,1,0,170.3129278811868,0,0
West,Online,5G,Basic,New,1,1,0,1,0,192.94938670361023,1,0
North,Phone,DSL,Standard,Existing,1,1,1,1,0,55.2416657135193,0,0
East,Phone,DSL,Premium,New,0,0,1,1,1,127.89624010783686,0,1
West,Store,DSL,Standard,Existing,1,1,1,1,0,90.93353369810015,0,0
South,Phone,Fiber,Basic,Existing,1,1,0,1,0,159.48450287856133,0,0
North,Phone,DSL,Premium,New,1,1,0,1,0,141.57079922402502,0,0
West,Online,Fiber,Premium,Existing,1,1,1,1,1,44.429504439728404,0,0
North,Online,5G,Standard,New,1,1,1,0,1,141.62336155790337,0,0
North,Phone,5G,Premium,Existing,1,1,1,1,0,155.89269236850936,1,0
North,Online,5G,Basic,Existing,1,1,0,1,0,163.30210728387817,1,0
East,Phone,DSL,Basic,New,1,1,1,1,0,182.55155682861346,0,0
East,Store,5G,Premium,Existing,1,1,1,0,0,191.2514398297893,0,0
South,Online,DSL,Basic,Existing,0,1,1,1,1,82.69247394724769,0,0
South,Phone,Fiber,Premium,Existing,1,1,1,1,0,145.83164661893582,0,0
West,Phone,5G,Premium,Existing,1,1,1,1,0,129.10732057988162,2,0
South,Online,Fiber,Premium,Existing,1,0,1,1,1,171.41666309343842,0,0
North,Online,DSL,Premium,Existing,1,1,1,1,1,46.09509726755141,1,0
North,Store,DSL,Standard,New,1,1,1,0,0,105.55127561209696,1,0
East,Phone,5G,Premium,Existing,1,1,1,1,0,94.81648238212966,1,0
North,Store,5G,Basic,New,1,1,0,1,0,144.45817575254011,0,0
West,Store,DSL,Standard,Existing,1,1,1,1,0,106.87984293028197,1,0
North,Store,5G,Basic,New,1,1,1,1,0,102.98600965757734,2,0
North,Online,5G,Premium,Existing,1,1,0,1,0,100.07805093716468,1,0
West,Store,Fiber,Basic,New,1,1,1,1,1,172.122658587782,0,0
South,Online,DSL,Standard,Existing,1,1,1,1,0,117.33925327179577,1,0
South,Online,Fiber,Basic,New,1,1,1,1,0,103.92113542810839,1,0
West,Store,5G,Standard,New,1,1,1,1,1,178.5283883656085,1,0
East,Store,Fiber,Premium,New,1,1,1,1,0,40.289125574824084,1,0
North,Phone,DSL,Premium,Existing,0,1,1,1,1,91.00109225796857,0,0
West,Store,Fiber,Basic,Existing,1,1,1,1,1,147.81458516849378,0,0
North,Phone,Fiber,Basic,Existing,1,1,1,1,0,56.7253700140699,1,0
East,Store,5G,Premium,New,1,1,0,1,0,132.72429897336258,2,0
North,Store,DSL,Premium,Existing,0,1,1,1,0,111.8711651329245,1,0
West,Store,5G,Basic,New,1,1,1,1,1,147.0509507453927,1,0
North,Store,5G,Premium,Existing,1,0,1,1,0,124.92545509388094,1,0
South,Phone,DSL,Standard,New,1,1,0,1,0,71.15765293920339,0,0
East,Phone,Fiber,Standard,New,1,1,1,1,1,61.237299854960284,0,0
East,Store,5G,Basic,New,1,1,1,0,0,89.03441700369808,4,1
East,Store,Fiber,Basic,Existing,1,1,1,1,0,190.82330349575366,1,0
West,Phone,DSL,Premium,New,1,1,1,1,1,73.6099852256209,1,0
East,Online,5G,Premium,Existing,1,1,1,1,0,113.79896825519586,0,0
South,Online,Fiber,Standard,New,1,1,0,1,0,192.01710299652441,1,0
West,Online,Fiber,Basic,Existing,0,1,1,1,1,72.32243984014215,1,0
South,Phone,5G,Basic,New,0,1,1,1,1,79.13217723069964,0,0
North,Phone,DSL,Basic,New,1,1,1,1,0,116.50966199519996,1,0
North,Online,Fiber,Basic,New,0,1,1,1,0,56.806420436436014,1,0
North,Online,DSL,Standard,Existing,1,1,1,1,1,52.81942921975664,0,0
North,Store,5G,Standard,New,1,1,1,1,0,88.40137413310566,1,0
South,Phone,Fiber,Basic,New,1,1,1,1,1,62.871997545215805,0,0
West,Phone,Fiber,Standard,Existing,0,1,1,1,0,108.26394319997489,0,0
West,Online,Fiber,Basic,Existing,1,1,1,1,0,57.349521231646285,0,0
East,Online,DSL,Standard,New,1,0,1,1,1,133.98811430401759,1,0
South,Phone,Fiber,Premium,Existing,0,1,1,1,1,118.82132251826604,0,0
North,Store,Fiber,Standard,Existing,1,1,1,1,0,134.80288874814988,1,0
South,Online,5G,Basic,New,1,1,1,1,1,184.13937979241442,0,0
East,Phone,Fiber,Premium,Existing,1,1,1,1,0,95.23424761844971,1,0
East,Phone,DSL,Basic,New,1,1,1,1,1,82.94250544659673,0,0
South,Store,5G,Premium,New,1,1,1,1,1,131.87820447764645,1,0
South,Store,5G,Premium,New,1,1,1,1,1,79.52063760691276,1,0
South,Online,Fiber,Standard,Existing,1,1,1,1,1,50.64391086574421,0,0
West,Online,5G,Standard,Existing,1,0,0,1,1,49.40012843491495,1,1
North,Online,Fiber,Premium,New,1,1,1,1,0,50.59839486172585,0,0
South,Phone,5G,Premium,New,1,1,0,1,0,77.98930834369673,0,0
South,Online,DSL,Premium,Existing,1,1,1,1,0,156.7674246653787,2,0
South,Phone,Fiber,Basic,Existing,1,1,1,1,1,64.63419122427092,2,0
East,Online,DSL,Standard,New,1,1,1,1,1,81.24300350685618,1,0
East,Store,Fiber,Basic,New,1,1,1,1,0,177.5685360469747,1,0
West,Store,DSL,Standard,New,0,0,1,1,0,109.89795589896215,0,1
North,Phone,DSL,Basic,Existing,0,1,1,1,1,46.610812628941446,1,0
West,Store,5G,Standard,New,1,1,0,1,1,79.58493510739561,2,0
North,Phone,Fiber,Premium,Existing,0,1,1,1,0,88.16948688529311,1,0
East,Phone,5G,Premium,New,1,1,1,1,0,69.6209757450938,0,0
East,Store,DSL,Standard,Existing,1,1,1,1,0,194.70938424005226,0,0
East,Phone,Fiber,Premium,Existing,1,1,1,0,0,105.04215102316343,1,0
West,Store,DSL,Premium,New,1,1,1,1,0,103.2969566176744,1,0
South,Online,DSL,Basic,Existing,1,1,0,1,0,196.42432877695148,1,0
South,Online,DSL,Standard,Existing,1,1,0,1,1,127.83059122041425,0,0
East,Store,DSL,Premium,New,1,1,1,1,0,53.2025749267404,0,0
South,Store,5G,Standard,Existing,1,1,1,1,0,110.95934623967281,1,0
South,Store,DSL,Basic,Existing,1,1,1,1,0,144.6952233759488,0,0
West,Store,5G,Standard,New,1,1,1,1,0,131.23442786266548,0,0
North,Online,DSL,Basic,Existing,1,1,1,1,1,175.2278875994386,0,0
East,Phone,Fiber,Basic,Existing,1,1,1,1,1,194.05378248290387,0,0
East,Phone,DSL,Basic,New,1,1,1,1,0,49.39916744686986,1,0
West,Online,DSL,Premium,New,1,1,1,1,1,80.84445034138902,0,0
West,Phone,Fiber,Basic,New,1,0,1,1,0,183.951032329969,1,0
South,Online,Fiber,Standard,Existing,1,1,0,1,0,179.53623202404862,0,0
East,Phone,DSL,Standard,New,0,1,1,1,0,42.577875028613974,0,0
North,Store,DSL,Premium,New,1,1,0,1,1,132.42249797675663,0,0
West,Store,5G,Premium,New,1,1,1,1,0,91.12268878672646,0,0
North,Store,Fiber,Basic,New,1,1,0,1,1,124.8874468021834,3,0
North,Online,Fiber,Basic,New,1,1,1,1,0,75.19635236045282,1,0
East,Online,5G,Basic,New,0,1,1,1,1,152.9196571748319,2,0
East,Phone,DSL,Premium,New,1,1,0,1,0,93.01738297557719,0,0
West,Phone,DSL,Premium,Existing,0,1,1,1,0,142.73463058594535,0,0
East,Phone,Fiber,Standard,Existing,1,0,1,1,0,52.05013206275352,2,1
East,Online,5G,Basic,New,1,1,1,1,1,194.06260850721483,1,0
East,Phone,DSL,Basic,New,1,1,1,1,0,80.53678682897542,0,0
North,Store,Fiber,Standard,Existing,1,1,1,1,1,105.22875706952549,0,0
West,Phone,DSL,Standard,New,1,0,1,1,1,100.94812163198439,0,0
South,Store,DSL,Standard,Existing,1,1,0,1,0,135.35442806618494,0,0
North,Online,DSL,Standard,New,1,1,1,1,1,56.97488750424094,2,0
East,Store,Fiber,Basic,Existing,1,1,1,1,0,93.40736899787285,0,0
North,Store,5G,Premium,New,1,1,1,0,1,180.91229350639065,0,0
East,Store,5G,Basic,Existing,1,1,1,1,0,103.64204395380662,1,0
East,Online,DSL,Standard,Existing,1,1,1,1,1,78.01685951845059,0,0
North,Online,5G,Premium,New,1,1,0,1,1,184.49362739764655,0,0
West,Online,DSL,Basic,Existing,0,1,1,1,0,133.4492052528979,0,0
East,Online,Fiber,Standard,Existing,1,1,1,1,0,106.61533932632099,1,0
West,Phone,Fiber,Premium,New,1,0,1,1,0,190.0959390898323,0,0
South,Online,Fiber,Premium,Existing,1,0,1,1,0,151.7132303426947,2,1
East,Store,DSL,Premium,Existing,1,1,1,0,0,147.1316291009601,1,0
West,Online,5G,Basic,Existing,1,1,0,1,0,92.41257002357818,0,0
West,Phone,Fiber,Standard,Existing,1,1,1,1,1,129.55799752514147,0,0
South,Phone,DSL,Basic,New,1,1,1,1,1,115.13482274450483,1,0
West,Phone,5G,Basic,Existing,1,1,0,1,0,103.86402443385158,0,0
West,Store,5G,Basic,Existing,1,1,1,1,0,41.05071948694031,2,0
South,Online,5G,Premium,Existing,1,1,1,1,0,87.04113894395535,1,0
East,Online,DSL,Standard,Existing,0,1,1,1,1,196.70699998172162,0,0
West,Online,DSL,Basic,New,1,1,1,1,0,164.85200607616312,2,0
West,Store,DSL,Standard,Existing,1,0,1,1,0,138.38802565146977,1,0
West,Store,Fiber,Premium,New,1,1,1,1,0,106.69573439874344,1,0
North,Phone,DSL,Basic,New,0,1,1,1,0,52.306335315119256,1,0
South,Phone,Fiber,Standard,Existing,1,1,1,0,0,137.51255657642878,0,0
North,Online,Fiber,Premium,New,1,1,1,1,0,83.57855074329889,0,0
South,Store,Fiber,Basic,Existing,1,1,1,1,0,132.18417715366596,1,0
East,Store,DSL,Basic,Existing,1,1,1,1,0,191.51820557462338,0,0
East,Online,Fiber,Standard,Existing,0,1,0,1,0,165.75795221081438,0,0
West,Online,DSL,Standard,New,0,1,1,1,1,193.68914183818293,1,0
South,Phone,DSL,Basic,New,1,1,1,0,1,174.03531506416735,0,0
East,Phone,Fiber,Basic,Existing,1,1,1,1,0,54.01957656775881,1,0
South,Phone,Fiber,Premium,New,1,1,1,1,0,55.50172150377307,1,0
East,Online,Fiber,Premium,New,1,1,1,1,0,148.34808802784988,1,0
North,Online,DSL,Basic,New,1,1,1,0,0,145.02146680353357,0,0
East,Phone,DSL,Standard,New,1,1,1,1,0,100.78288209939556,1,0
North,Phone,Fiber,Standard,Existing,1,1,1,0,0,48.57857574497643,0,0
East,Store,Fiber,Basic,Existing,1,1,1,1,0,154.20321147269925,0,0
West,Store,5G,Premium,Existing,1,0,1,1,0,56.78859522884436,1,0
North,Phone,Fiber,Basic,New,0,1,0,1,1,141.66551553294303,0,0
East,Phone,5G,Standard,Existing,1,1,1,1,1,47.695671869832914,1,0
West,Store,5G,Basic,Existing,1,0,1,1,0,69.102184281343,0,0
North,Phone,DSL,Basic,Existing,1,1,1,1,0,129.04246625631248,1,0
West,Store,DSL,Premium,New,1,1,1,1,0,135.56545055842622,0,0
South,Store,5G,Standard,New,1,1,1,1,1,147.52394967191276,1,0
South,Store,5G,Standard,New,1,1,1,1,0,57.71520174930689,1,0
North,Online,Fiber,Basic,Existing,1,1,1,1,0,111.13518887596292,1,0
East,Online,5G,Standard,Existing,1,1,1,1,0,61.41394877733649,0,0
North,Phone,Fiber,Standard,Existing,1,1,1,1,1,189.81487162194492,1,0
West,Store,DSL,Standard,New,1,1,0,1,0,173.495601056545,0,0
East,Online,Fiber,Standard,Existing,1,1,1,1,0,130.36272063962565,0,0
South,Phone,DSL,Premium,New,1,1,1,1,0,108.91752102647771,1,0
East,Phone,5G,Premium,New,1,1,0,1,1,91.96335359087668,0,0
South,Phone,5G,Premium,New,1,1,1,1,1,165.71802884211766,0,0
East,Phone,5G,Premium,Existing,1,1,0,1,0,121.56297255728097,0,0
East,Phone,Fiber,Premium,New,1,1,1,1,0,41.94121855451664,1,0
East,Store,DSL,Standard,Existing,1,1,1,0,0,131.2547073948517,0,0
West,Phone,DSL,Basic,New,1,1,1,1,0,177.12577362864923,2,0
West,Store,DSL,Basic,Existing,1,1,1,1,0,137.0469719097889,1,0
North,Online,DSL,Premium,New,1,1,1,1,0,51.284408762452586,0,0
North,Phone,DSL,Standard,Existing,0,1,0,1,1,134.47100644791408,1,0
South,Online,Fiber,Premium,Existing,1,1,1,1,0,159.9814162227274,0,0
West,Store,DSL,Basic,New,0,1,1,1,1,158.16086954760846,0,0
South,Store,5G,Standard,Existing,1,1,1,1,0,126.65224680675274,2,0
North,Online,DSL,Standard,Existing,1,1,0,1,0,160.47289001095987,1,0
South,Phone,5G,Standard,New,1,0,1,0,0,58.86109756537783,0,1
North,Phone,Fiber,Basic,New,1,1,1,1,0,81.84413483869989,1,0
West,Online,Fiber,Basic,Existing,0,1,1,1,0,76.32586299762872,1,0
East,Online,5G,Premium,New,1,1,0,1,0,95.78415778235356,1,0
West,Online,DSL,Premium,Existing,1,1,1,1,0,141.8741888413122,0,0
South,Phone,Fiber,Basic,New,1,1,1,0,0,122.23794966932095,0,0
South,Phone,Fiber,Premium,New,1,1,1,1,1,114.72558121206427,2,0
West,Phone,Fiber,Basic,New,1,1,1,1,1,130.2120707346902,1,0
West,Online,DSL,Standard,Existing,1,1,1,1,0,104.13077530513077,0,0
North,Phone,5G,Premium,New,1,1,1,1,0,194.36462704158302,0,0
South,Store,5G,Basic,Existing,1,0,1,1,0,42.134641400422446,2,1
South,Online,DSL,Basic,Existing,1,1,1,1,1,89.35292100353445,1,0
West,Phone,Fiber,Basic,New,1,1,1,1,0,197.69183047162943,1,0
East,Online,DSL,Premium,New,0,1,0,1,1,187.80052801680813,0,0
South,Store,DSL,Premium,New,1,1,1,0,1,173.32543086540534,0,0
East,Store,5G,Standard,New,0,0,1,1,0,64.80572387179747,0,1
West,Online,DSL,Premium,New,1,0,1,1,1,169.0834579514839,2,1
West,Online,DSL,Premium,Existing,1,0,0,1,0,54.755843449895956,3,1
North,Store,Fiber,Premium,New,1,1,1,1,1,52.48289345584618,0,0
South,Online,Fiber,Standard,Existing,1,1,1,1,0,52.95574785814747,1,0
East,Store,5G,Standard,Existing,1,1,0,1,1,133.1865125159998,0,0
North,Store,Fiber,Standard,New,0,1,0,1,0,150.38789082468682,0,0
South,Phone,DSL,Premium,New,1,0,1,1,1,80.96960715559143,0,0
North,Online,DSL,Basic,Existing,1,1,1,1,0,144.47890387202523,0,0
West,Online,DSL,Premium,Existing,1,1,1,1,0,113.30474544286247,1,0
South,Phone,5G,Standard,New,1,1,1,1,0,195.76669787921676,0,0
North,Store,Fiber,Premium,Existing,1,1,1,1,1,95.06069735603624,0,0
North,Online,DSL,Premium,Existing,1,1,0,1,1,149.31040821995882,1,0
East,Phone,Fiber,Basic,Existing,0,1,1,0,1,60.46595298389923,2,1
North,Phone,Fiber,Basic,New,1,1,1,1,0,49.399190222126336,0,0
South,Online,Fiber,Premium,Existing,1,1,1,1,0,140.14934318338902,2,0
South,Phone,Fiber,Standard,Existing,0,1,1,1,1,80.5701326932654,0,0
East,Store,5G,Premium,Existing,1,1,1,1,1,186.386002768906,1,0
South,Phone,5G,Premium,New,1,1,1,1,0,42.52007163012492,1,0
West,Store,5G,Premium,New,1,1,1,0,1,190.65269263426913,1,0
South,Store,DSL,Standard,Existing,1,1,1,1,1,43.274516609085524,1,0
South,Online,DSL,Standard,Existing,1,0,1,1,1,143.61329793504908,2,1
North,Phone,DSL,Standard,Existing,1,1,1,1,0,175.04620420323158,0,0
North,Store,5G,Standard,New,1,1,1,0,1,108.79248905236622,1,0
South,Store,Fiber,Standard,New,1,0,0,1,1,145.6149517241687,1,1
East,Phone,5G,Premium,Existing,1,1,1,1,1,86.99514920365576,0,0
North,Store,DSL,Standard,Existing,1,1,1,1,1,114.35755385077547,0,0
East,Phone,DSL,Premium,Existing,0,1,1,1,1,67.6953377579018,0,0
South,Online,Fiber,Premium,Existing,1,1,0,1,1,76.62965445874369,0,0
South,Store,5G,Premium,Existing,1,1,1,1,0,183.0865990134774,0,0
West,Store,Fiber,Basic,Existing,1,1,1,1,1,153.63907692311273,0,0
North,Phone,5G,Standard,Existing,1,0,1,1,0,174.73073151959002,0,0
South,Phone,DSL,Standard,New,1,1,1,1,1,105.21809029943049,0,0
West,Phone,Fiber,Premium,New,1,0,1,1,1,60.41756866162839,0,0
North,Phone,Fiber,Basic,New,1,1,1,1,0,186.033906754489,2,0
South,Store,5G,Standard,Existing,1,1,1,1,1,194.53651957850133,0,0
South,Online,5G,Premium,New,0,1,1,1,0,176.31625348642504,0,0
North,Online,5G,Basic,Existing,1,0,1,1,1,130.0857339842429,0,0
North,Online,DSL,Premium,New,1,1,0,1,0,120.17633560817725,0,0
North,Online,5G,Basic,New,1,1,1,1,0,183.17731729826787,1,0
South,Phone,DSL,Premium,New,1,1,1,1,0,105.8861995808664,1,0
South,Store,5G,Standard,New,1,1,1,0,0,133.9185582416441,0,0
West,Store,5G,Premium,New,1,1,1,1,1,106.27353318222231,1,0
East,Store,DSL,Premium,Existing,1,1,1,1,0,52.56593938959321,0,0
North,Phone,5G,Basic,Existing,1,1,1,1,1,181.77886725491405,1,0
South,Store,DSL,Basic,New,0,1,1,1,1,155.55044050803843,0,0
South,Phone,DSL,Standard,Existing,0,0,0,1,0,114.2838252331333,0,1
North,Store,5G,Premium,New,0,1,1,1,1,65.9763659538698,3,0
East,Online,5G,Basic,New,1,1,1,1,1,68.31607694974623,1,0
North,Phone,Fiber,Standard,New,1,1,1,1,1,146.2495944401826,2,0
East,Store,5G,Standard,Existing,1,1,1,1,0,189.94968276001362,0,0
South,Online,Fiber,Basic,New,1,1,1,1,0,108.56178573547237,0,0
East,Online,5G,Basic,New,1,1,1,1,1,111.16303572677553,0,0
West,Online,DSL,Premium,Existing,1,1,1,1,0,149.70822352039954,1,0
South,Phone,DSL,Standard,New,1,1,1,1,1,176.80818310225274,2,0
West,Phone,Fiber,Basic,Existing,1,1,1,1,0,168.6013965421125,0,0
North,Store,5G,Standard,Existing,1,1,1,1,1,154.34773058375953,1,0
North,Online,Fiber,Premium,Existing,1,1,1,1,1,81.45515524167168,1,0
North,Store,5G,Basic,Existing,0,1,1,1,0,67.45675143456074,0,0
East,Store,5G,Standard,Existing,0,1,0,1,0,41.14988548826362,0,0
South,Online,DSL,Basic,Existing,1,1,1,1,0,195.12963015378017,0,0
North,Store,Fiber,Premium,Existing,0,1,1,1,0,109.36910002208704,2,0
North,Phone,DSL,Premium,Existing,1,1,1,1,0,71.82472924815245,1,0
South,Store,DSL,Premium,Existing,1,1,0,1,0,59.58796170073006,1,0
North,Online,DSL,Premium,Existing,0,1,1,1,0,63.92499124202354,1,0
West,Phone,Fiber,Basic,Existing,1,1,1,1,0,93.623116917034,1,0
South,Phone,5G,Basic,Existing,0,1,1,1,0,177.37941483164417,1,0
South,Store,5G,Standard,Existing,1,1,1,1,1,195.2472944231358,0,0
South,Store,Fiber,Standard,Existing,1,1,1,1,0,121.14800690805004,0,0
West,Phone,5G,Basic,Existing,1,1,1,1,1,90.95394596817309,0,0
South,Store,Fiber,Basic,Existing,1,1,1,1,1,68.07388043466767,2,0
West,Online,Fiber,Standard,Existing,1,1,1,1,0,85.98714380902307,0,0
South,Store,5G,Basic,New,1,1,1,1,0,139.0454224741743,0,0
East,Store,DSL,Premium,New,1,1,1,1,0,191.24106569377835,0,0
North,Phone,Fiber,Premium,Existing,1,1,1,1,0,118.57914101224749,1,0
East,Store,Fiber,Premium,Existing,1,1,1,1,0,62.37069097929053,1,0
North,Store,Fiber,Standard,New,1,1,1,1,0,191.38934422992858,1,0
West,Store,Fiber,Basic,New,1,1,1,0,1,194.05782892823555,0,0
East,Online,5G,Standard,Existing,1,1,1,1,0,183.2258483284161,0,0
South,Store,5G,Standard,Existing,1,1,1,1,0,177.46552349133378,0,0
North,Online,Fiber,Basic,New,1,1,1,1,1,164.38806301095548,2,0
North,Online,DSL,Standard,Existing,1,1,1,1,0,60.18497149360741,0,0
East,Online,5G,Premium,New,0,0,1,1,0,92.35489446586158,1,1
West,Online,DSL,Basic,Existing,1,1,1,0,0,160.66420254499036,0,0
East,Phone,DSL,Premium,New,1,1,1,1,0,178.60162131653863,2,0
West,Online,Fiber,Premium,Existing,1,1,1,1,1,76.39207751379764,2,0
West,Store,5G,Basic,Existing,1,0,1,1,0,139.34257281288217,0,0
North,Online,Fiber,Premium,New,1,1,0,1,1,49.4457329682794,2,0
East,Store,Fiber,Premium,Existing,1,1,1,1,1,176.9467380345336,0,0
East,Online,DSL,Premium,New,1,1,1,1,0,95.59288291481052,1,0
West,Phone,DSL,Basic,New,1,1,1,0,1,71.45620272033301,3,1
East,Online,DSL,Basic,New,1,1,0,1,1,174.02262158880868,1,0
South,Online,Fiber,Basic,Existing,1,1,1,1,0,67.28503495357867,0,0
South,Phone,Fiber,Standard,New,1,1,1,1,0,113.71024074001781,0,0
East,Online,Fiber,Premium,Existing,1,1,1,1,1,55.290455195680934,0,0
East,Store,Fiber,Standard,New,1,1,1,1,1,111.19908965716975,1,0
West,Online,Fiber,Standard,New,0,1,1,1,1,187.8631251264289,3,0
South,Online,Fiber,Premium,New,1,1,0,0,1,150.9785239498023,1,1
South,Online,Fiber,Basic,New,0,1,0,1,0,197.49744290119023,1,0
North,Phone,Fiber,Standard,Existing,1,1,1,1,0,111.68373831376226,0,0
West,Online,5G,Basic,Existing,1,1,1,1,0,182.27389307852474,1,0
North,Online,5G,Basic,Existing,1,1,1,1,0,185.80167449642644,1,0
South,Store,5G,Premium,Existing,1,1,1,1,1,54.47191379713614,1,0
West,Online,5G,Standard,Existing,1,1,1,1,1,196.64522870862504,1,0
East,Online,Fiber,Standard,Existing,1,1,1,1,1,182.75208290760335,1,0
West,Online,Fiber,Basic,New,1,1,1,1,1,140.22399367110538,0,0
East,Online,DSL,Premium,Existing,1,1,1,1,0,125.82832147574624,0,0
East,Store,DSL,Standard,Existing,0,1,1,1,0,101.62858415189076,0,0
West,Store,5G,Basic,Existing,1,1,1,1,0,133.80333506209055,1,0
East,Phone,DSL,Basic,Existing,1,1,1,1,0,157.85923809934587,0,0
North,Online,5G,Basic,Existing,1,1,1,1,1,153.37263916618227,3,0
South,Phone,Fiber,Premium,Existing,1,1,1,1,0,88.0496734681158,0,0
East,Phone,Fiber,Premium,New,0,1,1,1,1,147.47392022847606,0,0
North,Online,DSL,Basic,New,1,1,1,1,0,40.74453684997746,0,0
East,Store,Fiber,Basic,Existing,1,1,1,1,0,67.17429957786592,1,0
South,Store,Fiber,Premium,New,1,1,1,1,0,64.29882668691663,1,0
North,Online,5G,Basic,Existing,1,1,0,1,0,158.5637649438093,0,0
South,Online,DSL,Basic,New,0,1,1,1,0,183.51611214655696,0,0
South,Store,Fiber,Premium,Existing,1,1,1,1,1,53.81474267985597,0,0
North,Online,DSL,Basic,New,1,1,1,1,1,185.89297848487416,0,0
North,Online,Fiber,Basic,New,1,1,1,1,0,89.05829057108002,1,0
North,Online,5G,Basic,Existing,1,1,1,1,0,139.62841917663127,1,0
West,Store,Fiber,Premium,Existing,1,1,1,1,1,66.22903243727414,0,0
North,Phone,DSL,Premium,New,1,1,0,0,0,104.44724990205317,0,1
North,Phone,DSL,Premium,Existing,1,1,1,1,0,113.91245751259734,1,0
North,Online,5G,Standard,Existing,1,1,0,1,1,99.93175571566759,2,0
North,Store,Fiber,Standard,Existing,0,1,1,1,0,171.54087265641937,0,0
East,Online,5G,Standard,Existing,1,1,1,1,1,133.37333143983307,0,0
West,Store,DSL,Standard,Existing,1,1,1,1,0,119.38167489598916,1,0
South,Online,5G,Premium,Existing,1,1,1,0,1,165.4349873745928,0,0
North,Store,Fiber,Basic,New,1,1,1,1,1,153.496686382201,0,0
East,Store,Fiber,Premium,Existing,1,1,1,1,0,56.777433207989475,0,0
East,Phone,5G,Standard,Existing,1,1,1,1,1,122.8550694331424,2,0
East,Online,DSL,Premium,New,1,1,1,1,0,167.66225818892696,1,0
South,Phone,DSL,Basic,New,0,1,0,0,0,142.08090124987456,0,1
North,Phone,5G,Standard,New,1,1,1,1,0,154.05338113048876,2,0
West,Store,Fiber,Basic,Existing,1,1,1,1,0,131.73438589378378,0,0
West,Online,Fiber,Basic,New,1,1,0,1,0,188.48677310449904,0,0
East,Store,Fiber,Basic,New,0,1,1,0,0,122.31514542134015,1,1
South,Store,Fiber,Standard,New,1,1,1,1,0,130.19827767175104,0,0
South,Store,DSL,Premium,New,1,1,1,1,0,180.67175999132098,1,0
South,Online,Fiber,Standard,New,1,1,1,0,0,138.3609240808286,1,0
West,Online,5G,Standard,New,1,1,0,1,1,110.01394716068776,0,0
East,Store,5G,Premium,New,0,0,1,1,1,80.57148254885328,0,1
North,Online,5G,Premium,New,1,1,1,1,0,194.47935239327185,3,0
West,Store,5G,Premium,Existing,1,1,1,1,1,163.3630160583361,1,0
East,Online,Fiber,Premium,Existing,1,1,0,1,0,53.24483936484896,0,0
East,Online,DSL,Basic,New,1,1,1,0,0,60.049981000101326,0,0
North,Phone,Fiber,Standard,Existing,1,0,0,1,0,72.85735992734585,0,1
North,Store,DSL,Standard,Existing,1,0,1,1,0,77.91416879991188,1,0
North,Phone,Fiber,Standard,Existing,1,1,1,1,0,143.2128026535051,1,0
South,Phone,DSL,Premium,New,0,1,1,1,1,125.27871497095839,1,0
North,Store,5G,Standard,New,1,1,1,1,1,77.7296429063787,1,0
East,Store,5G,Basic,Existing,1,1,1,1,0,63.93582829693482,0,0
North,Online,DSL,Standard,New,0,1,1,1,1,150.68686844533943,1,0
East,Store,DSL,Standard,Existing,1,1,0,1,0,48.41120483337754,1,0
West,Phone,DSL,Basic,New,1,1,1,1,1,75.07890736633242,1,0
South,Phone,5G,Basic,Existing,1,1,1,1,1,87.3161865160391,1,0
West,Store,5G,Standard,New,1,1,1,1,0,69.00624417411974,1,0
West,Phone,Fiber,Premium,New,1,1,1,1,1,131.853788671798,5,0
East,Online,DSL,Premium,Existing,0,1,1,1,0,154.7394004921408,1,0
West,Phone,DSL,Standard,Existing,1,1,1,1,1,105.17933198868045,1,0
East,Online,DSL,Standard,Existing,1,1,1,1,0,66.65958811200827,0,0
North,Phone,5G,Standard,Existing,0,1,0,1,1,104.22371969786613,0,0
North,Online,DSL,Standard,New,1,1,1,1,1,114.54176270534974,1,0
East,Online,DSL,Premium,New,1,0,1,1,1,180.76057654918392,1,0
North,Store,5G,Standard,Existing,0,1,1,0,0,125.05296530591355,2,1
South,Online,DSL,Basic,Existing,1,0,1,1,0,49.15754768991086,0,0
West,Store,Fiber,Premium,New,1,1,1,1,0,196.50939895579538,2,0
South,Phone,5G,Premium,New,1,1,0,1,0,70.19944041243465,1,0
West,Phone,5G,Basic,New,1,1,1,1,0,124.53969679427684,0,0
North,Phone,5G,Standard,New,1,1,1,1,1,94.6194759613403,0,0
South,Online,Fiber,Standard,Existing,1,0,1,1,1,151.706559807558,1,0
North,Phone,5G,Standard,Existing,0,1,1,1,1,70.53217984012248,1,0
West,Phone,5G,Standard,New,1,1,1,1,0,121.9909227816298,2,0
East,Store,5G,Standard,New,1,1,1,0,0,122.2727258267015,0,0
East,Store,5G,Basic,Existing,1,1,0,1,1,144.1683661803961,0,0
South,Phone,Fiber,Standard,Existing,1,1,1,1,1,133.1261231693004,1,0
North,Phone,DSL,Basic,New,1,1,1,1,1,60.14878361640715,1,0
North,Online,DSL,Basic,Existing,1,1,1,1,0,151.07940668244143,1,0
South,Online,5G,Basic,Existing,1,1,1,1,1,114.08882080970074,1,0
East,Phone,Fiber,Standard,New,0,1,1,1,1,69.99843904138659,0,0
West,Store,5G,Standard,Existing,1,1,1,1,0,104.01755972822133,1,0
South,Phone,DSL,Premium,New,1,1,0,1,0,99.09363084049764,2,0
West,Online,DSL,Premium,New,1,1,1,1,0,110.9478397728236,2,0
East,Store,Fiber,Basic,New,1,1,1,1,1,183.14375623637966,1,0
North,Store,DSL,Premium,Existing,0,1,0,1,0,179.45080274621546,0,0
East,Online,5G,Basic,Existing,1,1,0,1,0,43.84846990493136,1,0
South,Phone,Fiber,Premium,Existing,1,1,0,1,1,122.09056470663448,3,0
North,Phone,DSL,Standard,New,1,0,1,1,0,51.73836795863585,2,1
South,Phone,5G,Standard,Existing,1,1,1,1,0,45.8162799442071,1,0
South,Online,Fiber,Basic,Existing,1,1,1,1,0,73.79724080784591,2,0
East,Store,5G,Basic,New,1,1,0,1,0,194.49475131453633,0,0
South,Online,DSL,Standard,Existing,1,1,1,1,1,188.94059792625052,1,0
East,Phone,5G,Standard,Existing,1,1,1,1,0,154.1219328450806,0,0
North,Online,Fiber,Standard,New,1,0,0,1,0,89.3857042819773,0,1
East,Store,5G,Premium,Existing,1,1,1,1,0,73.82266337096205,1,0
North,Online,DSL,Premium,Existing,1,1,1,1,1,67.41731508939614,2,0
East,Phone,Fiber,Premium,Existing,1,1,1,1,1,43.42523952992251,1,0
West,Store,Fiber,Premium,Existing,1,0,1,0,0,110.45772556725687,0,1
West,Online,DSL,Basic,Existing,0,1,1,1,1,137.00314675096763,0,0
South,Online,5G,Basic,Existing,1,1,1,1,1,135.08239406374662,0,0
East,Store,5G,Premium,New,1,0,1,1,0,152.2485959358062,0,0
East,Store,DSL,Basic,New,1,1,1,1,0,121.70454808016905,0,0
North,Phone,Fiber,Premium,New,1,1,0,1,1,125.39035983624977,0,0
South,Store,DSL,Premium,Existing,0,1,0,1,1,193.50200509323045,3,1
East,Phone,Fiber,Standard,New,0,1,1,1,0,130.32579691233138,3,0
South,Online,Fiber,Premium,New,1,1,1,1,1,179.81995883307223,1,0
West,Phone,5G,Basic,New,0,1,1,1,1,59.92272393959382,1,0
East,Online,DSL,Premium,Existing,1,1,1,1,0,172.208677641741,2,0
East,Store,Fiber,Standard,New,1,1,1,1,0,150.15549712145557,1,0
South,Online,5G,Basic,Existing,1,1,1,1,0,40.925471678846975,0,0
East,Store,DSL,Standard,New,0,1,1,1,0,73.68050627835727,0,0
South,Online,DSL,Premium,New,1,1,1,1,0,74.44588357416471,0,0
East,Online,Fiber,Premium,New,1,1,1,0,0,103.5700033487093,0,0
North,Online,Fiber,Premium,New,1,1,1,1,0,102.65861664538527,1,0
South,Online,Fiber,Premium,Existing,1,1,1,1,0,95.87983309015378,0,0
East,Phone,DSL,Basic,New,0,1,1,1,1,109.52753444243433,1,0
West,Online,Fiber,Premium,New,1,1,1,1,1,172.3280785634235,4,0
East,Phone,DSL,Standard,New,1,0,1,1,1,48.08241252564615,0,0
West,Store,5G,Basic,Existing,1,1,1,1,1,175.57917882575063,0,0
West,Store,DSL,Basic,New,1,0,1,1,0,186.96604642460431,0,0
North,Phone,Fiber,Basic,New,1,1,1,1,1,66.64240867765648,0,0
South,Store,DSL,Standard,Existing,1,1,1,1,0,98.5852006008446,0,0
East,Store,Fiber,Standard,Existing,1,1,0,1,1,144.1815869444929,2,0
North,Online,5G,Standard,New,1,1,1,1,1,196.57131779371878,1,0
East,Online,Fiber,Standard,New,1,1,1,1,1,178.58726824374935,0,0
West,Online,Fiber,Premium,New,1,1,1,1,0,158.54864584139725,0,0
South,Phone,Fiber,Premium,New,1,1,1,1,0,190.29923343234614,1,0
East,Phone,Fiber,Standard,Existing,1,1,1,1,0,197.18200904026713,0,0
East,Store,Fiber,Standard,New,1,1,1,1,1,183.7006991265509,0,0
West,Online,Fiber,Premium,New,1,1,0,1,0,69.81380341180073,1,0
East,Phone,5G,Premium,New,1,1,1,1,0,154.21972226339886,0,0
East,Phone,5G,Standard,Existing,1,1,1,1,1,103.88267455979657,2,0
West,Online,DSL,Basic,Existing,1,1,1,1,1,170.77814331675955,0,0
North,Phone,Fiber,Basic,New,1,1,1,1,0,48.88421104112073,0,0
West,Online,DSL,Standard,Existing,1,1,1,1,1,172.64622539132228,0,0
North,Store,5G,Basic,New,1,1,1,1,0,87.11271580859614,2,0
South,Store,5G,Premium,New,0,1,1,1,1,163.31174222661474,0,0
North,Store,Fiber,Basic,Existing,1,1,0,1,0,66.91382441006355,3,0
North,Online,Fiber,Standard,Existing,0,0,1,1,1,47.80779290996166,0,1
South,Phone,DSL,Basic,Existing,1,1,0,1,0,144.0067200009006,0,0
North,Store,5G,Basic,New,1,1,1,1,1,111.06027229884288,1,0
West,Store,DSL,Basic,Existing,1,1,1,1,0,175.48842540807894,0,0
North,Store,DSL,Premium,New,1,1,1,1,1,186.06103627147826,1,0
South,Phone,DSL,Premium,Existing,0,1,1,1,0,104.98165109346901,0,0
West,Phone,Fiber,Premium,New,1,1,1,1,1,138.68589801059966,0,0
South,Online,5G,Standard,New,1,1,1,1,1,84.73567622978075,2,0
South,Store,DSL,Basic,New,0,1,1,1,0,81.46782360861798,2,0
East,Phone,5G,Premium,Existing,1,1,1,1,1,177.45103435195094,1,0
East,Online,5G,Premium,Existing,1,0,1,1,1,63.273465947825684,0,0
South,Store,DSL,Basic,Existing,1,0,1,1,1,111.21700514838827,3,1
South,Phone,DSL,Standard,New,1,1,1,1,0,112.64970345205064,2,0
South,Phone,Fiber,Basic,Existing,1,1,1,1,0,133.5068009081135,1,0
East,Online,5G,Standard,Existing,1,1,1,1,0,140.9913851369496,0,0
East,Store,DSL,Basic,Existing,1,1,1,1,1,109.2076924881156,1,0
North,Store,DSL,Premium,Existing,1,1,1,1,0,110.67526771357024,1,0
North,Phone,5G,Premium,New,1,1,1,1,0,139.45681958428963,0,0
South,Store,DSL,Premium,Existing,1,1,1,1,0,152.37229938089587,0,0
West,Online,5G,Standard,New,1,1,1,1,0,166.96227020211626,1,0
West,Phone,DSL,Basic,New,1,1,1,1,0,149.42713943893213,0,0
East,Phone,5G,Standard,New,1,1,1,1,1,41.205663158290875,0,0
East,Online,DSL,Premium,New,1,1,1,1,1,76.99002552838547,1,0
East,Phone,DSL,Standard,New,1,1,1,1,0,61.597543742833935,3,0
South,Store,Fiber,Standard,Existing,1,1,1,1,0,169.86979606465096,0,0
West,Store,5G,Standard,Existing,1,1,1,1,0,116.9530337176266,1,0
North,Phone,Fiber,Basic,New,1,1,1,0,0,101.33588538303286,1,0
South,Online,DSL,Standard,Existing,1,1,1,1,0,159.9916542591193,0,0
North,Online,5G,Standard,New,1,1,0,1,1,52.2364761918211,1,0
North,Store,5G,Standard,New,1,1,1,1,0,152.59718890264614,1,0
South,Online,DSL,Premium,New,1,1,1,1,0,123.58509297247818,0,0
North,Phone,DSL,Premium,New,1,1,1,1,1,107.62715385502561,0,0
West,Phone,DSL,Basic,Existing,1,1,1,1,1,145.6197604563999,0,0
North,Store,DSL,Premium,New,1,1,1,1,1,43.36438968873408,2,0
West,Store,5G,Basic,Existing,1,1,1,1,1,56.424682728066045,1,0
West,Store,Fiber,Premium,Existing,1,1,1,0,0,103.65673877469676,0,0
West,Online,5G,Basic,Existing,1,1,0,0,1,54.89410835607556,0,1
East,Phone,5G,Basic,Existing,1,1,1,1,0,117.25085507757548,1,0
North,Phone,5G,Basic,New,1,1,1,1,1,135.22975544884105,0,0
South,Phone,5G,Premium,Existing,1,1,1,1,0,143.12940511040313,0,0
South,Store,DSL,Standard,New,1,1,1,1,0,77.87737683410604,1,0
North,Phone,Fiber,Premium,Existing,1,1,1,1,0,162.2741601174416,2,0
East,Online,5G,Standard,New,1,1,1,1,1,54.58318102078947,1,0
East,Online,5G,Premium,New,1,1,1,1,0,188.59688749939616,2,0
West,Phone,Fiber,Standard,Existing,1,1,1,1,1,61.81359878277797,0,0
North,Store,DSL,Premium,Existing,1,1,0,1,0,109.46956236025828,0,0
North,Phone,5G,Basic,Existing,1,1,1,1,0,46.16208150884937,2,0
South,Online,DSL,Basic,New,1,1,0,1,1,117.43479253620869,0,0
North,Online,5G,Basic,Existing,1,0,1,1,1,188.24971447533193,1,0
East,Online,5G,Standard,Existing,1,1,1,1,1,74.31749390671875,0,0
North,Phone,Fiber,Standard,Existing,0,1,1,1,0,185.00954960924514,1,0
South,Online,Fiber,Basic,New,1,1,1,1,1,120.67988704689041,0,0
West,Store,DSL,Standard,Existing,1,1,1,1,0,57.27138308912053,0,0
South,Phone,5G,Basic,Existing,1,1,0,1,0,163.47324505196144,0,0
South,Phone,DSL,Premium,New,1,0,1,1,0,109.95399173284083,2,1
West,Online,Fiber,Standard,Existing,1,1,1,1,1,116.70512427442503,0,0
South,Online,Fiber,Standard,New,0,1,1,1,0,138.0816949047232,0,0
South,Store,Fiber,Premium,New,1,0,1,1,0,172.73732836561638,1,0
North,Phone,Fiber,Standard,New,1,1,1,1,1,105.5967629659584,2,0
North,Online,Fiber,Standard,New,0,1,1,1,0,160.31504899273165,0,0
West,Store,DSL,Standard,New,0,1,1,1,0,65.73892468667346,0,0
North,Online,DSL,Premium,New,0,1,1,1,1,47.67497551998673,0,0
North,Phone,Fiber,Basic,New,1,1,1,0,1,47.5570846210057,0,0
South,Online,5G,Basic,New,1,1,1,1,0,46.709557875594726,0,0
East,Phone,5G,Premium,New,0,1,1,1,0,124.19164740048214,2,0
North,Online,5G,Premium,New,0,1,1,1,1,102.43605019110701,1,0
East,Phone,5G,Premium,New,1,1,1,1,0,165.73561953742075,0,0
North,Store,5G,Basic,New,1,1,0,1,1,40.49623006980774,0,0
North,Phone,Fiber,Premium,New,1,1,1,1,0,147.41407879456312,0,0
West,Store,DSL,Basic,New,1,1,1,1,1,99.86371747501894,0,0
West,Phone,Fiber,Premium,Existing,1,1,1,1,0,115.31031026547811,0,0
West,Store,5G,Standard,New,1,1,1,1,0,61.5961219403577,0,0
East,Online,5G,Basic,Existing,1,1,1,1,1,162.55972576717087,0,0
South,Phone,DSL,Basic,Existing,1,0,1,1,0,179.1879489945632,0,0
North,Online,Fiber,Premium,Existing,1,1,1,1,1,45.64624071484932,1,0
North,Store,DSL,Standard,Existing,1,1,1,1,1,94.08596724209477,1,0
North,Phone,5G,Basic,Existing,0,1,1,1,0,106.55727907520875,1,0
East,Phone,5G,Premium,Existing,1,0,1,1,0,176.98306907191883,4,1
West,Online,DSL,Standard,New,1,1,1,1,1,167.23183307419794,2,0
South,Phone,5G,Basic,Existing,1,1,1,1,1,127.78216918624437,0,0
East,Phone,Fiber,Premium,New,1,1,1,1,0,68.8078657703123,1,0
West,Online,5G,Standard,New,0,1,0,0,1,128.64721196691517,0,1
East,Phone,5G,Basic,Existing,1,1,1,1,1,110.53864476065223,1,0
South,Online,Fiber,Basic,New,1,1,1,1,1,184.50221489450465,2,0
West,Online,5G,Standard,New,1,1,1,1,1,82.85765986409919,1,0
East,Online,DSL,Premium,Existing,1,1,1,1,1,167.25898534081466,1,0
South,Online,DSL,Premium,New,0,1,1,0,1,130.43993996764112,3,1
North,Online,5G,Standard,Existing,1,1,1,1,0,45.325797172651846,0,0
South,Store,Fiber,Basic,Existing,1,1,1,1,0,80.02719715790153,0,0
North,Store,Fiber,Standard,Existing,1,1,1,1,1,60.89801835402072,0,0
East,Online,DSL,Standard,Existing,0,1,1,1,0,114.93729859279014,0,0
West,Store,5G,Standard,Existing,1,0,1,1,0,166.7681279061786,1,0
West,Store,Fiber,Basic,New,1,1,1,1,0,133.90493583592036,0,0
East,Phone,Fiber,Standard,Existing,1,1,1,1,0,92.27743297535879,0,0
West,Online,DSL,Standard,Existing,0,1,1,1,0,156.2863569219202,0,0
West,Store,DSL,Basic,New,1,1,1,1,1,139.21556596121678,0,0
North,Phone,Fiber,Basic,Existing,1,1,1,1,0,51.124127216863435,0,0
East,Phone,DSL,Standard,Existing,1,1,0,1,0,57.288501838446706,0,0
South,Online,Fiber,Premium,Existing,1,1,1,1,0,56.2056229067432,0,0
North,Online,5G,Standard,Existing,1,1,1,1,1,91.02372690802778,0,0
East,Phone,DSL,Basic,Existing,1,1,1,1,0,132.63622557539955,0,0
North,Online,DSL,Basic,Existing,1,1,0,1,0,188.98733796605705,0,0
South,Online,5G,Basic,Existing,1,1,1,1,1,146.94727903576091,1,0
South,Phone,Fiber,Premium,New,1,1,1,0,1,153.37487024534042,0,0
East,Phone,Fiber,Basic,Existing,1,1,1,1,0,55.50922529134464,1,0
South,Online,DSL,Premium,New,1,1,0,1,1,56.85730725946988,1,0
North,Store,Fiber,Basic,Existing,1,1,1,1,0,62.12598370392076,1,0
South,Online,Fiber,Basic,Existing,1,1,1,1,1,133.22907693151706,3,0
North,Store,5G,Standard,Existing,1,0,1,1,0,158.91824340491135,0,0
North,Phone,5G,Premium,New,1,1,1,1,0,166.61437663403865,2,0
South,Store,5G,Standard,New,1,0,1,1,0,73.68178276161258,1,0
East,Phone,DSL,Premium,New,1,1,1,1,1,155.60392778343126,0,0
West,Online,5G,Basic,Existing,0,1,1,1,1,91.67458935719266,2,0
South,Online,5G,Basic,Existing,1,1,1,1,1,129.2360100897455,1,0
North,Phone,Fiber,Premium,New,1,1,1,1,0,121.64130483240726,1,0
North,Phone,5G,Standard,New,1,1,1,1,0,51.682916236575466,1,0
South,Phone,DSL,Premium,Existing,1,1,0,1,0,174.54939663191612,0,0
East,Online,5G,Premium,Existing,1,1,1,1,0,157.52397692873137,2,0
East,Online,DSL,Premium,Existing,1,1,1,1,0,148.3031043807546,0,0
North,Store,Fiber,Basic,New,1,1,1,1,0,94.41430285452265,1,0
North,Phone,Fiber,Premium,New,1,1,1,1,1,198.69676437496753,1,0
East,Store,5G,Basic,Existing,1,1,1,1,0,50.052170818534805,0,0
West,Online,Fiber,Standard,Existing,1,1,1,1,0,88.3827541107123,0,0
South,Store,5G,Basic,Existing,1,0,0,1,1,61.06295137450891,2,1
North,Store,Fiber,Standard,New,1,1,1,1,0,77.68309604144878,0,0
North,Online,DSL,Standard,Existing,1,0,0,1,1,111.40125591879556,0,1
East,Online,Fiber,Standard,New,1,1,1,1,0,138.05750872848728,0,0
South,Phone,5G,Basic,New,1,1,1,1,1,55.68121124089657,0,0
East,Store,5G,Premium,New,1,1,0,1,0,132.95942748536066,1,0
South,Online,5G,Basic,Existing,1,1,1,1,1,164.55248844940468,1,0
South,Online,DSL,Standard,Existing,1,0,1,0,0,187.1653820606879,1,1
South,Store,Fiber,Premium,New,0,1,1,1,0,73.38329513657024,1,0
North,Online,5G,Basic,New,1,1,0,1,1,182.7487617130517,1,0
West,Phone,DSL,Standard,Existing,1,0,1,1,0,179.3687012448376,1,0
East,Phone,DSL,Standard,New,1,1,1,1,0,85.08836211656256,1,0
West,Store,DSL,Premium,Existing,1,0,1,1,1,149.995769999773,0,0
East,Phone,Fiber,Basic,Existing,1,1,1,1,0,150.96661019929527,1,0
South,Online,Fiber,Premium,Existing,1,1,1,1,1,191.58840557686557,0,0
North,Online,Fiber,Premium,Existing,1,1,1,1,0,76.98564368190368,0,0
West,Online,DSL,Premium,New,1,1,0,1,1,54.822183991917356,1,0
North,Online,Fiber,Premium,Existing,1,1,1,1,0,129.5305665177528,2,0
East,Store,5G,Basic,New,1,1,1,1,1,81.14818247656758,0,0
North,Phone,DSL,Premium,New,1,1,0,1,0,77.73315549063086,0,0
North,Phone,Fiber,Standard,New,1,1,1,1,1,187.70062502122747,1,0
West,Online,DSL,Standard,Existing,1,1,0,1,1,155.69973148104566,0,0
South,Store,DSL,Standard,Existing,1,1,1,1,1,147.16592339206755,0,0
North,Online,Fiber,Premium,New,1,1,1,1,1,192.35300838767694,0,0
South,Online,DSL,Standard,Existing,1,1,1,1,1,51.046700878896196,1,0
East,Store,Fiber,Basic,Existing,1,1,1,1,1,133.9408472717044,1,0
North,Store,Fiber,Premium,Existing,1,1,1,1,0,117.9943987877134,1,0
West,Online,Fiber,Premium,Existing,0,1,0,1,1,88.34378610017919,1,0
East,Phone,DSL,Premium,Existing,1,1,1,1,0,133.86173534139206,0,0
East,Online,DSL,Basic,New,1,1,1,1,0,168.04376989225963,0,0
West,Phone,Fiber,Premium,Existing,1,1,1,0,0,129.82095275563447,3,1
North,Phone,DSL,Premium,Existing,1,1,1,0,0,67.82530360443054,0,0
North,Store,Fiber,Standard,New,1,1,1,1,1,130.19455304463816,1,0
East,Store,5G,Standard,Existing,1,1,1,1,1,71.43281657601244,1,0
North,Online,DSL,Premium,New,1,1,1,1,0,64.17881273402014,1,0
South,Phone,DSL,Basic,New,0,1,1,1,1,127.48746224931104,0,0
West,Phone,5G,Standard,Existing,1,1,1,1,1,56.97188634136811,2,0
South,Online,5G,Premium,New,1,1,1,1,1,100.18879876766553,0,0
North,Online,5G,Standard,New,1,1,1,1,0,143.98312857610347,0,0
East,Online,Fiber,Standard,Existing,1,1,1,1,1,133.30369228085743,1,0
West,Store,Fiber,Basic,New,1,1,1,1,1,117.40258772654877,4,0
North,Online,5G,Premium,Existing,0,0,1,0,1,78.8788030547399,0,1
North,Online,Fiber,Standard,New,1,1,1,1,0,88.0637302151767,0,0
East,Phone,DSL,Premium,Existing,1,1,0,1,0,75.18221003404351,1,0
East,Online,5G,Basic,New,1,1,1,1,1,124.06290076917023,2,0
South,Phone,DSL,Basic,Existing,1,1,1,1,1,182.0357978059768,0,0
West,Phone,Fiber,Standard,Existing,1,1,1,1,0,174.85498104083257,3,0
West,Store,5G,Basic,New,1,1,1,1,0,167.97707281595515,0,0
East,Online,Fiber,Standard,New,1,1,1,1,0,85.41380947410026,0,0
South,Online,DSL,Premium,Existing,1,1,1,1,0,115.40319022961924,0,0
West,Phone,Fiber,Standard,New,1,0,1,1,0,102.66398957804641,1,0
East,Store,DSL,Standard,New,1,1,1,1,1,124.29338500932305,1,0
North,Store,Fiber,Basic,New,1,0,1,1,0,111.20498335744941,1,0
West,Online,DSL,Premium,Existing,1,1,1,1,0,113.0980975594567,1,0
South,Phone,Fiber,Premium,Existing,1,1,1,1,0,50.92427728677954,1,0
South,Online,5G,Standard,Existing,1,1,0,1,1,72.19817599316288,0,0
South,Online,5G,Premium,New,1,1,1,1,0,100.12754411333184,0,0
North,Online,Fiber,Premium,New,0,1,1,0,1,77.38976914196554,1,1
West,Online,DSL,Standard,New,1,1,1,1,0,180.0616508909664,0,0
West,Phone,Fiber,Standard,Existing,1,1,1,1,0,184.30338718546986,3,0
North,Store,5G,Premium,Existing,1,1,1,1,0,150.56009450335978,0,0
West,Online,DSL,Standard,Existing,1,1,1,1,1,192.55768450876238,0,0
North,Online,Fiber,Basic,Existing,1,1,1,1,0,57.52667115192402,0,0
North,Online,Fiber,Premium,New,0,1,1,0,0,95.4562933191757,0,1
North,Online,DSL,Standard,New,1,1,1,1,0,197.5183594227986,1,0
South,Store,Fiber,Premium,New,0,1,1,1,0,144.2783306064021,0,0
West,Store,5G,Premium,Existing,0,1,1,1,0,192.82210147759096,2,0
North,Store,5G,Basic,New,0,1,1,1,1,73.8260169038582,1,0
West,Store,DSL,Basic,New,1,1,1,1,1,112.36837512546708,1,0
South,Online,Fiber,Premium,Existing,1,1,1,1,0,81.26807383492772,0,0
North,Phone,Fiber,Basic,Existing,1,1,0,1,1,184.92925175177166,0,0
East,Store,5G,Standard,New,1,1,1,1,0,142.41779686364396,2,0
South,Store,DSL,Premium,Existing,1,1,1,1,1,148.72460459263104,3,0
East,Online,DSL,Basic,New,1,1,1,1,0,136.65660191153466,1,0
West,Online,DSL,Premium,New,0,1,0,1,0,166.86051942673737,0,0
West,Online,5G,Premium,Existing,1,1,1,1,1,121.50690834202608,0,0
South,Online,5G,Standard,Existing,1,1,1,1,0,178.83986669513246,0,0
West,Phone,DSL,Standard,New,1,1,1,0,0,46.6441441706251,1,0
East,Phone,DSL,Standard,Existing,1,1,1,1,0,167.81197093782583,0,0
North,Store,Fiber,Basic,Existing,1,1,1,1,0,42.82819446480757,2,0
North,Phone,Fiber,Basic,New,1,1,1,1,1,92.80089907708019,0,0
North,Store,DSL,Basic,New,1,1,0,1,1,112.39838742517719,1,0
South,Store,5G,Standard,New,0,1,1,1,0,128.54673131797196,2,0
West,Phone,5G,Premium,Existing,1,1,1,1,1,184.59220562488463,0,0
East,Store,Fiber,Standard,Existing,1,1,0,1,0,183.9695840207862,0,0
West,Online,DSL,Basic,Existing,1,1,1,1,0,171.4103380886964,0,0
West,Store,5G,Basic,New,0,0,1,1,0,197.38836526329965,1,1
West,Online,5G,Basic,Existing,0,1,1,1,1,87.71456640559302,0,0
North,Phone,5G,Standard,New,1,1,0,1,1,158.2591489130976,0,0
East,Phone,5G,Basic,Existing,0,1,0,1,0,50.16729343746796,0,0
East,Store,Fiber,Standard,New,1,1,1,1,0,91.11890811607819,0,0
West,Online,5G,Premium,Existing,0,1,1,1,1,91.82239999556242,1,0
North,Store,5G,Standard,New,1,1,0,1,0,81.80422493042869,1,0
North,Phone,DSL,Basic,New,1,1,0,1,0,196.21948149583042,0,0
East,Store,DSL,Premium,New,0,1,1,1,0,191.135722699158,3,0
North,Store,Fiber,Basic,New,1,1,0,1,1,102.90401185864953,1,0
North,Online,Fiber,Premium,Existing,0,1,1,1,1,99.42285184784963,0,0
North,Phone,Fiber,Basic,Existing,1,1,1,1,0,117.97952975685067,1,0
South,Store,Fiber,Standard,Existing,1,1,1,1,0,108.40558327425889,0,0
West,Online,5G,Basic,Existing,1,1,1,1,1,88.32154608756514,0,0
East,Store,DSL,Standard,Existing,1,1,1,1,0,82.13709250086602,0,0
East,Online,5G,Standard,New,0,1,0,1,0,188.89854460853405,1,0
South,Online,5G,Premium,Existing,1,1,1,1,0,72.09614329220503,0,0
West,Store,5G,Standard,Existing,1,0,1,1,1,103.6311768045529,0,0
East,Phone,DSL,Standard,New,1,1,1,1,0,150.64070735465944,0,0
North,Phone,Fiber,Standard,Existing,1,1,1,1,0,195.70728164170717,0,0
East,Online,Fiber,Premium,Existing,1,1,1,1,1,153.54585778958005,1,0
North,Phone,DSL,Basic,Existing,1,1,1,1,0,126.99059983919017,0,0
South,Online,DSL,Basic,New,1,1,1,1,1,114.17174238915098,0,0
North,Phone,Fiber,Standard,New,1,1,1,1,1,143.1739468729299,0,0
East,Store,5G,Standard,Existing,0,0,1,0,0,149.82739137252378,0,1
East,Phone,Fiber,Basic,New,1,1,1,1,0,198.8603184979678,0,0
East,Online,DSL,Standard,Existing,1,0,0,1,0,95.89416681032445,1,1
South,Online,Fiber,Basic,New,0,1,1,1,0,73.98987631554712,0,0
South,Phone,Fiber,Premium,New,1,1,1,1,0,108.03044467012244,3,0
West,Store,Fiber,Standard,Existing,1,1,1,1,0,79.39687482274405,0,0
East,Online,DSL,Standard,New,1,1,1,1,0,47.38286332474394,3,0
North,Online,DSL,Basic,Existing,1,1,1,1,0,194.76756156163748,0,0
South,Online,Fiber,Basic,New,1,1,1,0,1,49.774592648550296,1,0
East,Online,Fiber,Premium,Existing,1,1,1,1,0,117.03294863354351,0,0
East,Online,5G,Standard,New,1,0,1,1,1,116.47074382608828,0,0
South,Store,5G,Basic,Existing,1,1,1,1,0,69.66221957901641,2,0
West,Phone,Fiber,Premium,Existing,1,1,1,1,0,132.40218072583778,0,0
South,Store,DSL,Basic,Existing,1,1,1,1,1,171.9061267050857,0,0
South,Store,5G,Basic,Existing,1,1,1,1,1,180.21847645937905,1,0
North,Online,Fiber,Premium,New,1,1,1,1,0,98.53725538717292,2,0
North,Store,5G,Premium,Existing,1,1,1,1,0,71.070293351952,0,0
West,Online,5G,Premium,New,1,1,1,1,0,121.11407092883512,0,0
East,Store,5G,Premium,New,1,1,0,1,0,59.482004188596434,0,0
South,Online,DSL,Premium,Existing,1,1,0,1,1,176.04204054297622,0,0
West,Online,Fiber,Premium,Existing,1,1,0,1,1,113.6446412531131,1,0
North,Store,DSL,Standard,Existing,1,1,1,1,0,182.3555910610668,3,0
South,Store,DSL,Premium,Existing,1,1,1,1,1,46.027649355105105,0,0
East,Phone,5G,Standard,New,1,1,1,1,0,175.3461118338177,0,0
North,Phone,Fiber,Basic,Existing,1,1,1,1,0,81.53755210060423,0,0
North,Phone,5G,Basic,Existing,1,1,1,1,0,192.88007452541783,0,0
North,Store,DSL,Premium,Existing,1,1,1,1,0,52.34400978760004,1,0
West,Store,DSL,Basic,Existing,0,0,1,1,0,174.1673815304239,0,1
East,Online,Fiber,Premium,New,1,1,1,1,1,125.41779753494242,1,0
South,Phone,DSL,Premium,New,1,1,1,1,1,71.0545436098769,0,0
West,Online,DSL,Standard,New,1,1,1,1,0,108.99188710153715,3,0
West,Online,Fiber,Basic,Existing,1,1,0,0,0,88.56307658859976,0,1
West,Online,5G,Premium,New,1,1,1,1,0,78.12432972298409,3,0
North,Online,Fiber,Basic,Existing,1,1,1,1,0,139.45762934188414,0,0
East,Phone,DSL,Standard,New,1,1,1,1,0,148.06464822640964,0,0
West,Online,Fiber,Basic,Existing,1,0,0,1,0,57.0343226235145,0,1
South,Store,5G,Standard,New,1,1,1,1,0,156.04303878740777,0,0
East,Store,DSL,Standard,Existing,1,1,1,1,0,117.28136450012094,1,0
South,Store,5G,Standard,Existing,1,1,0,1,1,124.81416772937325,0,0
East,Phone,5G,Premium,New,1,1,0,1,0,158.9951320150456,1,0
South,Online,Fiber,Premium,Existing,1,1,1,1,1,109.09016506730018,1,0
North,Phone,5G,Basic,New,1,1,1,1,0,134.9679636110765,2,0
West,Online,Fiber,Premium,New,1,1,1,0,0,122.08617211181163,1,0
South,Phone,Fiber,Premium,New,1,1,1,1,0,58.99849686257235,0,0
East,Phone,5G,Basic,Existing,0,0,1,1,0,108.43267124098202,2,1
West,Online,Fiber,Standard,New,1,1,1,1,0,173.78233798317908,2,0
West,Phone,Fiber,Standard,Existing,1,1,1,0,0,44.79888688326233,0,0
East,Online,5G,Basic,Existing,1,0,1,1,0,45.37614446573036,1,0
South,Store,DSL,Premium,New,1,1,0,1,1,188.6736099265062,0,0
North,Store,Fiber,Basic,New,1,1,1,0,1,171.22487826973233,2,1
North,Store,Fiber,Basic,Existing,1,1,1,1,1,40.56555949283373,2,0
South,Phone,5G,Premium,Existing,1,1,1,0,1,189.5271154931581,0,0
West,Store,Fiber,Basic,New,1,0,1,1,0,87.6391550392129,1,0
West,Online,5G,Premium,Existing,1,1,1,1,1,112.07751806845783,1,0
West,Store,DSL,Premium,Existing,1,1,1,1,1,77.6595434030091,1,0
West,Store,DSL,Basic,Existing,1,1,0,1,1,68.29965105527363,1,0
South,Phone,5G,Standard,New,1,1,0,1,0,59.64819208958712,3,0
West,Online,DSL,Premium,New,1,1,1,1,0,151.49859258512765,1,0
East,Phone,5G,Standard,New,1,1,1,1,1,42.248936746995085,1,0
West,Phone,Fiber,Premium,Existing,1,1,1,1,1,102.22305174553838,1,0
North,Online,DSL,Standard,New,1,1,0,1,1,112.71553288453586,0,0
West,Phone,Fiber,Basic,New,1,1,1,1,0,86.86699026802162,0,0
South,Online,Fiber,Premium,Existing,1,1,1,1,0,80.04366007620624,1,0
North,Store,5G,Basic,New,0,1,1,1,1,138.32673993664267,1,0
South,Online,DSL,Basic,New,1,1,1,1,0,172.52442735144194,0,0
South,Online,DSL,Basic,New,1,1,1,1,0,120.90016195276905,1,0
North,Online,Fiber,Premium,Existing,1,1,1,1,0,153.88497752973078,0,0
South,Phone,Fiber,Basic,Existing,1,1,1,1,0,156.98592613406595,2,0
South,Online,5G,Basic,New,1,1,1,1,0,185.17561762022484,1,0
West,Online,DSL,Premium,Existing,1,1,0,1,0,157.37142703938,0,0
East,Online,5G,Basic,New,1,1,1,1,0,83.34602851027903,0,0
South,Store,5G,Premium,New,1,1,1,1,0,70.37343067746421,1,0
South,Online,5G,Basic,New,1,1,1,1,1,185.29626565256225,1,0
South,Phone,DSL,Standard,New,1,1,1,1,0,162.6583989546326,2,0
West,Online,5G,Basic,Existing,1,1,0,1,0,140.05474878409757,0,0
East,Online,DSL,Standard,New,1,0,1,1,0,191.71589356598147,3,1
North,Store,5G,Premium,Existing,1,1,1,1,1,147.6968750177117,2,0
West,Online,Fiber,Standard,Existing,1,1,1,1,1,141.64349020088508,1,0
West,Phone,5G,Premium,New,1,1,1,1,0,179.02333317103432,0,0
East,Online,5G,Basic,New,0,1,0,1,0,166.1193630667964,0,0
East,Phone,DSL,Standard,New,1,1,1,0,1,87.39524469848735,2,1
West,Store,Fiber,Basic,New,1,1,1,1,1,119.91105180869666,1,0
North,Online,Fiber,Standard,Existing,1,1,0,1,1,145.2358311371159,0,0
West,Store,DSL,Premium,Existing,0,1,1,0,0,77.73389050864226,1,1
East,Online,DSL,Premium,Existing,0,1,1,1,0,142.279960854426,1,0
North,Phone,Fiber,Premium,Existing,1,1,0,1,1,157.99249360486402,0,0
East,Store,DSL,Premium,New,1,1,1,1,1,82.35817101581634,3,0
North,Online,Fiber,Basic,New,1,1,1,0,0,83.16292749262021,0,0
South,Phone,5G,Basic,Existing,0,1,1,0,1,198.93897592230277,0,1
East,Store,5G,Basic,Existing,1,1,1,1,0,98.52302787550285,1,0
East,Online,Fiber,Basic,Existing,1,1,1,1,0,44.5567948260876,1,0
West,Store,Fiber,Basic,New,0,1,1,1,0,67.20332668654478,2,0
East,Online,5G,Premium,New,1,1,1,1,0,160.6378808179997,0,0
East,Phone,5G,Basic,Existing,1,1,1,1,1,147.80467312920686,0,0
South,Phone,Fiber,Basic,New,1,0,1,1,1,173.5718693978927,1,0
East,Store,DSL,Basic,Existing,1,1,1,1,0,145.31755318836105,0,0
South,Store,DSL,Premium,Existing,1,1,1,1,1,137.2289593225642,1,0
South,Online,Fiber,Premium,New,1,1,1,1,0,154.57257487796272,0,0
South,Phone,DSL,Premium,New,1,1,1,1,0,184.17829657589738,0,0
South,Online,5G,Premium,Existing,1,1,1,1,1,155.33803708800917,1,0
North,Phone,5G,Basic,New,1,1,1,1,1,57.15132524836594,1,0
West,Store,DSL,Basic,New,1,1,1,1,1,167.3205112650781,0,0
North,Online,Fiber,Standard,New,1,1,1,1,1,197.2871233380509,2,0
East,Online,5G,Basic,New,1,1,1,1,0,40.449375854247016,1,0
North,Phone,5G,Premium,New,1,1,1,1,0,118.67905266189629,0,0
North,Phone,5G,Premium,New,1,1,1,1,0,45.812663036803855,2,0
East,Phone,DSL,Basic,Existing,1,1,1,1,0,192.82444325679413,2,0
East,Store,Fiber,Standard,Existing,1,1,1,1,1,193.35980202076962,0,0
East,Online,DSL,Premium,Existing,1,1,1,1,0,140.79627397302735,3,0
North,Phone,Fiber,Standard,Existing,0,1,1,1,1,121.02027323174426,1,0
North,Store,Fiber,Premium,New,1,1,1,1,1,45.37603227231452,2,0
East,Phone,DSL,Premium,Existing,1,1,1,1,0,194.6277529384763,0,0
West,Online,5G,Basic,New,1,1,1,1,0,195.39090102580553,0,0
West,Phone,Fiber,Premium,Existing,1,1,0,1,1,158.9166610365279,1,0
South,Online,DSL,Standard,Existing,0,1,1,0,1,44.62689059475185,0,1
East,Store,5G,Standard,New,1,0,1,1,0,167.37355734771322,0,0
South,Store,Fiber,Basic,New,1,0,1,1,1,129.91213224547948,0,0
West,Phone,Fiber,Premium,Existing,0,1,0,1,0,195.451928028079,0,0
South,Online,5G,Standard,New,1,1,1,1,1,149.13406592260796,2,0
East,Online,Fiber,Basic,New,1,0,0,1,0,192.94541625681705,0,1
East,Online,DSL,Standard,New,1,1,0,1,0,56.67372485700053,0,0
East,Phone,Fiber,Basic,New,1,1,1,1,1,160.93535453283738,0,0
North,Online,Fiber,Standard,Existing,1,1,0,1,1,181.2358974680755,1,0
South,Online,5G,Premium,New,0,1,0,1,1,141.7528441114664,0,0
West,Online,DSL,Standard,Existing,1,1,1,0,0,126.60269938703694,0,0
West,Online,5G,Standard,Existing,1,1,0,0,1,164.01233687012183,0,1
West,Phone,DSL,Basic,Existing,0,0,1,1,1,176.79219086201712,0,1
North,Phone,5G,Basic,Existing,1,1,1,1,0,139.73095803799492,3,0
North,Online,Fiber,Basic,Existing,1,1,1,1,0,157.6075420822832,1,0
East,Online,DSL,Standard,Existing,0,1,1,1,0,103.98486259368163,1,0
West,Store,DSL,Basic,Existing,1,1,0,1,0,95.6788641217444,1,0
North,Store,Fiber,Premium,New,1,1,1,1,1,72.64565070070731,0,0
East,Online,5G,Basic,Existing,0,0,1,1,1,140.0190111917304,0,1
West,Online,DSL,Basic,New,1,0,1,1,1,170.8566581015022,0,0
South,Store,Fiber,Premium,New,1,1,1,1,0,146.159342081371,1,0
East,Store,Fiber,Basic,Existing,1,1,1,1,0,102.787389908559,0,0
North,Online,DSL,Basic,Existing,1,1,0,1,1,197.95645323219014,1,0
North,Phone,DSL,Standard,Existing,0,1,1,1,1,40.98764959340979,0,0
East,Phone,DSL,Standard,New,1,0,1,0,1,89.58238375141286,1,1
East,Online,Fiber,Basic,New,1,1,0,1,0,194.90924375099368,5,0
North,Online,5G,Premium,New,1,1,1,0,0,101.66102865740562,1,0
South,Store,5G,Basic,Existing,1,1,1,1,1,139.22413654987565,1,0
West,Store,DSL,Basic,New,1,1,0,1,1,78.34995765426676,0,0
South,Phone,Fiber,Basic,Existing,1,1,0,1,0,150.40168140943823,3,0
East,Online,Fiber,Standard,New,1,1,0,0,1,143.79638860998082,1,1
South,Store,DSL,Premium,Existing,1,1,1,1,0,138.7405337898529,1,0
North,Phone,Fiber,Premium,Existing,1,1,1,1,0,100.16520196172397,1,0
East,Phone,Fiber,Premium,Existing,1,1,1,1,1,193.0129634486854,0,0
West,Phone,Fiber,Standard,New,1,1,1,1,0,142.97750920234162,1,0
North,Store,DSL,Standard,New,1,1,1,1,0,54.85658810955039,4,0
North,Store,DSL,Basic,New,1,1,1,1,1,157.82433748874544,1,0
West,Online,DSL,Standard,New,1,1,0,1,0,91.12809208150445,1,0
West,Online,5G,Basic,New,1,1,1,1,0,92.82369039159066,0,0
South,Phone,5G,Standard,Existing,1,1,1,0,1,76.13000318729902,1,0
East,Phone,DSL,Basic,Existing,1,1,1,1,1,143.67557034791832,0,0
West,Store,Fiber,Standard,Existing,1,1,1,1,1,192.9302110433468,1,0
West,Store,Fiber,Premium,Existing,1,1,1,1,0,170.9821141359135,0,0
East,Online,DSL,Basic,New,1,1,1,1,0,187.8562118188517,0,0
West,Online,Fiber,Standard,New,1,1,0,1,1,188.91974144722712,1,0
West,Online,Fiber,Standard,Existing,1,1,1,1,1,40.24732716975166,0,0
South,Store,5G,Basic,Existing,1,1,1,1,0,139.8921365219674,0,0
North,Phone,Fiber,Standard,New,1,1,0,1,0,188.81412061918144,1,0
North,Online,Fiber,Premium,New,1,1,1,1,0,128.22560951101738,1,0
North,Online,DSL,Basic,Existing,1,1,1,1,1,148.82968921191923,3,0
North,Store,5G,Basic,Existing,0,1,1,1,0,109.87727730956809,1,0
West,Online,5G,Basic,New,1,1,1,1,0,176.29642174405748,0,0
East,Phone,Fiber,Basic,New,1,1,1,0,0,66.13174094572659,1,0
East,Store,DSL,Basic,New,1,1,1,1,0,54.73902983849824,1,0
South,Online,5G,Premium,Existing,1,1,0,1,1,99.62077258053613,2,0
South,Online,5G,Basic,Existing,1,1,1,1,1,52.621605055273406,1,0
West,Store,Fiber,Premium,New,0,1,1,1,1,62.65425308858829,1,0
East,Store,5G,Premium,Existing,0,1,1,1,1,65.19852863783674,1,0
East,Online,DSL,Premium,Existing,1,1,1,1,0,40.79208558658253,0,0
North,Phone,DSL,Basic,New,1,1,1,1,1,170.2559287033998,0,0
West,Store,5G,Premium,Existing,1,1,1,1,0,182.7986346562604,0,0
West,Phone,DSL,Basic,Existing,1,1,1,0,0,46.41296013984636,1,0
North,Online,DSL,Premium,Existing,0,1,1,1,0,77.28509153886111,0,0
West,Phone,Fiber,Basic,New,1,1,1,1,0,94.57402088875783,0,0
West,Online,5G,Standard,New,1,1,1,1,0,167.71810143160522,0,0
South,Online,5G,Standard,Existing,1,1,1,1,1,77.32173241118802,1,0
East,Online,Fiber,Premium,Existing,1,1,0,1,1,103.87762203310203,0,0
West,Online,Fiber,Standard,Existing,1,1,1,1,0,195.80125059747553,2,0
South,Phone,Fiber,Premium,Existing,1,1,0,1,0,172.43999231532462,0,0
East,Online,Fiber,Premium,New,0,1,1,1,0,55.94617960277965,2,0
North,Online,DSL,Premium,Existing,1,1,1,1,1,91.12649446591446,2,0
South,Phone,DSL,Standard,Existing,1,1,0,1,0,132.31300668339924,0,0
South,Store,Fiber,Premium,Existing,1,1,1,1,0,149.26171614807942,0,0
East,Phone,5G,Standard,Existing,1,1,1,1,1,143.1429271330353,1,0
North,Phone,5G,Standard,New,0,1,1,1,1,53.503829899503486,0,0
South,Phone,5G,Basic,Existing,1,1,1,1,1,198.9138215253315,0,0
West,Online,Fiber,Standard,New,0,1,1,0,1,69.27263727734879,0,1
West,Online,DSL,Basic,New,1,1,1,1,0,68.12489068407457,0,0
West,Online,DSL,Premium,Existing,1,1,1,1,1,78.7023284188611,1,0
North,Store,DSL,Premium,New,1,1,1,1,1,105.7144471086662,0,0
South,Online,DSL,Basic,New,1,1,1,1,0,91.33753333787394,0,0
West,Store,5G,Premium,New,1,1,1,1,1,121.9239760109147,1,0
North,Online,5G,Basic,Existing,1,1,1,0,1,185.71697330652518,0,0
West,Phone,DSL,Basic,New,1,1,1,1,0,46.47659578867861,0,0
East,Online,Fiber,Premium,New,1,1,1,1,0,101.90887807905412,1,0
South,Store,DSL,Basic,Existing,1,1,1,1,0,197.7340415859614,5,0
South,Store,DSL,Basic,New,1,1,1,1,0,79.67431253871182,1,0
North,Online,Fiber,Basic,Existing,0,1,1,1,0,170.9621181024499,0,0
North,Phone,DSL,Premium,Existing,1,0,1,1,1,102.71818582162052,0,0
South,Online,5G,Premium,Existing,1,1,1,1,0,185.64038069848428,0,0
West,Online,Fiber,Premium,Existing,0,1,1,1,0,141.912840225894,0,0
West,Online,Fiber,Premium,Existing,1,1,1,1,0,182.9240894656493,0,0
East,Phone,DSL,Premium,New,1,0,1,1,0,141.55225717910622,2,1
West,Store,5G,Standard,Existing,0,1,1,1,1,182.44442286218356,1,0
North,Phone,5G,Standard,New,1,0,1,1,0,184.6566741228292,1,0
North,Store,5G,Basic,New,1,1,0,0,1,87.93311484404855,0,1
West,Store,DSL,Standard,Existing,1,1,1,1,0,174.20946247865896,0,0
North,Store,DSL,Premium,New,1,1,1,1,0,174.40686558743914,1,0
South,Phone,5G,Premium,New,1,1,1,1,0,152.81149594863058,0,0
South,Online,DSL,Premium,Existing,1,1,1,1,1,78.58339126784381,0,0
West,Online,5G,Basic,Existing,1,1,1,1,0,57.25607038365819,0,0
South,Online,DSL,Basic,Existing,1,0,1,1,1,138.8845131553083,1,0
South,Online,Fiber,Basic,New,0,1,0,1,1,144.6271546668493,2,1
East,Online,Fiber,Basic,New,1,0,1,1,0,195.2354646644754,0,0
East,Phone,DSL,Basic,New,1,1,0,0,1,103.70544108932476,1,1
South,Phone,DSL,Basic,New,0,1,1,1,0,155.63554414248446,2,0
West,Phone,5G,Standard,Existing,1,1,1,1,0,180.66500886659304,0,0
East,Phone,Fiber,Premium,New,1,1,1,1,0,167.81122506114144,1,0
North,Phone,5G,Standard,New,1,1,1,1,0,104.68463346272196,0,0
North,Phone,DSL,Basic,Existing,1,1,1,1,0,78.31442192998787,1,0
North,Phone,5G,Premium,New,1,1,0,1,1,45.11821716524931,0,0
West,Online,5G,Premium,Existing,1,0,1,1,0,161.29404265050522,1,0
South,Store,DSL,Premium,New,1,1,1,1,0,101.56544188122521,0,0
North,Phone,Fiber,Standard,Existing,0,0,1,1,0,120.29743503858563,0,1
West,Store,5G,Premium,New,1,1,1,1,0,197.16601491338625,0,0
East,Phone,DSL,Basic,Existing,1,1,1,1,0,40.765099687751665,1,0
South,Phone,5G,Basic,New,0,1,1,1,1,84.082077583297,1,0
East,Online,DSL,Standard,New,1,1,1,1,0,196.9759799573702,2,0
West,Store,DSL,Standard,Existing,1,1,1,1,1,118.07390406083363,0,0
North,Online,DSL,Basic,Existing,1,1,1,1,1,190.02554918050998,0,0
North,Online,Fiber,Standard,Existing,1,1,1,1,0,176.22437591608428,1,0
West,Store,Fiber,Premium,New,0,1,1,1,0,153.86434581918974,0,0
North,Online,DSL,Standard,Existing,1,1,1,1,1,154.19957442505614,0,0
South,Phone,Fiber,Premium,Existing,1,1,1,1,0,40.741880862390246,1,0
West,Phone,5G,Premium,New,1,1,1,0,0,87.55187709107904,2,1
East,Phone,Fiber,Premium,Existing,0,1,0,1,0,110.53812184526865,3,1
West,Phone,Fiber,Premium,Existing,1,1,1,1,0,123.16876256224566,0,0
South,Phone,5G,Premium,Existing,1,1,1,1,1,111.01561901560464,0,0
South,Online,5G,Basic,New,1,1,1,0,0,109.83755248184877,2,1
West,Online,5G,Basic,New,1,1,1,1,1,178.01809220366093,2,0
West,Phone,DSL,Basic,New,0,1,1,1,0,195.13650828486672,0,0
North,Phone,5G,Premium,Existing,1,1,1,1,1,175.52548207454663,1,0
South,Online,5G,Standard,New,1,1,1,1,0,150.5845097504403,1,0
West,Store,5G,Standard,New,0,1,1,1,1,157.80667236928588,1,0
West,Online,DSL,Premium,New,1,1,0,1,1,157.9728171702394,0,0
South,Online,Fiber,Standard,Existing,1,1,0,1,1,167.9526500189051,1,0
West,Online,DSL,Premium,New,0,1,0,1,0,48.94641072366424,0,0
North,Online,Fiber,Standard,New,1,1,1,1,1,51.965429247421504,0,0
South,Online,5G,Premium,New,0,0,1,0,1,55.58015569647809,0,1
North,Store,DSL,Standard,New,1,1,1,1,1,185.78936302597577,0,0
North,Phone,DSL,Standard,Existing,1,1,0,1,0,139.48723356739134,1,0
North,Phone,Fiber,Basic,New,1,1,1,1,1,112.8514706756642,1,0
North,Store,DSL,Standard,New,0,1,1,1,0,163.23751174308399,1,0
South,Phone,DSL,Standard,New,1,1,1,1,1,75.21733538897814,3,0
North,Phone,Fiber,Premium,Existing,1,1,0,1,0,168.80228006193832,1,0
North,Phone,DSL,Standard,Existing,1,1,0,1,0,95.33722270227159,1,0
West,Store,DSL,Standard,New,1,1,1,1,0,141.51557859539108,1,0
South,Store,5G,Standard,Existing,1,1,1,1,1,197.99272147349424,1,0
South,Phone,5G,Standard,New,1,1,1,0,1,51.50052684639576,1,0
East,Phone,5G,Standard,Existing,1,1,1,1,0,193.19847716163906,0,0
South,Phone,5G,Basic,Existing,1,1,1,1,1,162.84711555006595,0,0
South,Online,5G,Standard,New,1,1,1,1,1,111.2688426975442,0,0
East,Online,DSL,Premium,Existing,1,1,1,1,1,56.404827188689325,0,0
South,Online,DSL,Premium,Existing,1,1,1,1,1,57.87175453593534,0,0
South,Store,5G,Standard,New,0,1,1,1,0,133.18910891486757,0,0
South,Phone,Fiber,Standard,New,1,1,1,0,0,124.07187831287189,1,0
South,Store,5G,Standard,Existing,1,1,1,1,1,125.66327227113773,0,0
East,Store,DSL,Basic,Existing,1,1,1,1,0,84.47134905358035,1,0
South,Store,Fiber,Premium,Existing,0,1,1,1,0,54.68342119827136,1,0
South,Phone,5G,Basic,Existing,1,1,1,1,1,167.91037067343757,0,0
East,Online,Fiber,Basic,New,0,1,1,1,1,75.48250833794123,2,0
West,Phone,5G,Standard,Existing,1,1,0,0,1,143.26224646193992,1,1
North,Phone,DSL,Standard,New,1,1,1,1,0,98.3743218220654,1,0
West,Store,5G,Premium,New,1,1,0,0,0,141.44466794475892,0,1
East,Store,Fiber,Standard,New,1,1,1,1,1,163.10590351682413,1,0
North,Store,DSL,Premium,Existing,1,1,1,1,1,71.03673405888767,0,0
East,Online,5G,Basic,Existing,1,0,1,1,0,42.19600841155817,0,0
East,Online,5G,Premium,New,1,1,1,1,1,84.65708551801458,0,0
South,Online,5G,Premium,New,1,0,1,1,0,193.8047419124011,2,1
North,Phone,5G,Premium,New,1,1,1,1,1,69.29740756261646,0,0
South,Store,DSL,Basic,New,1,1,1,1,1,115.73422066527078,0,0
North,Phone,DSL,Basic,New,1,1,1,1,0,99.7429071389101,2,0
East,Online,5G,Standard,Existing,1,1,1,1,0,89.5258887643112,0,0
East,Store,DSL,Standard,Existing,1,1,1,1,0,156.9474270225099,1,0
West,Online,Fiber,Premium,Existing,1,1,1,1,0,155.46820087664253,0,0
North,Store,DSL,Premium,Existing,1,1,1,1,0,164.8212081845088,0,0
South,Store,Fiber,Basic,New,1,0,1,1,0,94.26780585507652,1,0
West,Phone,Fiber,Basic,New,1,1,1,1,1,97.47317276151944,0,0
West,Phone,DSL,Basic,Existing,1,1,1,1,0,127.55950210099842,1,0
West,Online,5G,Premium,New,1,1,1,1,0,40.606474670799386,1,0
South,Phone,DSL,Premium,New,1,1,1,1,0,192.6124664400574,1,0
West,Phone,Fiber,Basic,New,1,1,1,1,0,77.51177868591807,1,0
South,Phone,Fiber,Premium,Existing,1,1,0,1,0,67.57858144883397,2,0
West,Store,DSL,Basic,Existing,1,1,0,1,0,141.98048390188688,0,0
South,Phone,Fiber,Standard,Existing,1,1,0,1,0,175.69663458663675,0,0
East,Online,DSL,Basic,Existing,1,1,1,1,1,142.71169741198202,0,0
East,Store,DSL,Premium,Existing,1,0,1,1,0,140.67275950036156,0,0
East,Store,5G,Premium,Existing,0,1,1,1,1,118.1421146918595,0,0
East,Phone,Fiber,Premium,New,1,1,1,1,1,182.51006527694616,2,0
East,Store,DSL,Premium,Existing,0,1,0,1,1,194.75498487506,1,0
West,Online,Fiber,Basic,New,1,1,1,1,0,135.24228244929094,2,0
West,Online,DSL,Basic,Existing,0,1,1,1,0,52.62054042646662,1,0
West,Store,DSL,Standard,Existing,1,0,1,1,0,56.14146040714351,1,0
South,Phone,5G,Basic,New,1,0,1,1,0,107.0769352300214,3,1
South,Phone,DSL,Standard,Existing,1,0,1,1,1,118.75727303097052,3,1
South,Store,5G,Basic,New,1,1,1,1,1,142.49171579407147,0,0
South,Online,Fiber,Basic,Existing,1,1,1,1,0,198.9367348344307,1,0
East,Store,5G,Premium,New,1,1,0,1,1,153.25097887781828,0,0
East,Phone,5G,Standard,Existing,1,1,1,1,1,179.7316148877407,0,0
East,Phone,Fiber,Premium,New,1,1,1,1,1,190.84243041930156,0,0
North,Store,5G,Premium,Existing,1,1,0,1,0,71.30750044675676,1,0
West,Online,5G,Basic,New,1,1,1,1,0,93.385346456853,0,0
South,Store,DSL,Basic,Existing,1,1,1,1,1,150.07642042071475,0,0
South,Online,5G,Standard,Existing,1,1,0,0,1,144.47123945616315,1,1
East,Online,DSL,Standard,Existing,1,1,1,1,0,107.7165396774071,1,0
South,Store,5G,Basic,Existing,1,0,0,1,0,176.6532547467336,0,1
South,Store,Fiber,Standard,Existing,1,1,1,1,1,196.95097911079867,1,0
West,Online,Fiber,Basic,Existing,1,1,1,1,0,103.74369730739511,0,0
East,Online,5G,Basic,New,1,1,0,1,1,95.58643296020087,2,0
West,Online,DSL,Basic,New,1,1,1,1,1,86.10942797930417,0,0
North,Online,5G,Standard,New,1,1,1,1,1,129.8020567057373,0,0
North,Phone,DSL,Premium,New,1,1,1,1,0,137.9572873036119,0,0
North,Store,5G,Standard,New,1,1,1,1,0,69.12539998308054,0,0
East,Online,Fiber,Premium,New,1,1,1,1,0,85.1220158884842,0,0
South,Store,Fiber,Standard,Existing,1,1,1,1,1,59.31212988780233,1,0
East,Online,DSL,Premium,Existing,1,1,1,1,1,184.70344601630543,0,0
East,Store,5G,Premium,Existing,1,1,1,1,0,143.7545126707056,0,0
South,Store,DSL,Standard,New,1,1,1,1,0,128.96375566449296,1,0
West,Online,Fiber,Standard,Existing,1,1,1,1,1,187.80706544774955,0,0
North,Online,DSL,Premium,New,1,1,1,1,1,197.23285008593123,0,0
West,Store,5G,Basic,New,0,0,1,1,0,43.97718674864039,0,1
North,Store,DSL,Premium,New,1,1,1,1,0,166.42894883097807,2,0
East,Store,5G,Premium,Existing,1,0,1,1,1,126.21254541700873,0,0
North,Phone,5G,Basic,Existing,1,1,1,1,0,40.39375357319255,1,0
East,Online,Fiber,Premium,New,1,1,1,1,0,108.74117610021818,0,0
West,Phone,5G,Basic,Existing,1,1,1,1,1,163.81742001099926,2,0
East,Phone,5G,Basic,Existing,0,1,1,1,1,158.84888877937362,1,0
West,Online,5G,Standard,New,1,1,0,0,0,188.38464695506164,1,1
South,Online,DSL,Premium,Existing,1,1,1,1,1,139.43049147501816,1,0
South,Phone,Fiber,Premium,Existing,1,1,1,1,0,76.19994859740233,0,0
South,Online,DSL,Basic,New,1,1,0,1,1,156.18925526951222,0,0
East,Store,DSL,Premium,New,0,1,1,1,0,196.99780706746066,1,0
South,Store,Fiber,Basic,Existing,1,1,1,1,0,181.64823282398913,0,0
North,Phone,DSL,Premium,Existing,1,1,0,1,0,40.33887967249161,0,0
West,Phone,DSL,Premium,Existing,1,0,0,1,1,109.07481374733443,2,1
West,Online,5G,Basic,New,0,1,1,1,0,73.28514590972736,2,0
North,Online,DSL,Basic,New,0,1,1,1,0,118.95766356166544,0,0
East,Phone,Fiber,Premium,New,1,1,1,1,0,102.68779698582634,1,0
East,Phone,DSL,Premium,Existing,1,1,1,1,1,129.93769207744555,0,0
West,Store,5G,Basic,Existing,1,1,1,1,1,172.14785932697026,1,0
South,Store,DSL,Standard,New,1,1,1,1,0,142.83788581432745,1,0
East,Online,Fiber,Standard,New,0,1,1,1,1,97.26533790181749,1,0
East,Store,5G,Premium,New,1,0,1,1,0,94.09349751436571,0,0
North,Online,DSL,Premium,Existing,1,1,1,1,0,73.59692963001751,0,0
North,Online,Fiber,Premium,Existing,1,1,1,1,1,122.47691322813506,0,0
South,Online,Fiber,Basic,Existing,1,0,1,1,1,169.75276141230964,1,0
East,Store,DSL,Premium,Existing,1,1,1,1,1,40.161499717976135,0,0
East,Phone,DSL,Premium,New,1,1,0,1,0,153.36802515345215,1,0
North,Phone,5G,Premium,Existing,1,1,1,0,0,121.1284599807384,1,0
East,Store,DSL,Standard,Existing,1,1,1,1,0,177.60659901610904,0,0
West,Phone,5G,Premium,New,1,1,1,1,0,121.74473440382366,1,0
North,Online,DSL,Premium,New,1,1,1,0,0,180.6084356296389,2,1
South,Phone,Fiber,Basic,New,1,1,1,1,0,158.29349555821673,0,0
North,Store,Fiber,Standard,Existing,1,1,1,0,0,117.68999863458365,1,0
East,Phone,Fiber,Basic,New,1,1,1,1,0,87.7562106588804,2,0
South,Online,Fiber,Premium,Existing,1,1,1,0,0,195.9056980237378,0,0
North,Online,5G,Premium,New,1,1,1,1,1,73.44775297200216,0,0
West,Store,Fiber,Premium,Existing,1,0,0,1,0,164.56980660317888,0,1
West,Store,5G,Premium,Existing,1,1,1,1,1,149.47509354556533,0,0
North,Store,5G,Premium,New,1,1,1,1,1,105.6931601738119,0,0
West,Online,5G,Basic,New,1,1,1,1,0,154.93765287555283,0,0
West,Phone,DSL,Premium,Existing,1,1,0,1,0,60.74600338431349,1,0
West,Phone,5G,Premium,New,0,1,0,1,0,78.5681634673226,1,0
South,Store,DSL,Standard,Existing,1,1,1,1,1,155.06832676325632,1,0
West,Phone,5G,Standard,New,1,1,1,1,1,60.46670680807896,0,0
West,Phone,DSL,Premium,Existing,1,1,1,1,1,184.97880422891507,1,0
West,Store,DSL,Premium,Existing,1,0,1,1,1,135.61108388836104,1,0
South,Store,Fiber,Premium,New,1,1,1,1,1,51.37533918349671,0,0
North,Online,5G,Premium,Existing,0,1,0,1,0,162.99541371839797,1,0
East,Online,DSL,Premium,Existing,1,1,1,1,0,110.00650108849086,2,0
West,Online,Fiber,Premium,Existing,1,1,1,1,0,87.41195629781794,1,0
North,Online,5G,Basic,Existing,0,1,1,1,0,125.01639211569874,0,0
West,Phone,Fiber,Basic,New,1,1,1,1,1,160.18011027111214,0,0
South,Phone,DSL,Basic,Existing,1,1,1,1,0,185.74858768552494,1,0
North,Online,Fiber,Standard,Existing,1,1,1,1,0,91.26645573202906,2,0
South,Online,Fiber,Premium,New,1,1,0,1,0,151.09753027134914,0,0
West,Store,5G,Standard,New,1,1,0,1,1,94.597455534784,1,0
West,Phone,DSL,Standard,Existing,0,1,1,1,0,42.14020860403038,2,0
South,Phone,5G,Standard,Existing,1,0,1,1,1,194.03763265122072,2,1
East,Online,5G,Basic,Existing,1,1,1,1,0,87.68874926912972,2,0
South,Phone,Fiber,Premium,New,0,1,1,1,1,114.31503367931215,1,0
West,Store,DSL,Premium,Existing,1,0,1,1,1,143.86048765767205,0,0
South,Store,5G,Standard,Existing,1,1,1,1,1,148.76287406350485,0,0
East,Phone,DSL,Basic,New,1,1,1,1,0,171.62325207406698,1,0
South,Online,5G,Standard,Existing,1,1,0,1,0,101.10480123797853,2,0
East,Phone,Fiber,Standard,New,1,0,1,1,0,153.21282946528942,2,1
East,Store,5G,Premium,Existing,1,1,1,1,1,138.43805733872918,0,0
South,Online,5G,Basic,New,1,1,1,1,0,197.63795543142427,0,0
South,Phone,5G,Premium,Existing,1,1,1,0,1,158.34130003188434,0,0
North,Online,DSL,Standard,Existing,1,1,1,1,0,191.15907426062424,1,0
West,Online,Fiber,Premium,New,1,1,1,1,0,85.35849905984654,0,0
East,Store,DSL,Standard,New,1,1,1,1,0,112.96845847021898,1,0
North,Online,5G,Basic,Existing,0,1,1,0,0,124.68600822405038,1,1
South,Phone,Fiber,Premium,New,1,1,1,1,0,175.71190046233394,0,0
West,Online,DSL,Premium,New,1,1,1,1,0,107.95212807683733,0,0
North,Online,5G,Premium,New,1,1,1,1,0,129.13460342125984,0,0
East,Phone,Fiber,Premium,Existing,1,0,1,1,1,61.959943578139715,0,0
North,Store,Fiber,Premium,Existing,1,1,1,1,1,70.79472549106774,1,0
East,Store,5G,Basic,New,1,1,0,1,0,102.53061910237678,1,0
South,Phone,Fiber,Basic,New,1,1,1,1,0,48.079682088336355,1,0
West,Phone,Fiber,Premium,New,1,1,0,0,0,52.21809113445781,0,1
West,Store,DSL,Standard,Existing,1,1,1,1,0,152.67916400529765,0,0
West,Online,Fiber,Standard,New,1,0,1,1,0,51.354288160241964,2,1
South,Phone,DSL,Premium,New,1,1,1,1,1,40.29839116865034,0,0
East,Online,DSL,Premium,Existing,1,1,1,1,0,50.017593457593804,3,0
South,Phone,DSL,Basic,New,1,1,0,1,0,142.2055962621161,0,0
West,Store,DSL,Basic,Existing,1,1,1,1,0,129.9378667886918,0,0
South,Online,Fiber,Premium,Existing,1,1,1,1,0,170.3667360901931,2,0
South,Online,Fiber,Premium,New,1,1,1,1,1,72.89749963575201,1,0
South,Phone,DSL,Standard,Existing,1,1,0,1,0,134.2858545994324,0,0
East,Online,Fiber,Basic,Existing,1,1,1,1,1,169.1084142123809,2,0
North,Phone,DSL,Premium,Existing,1,1,1,1,1,154.9864897930122,1,0
North,Store,DSL,Basic,Existing,0,1,1,1,0,90.89252153492768,1,0
South,Online,DSL,Premium,New,0,1,1,1,1,138.8588033408774,1,0
North,Phone,5G,Premium,Existing,1,1,0,1,0,157.0826343912047,1,0
North,Online,Fiber,Premium,New,1,1,1,1,0,171.0499098325318,0,0
South,Phone,Fiber,Premium,Existing,1,1,0,1,1,198.17181317820595,1,0
South,Phone,DSL,Standard,Existing,1,0,1,1,1,103.92851034979137,1,0
West,Phone,Fiber,Premium,New,0,1,1,1,0,44.84829897093847,0,0
North,Store,DSL,Standard,Existing,1,1,1,1,1,123.7525782638399,1,0
East,Online,Fiber,Standard,New,1,0,1,1,0,91.4605667954887,1,0
South,Store,DSL,Premium,Existing,0,1,1,0,1,88.32405088726696,1,1
West,Phone,DSL,Basic,Existing,1,1,1,1,1,149.33759375058213,0,0
East,Phone,5G,Basic,New,1,1,1,1,0,46.946105430019216,0,0
North,Store,DSL,Premium,Existing,0,0,1,1,1,126.64444455329489,0,1
West,Store,5G,Premium,Existing,0,0,1,1,0,141.57351737215515,1,1
South,Online,Fiber,Premium,New,1,1,1,1,1,156.19995390843673,1,0
East,Phone,Fiber,Basic,Existing,1,1,0,1,1,194.0134894994818,1,0
South,Store,5G,Basic,Existing,1,1,1,1,1,41.41086849882779,1,0
North,Phone,Fiber,Premium,Existing,1,1,1,1,0,123.76583638461797,1,0
East,Phone,5G,Basic,Existing,1,1,1,1,0,179.83448706971882,1,0
North,Online,Fiber,Standard,Existing,1,1,0,1,0,72.62501269735333,0,0
North,Online,5G,Basic,New,1,1,1,1,0,196.17690969390537,1,0
West,Online,5G,Basic,New,1,1,1,1,1,70.43722555983425,3,0
South,Store,DSL,Premium,Existing,1,1,1,1,1,141.934084090682,0,0
East,Phone,Fiber,Standard,Existing,1,1,1,1,0,51.95068882535929,2,0
North,Store,DSL,Premium,Existing,1,1,1,1,1,123.0652588463861,0,0
North,Store,5G,Basic,New,1,1,1,1,0,80.08022689640748,0,0
East,Online,DSL,Standard,Existing,1,1,1,1,0,89.78134925913346,0,0
North,Phone,5G,Premium,Existing,1,1,1,1,1,99.21010763700866,2,0
West,Phone,Fiber,Basic,Existing,1,1,1,1,1,77.35064156483182,1,0
West,Online,Fiber,Standard,Existing,1,1,1,1,0,178.7063160104376,1,0
West,Phone,Fiber,Premium,New,1,1,0,1,1,64.34134594685638,1,0
West,Online,5G,Standard,Existing,1,1,1,0,0,108.81658852725877,0,0
North,Store,DSL,Basic,Existing,1,1,1,1,0,197.00681207487293,1,0
East,Store,Fiber,Premium,Existing,1,0,1,1,0,134.0551545920483,0,0
East,Online,5G,Basic,Existing,1,1,1,1,1,141.0063985491251,4,0
East,Store,DSL,Standard,Existing,1,1,1,0,0,156.6714878564266,1,0
East,Store,5G,Basic,Existing,1,1,1,1,0,178.74761504572325,0,0
South,Online,5G,Standard,Existing,0,1,0,1,1,171.24852461957454,2,1
East,Store,Fiber,Premium,New,0,1,1,1,0,98.25600724686964,0,0
South,Phone,5G,Basic,Existing,1,1,1,1,1,174.00249484681865,0,0
South,Store,5G,Premium,New,1,1,1,1,0,72.7619429423678,0,0
West,Online,DSL,Premium,New,1,1,1,1,1,104.74686608352673,0,0
South,Phone,Fiber,Premium,Existing,1,1,1,1,0,146.89089557440155,1,0
North,Phone,5G,Premium,Existing,0,1,1,1,1,79.1389303248954,0,0
South,Store,5G,Basic,Existing,1,1,1,1,0,96.75221301213556,0,0
West,Phone,DSL,Basic,New,1,1,1,1,0,121.9844323814737,1,0
South,Online,5G,Premium,New,0,1,1,1,1,78.60264820778804,1,0
North,Phone,5G,Premium,New,1,1,1,1,1,161.71689346542604,1,0
North,Store,5G,Standard,Existing,1,1,0,1,0,156.55484238233078,1,0
North,Store,5G,Premium,Existing,1,0,1,1,1,187.535961420905,1,0
West,Phone,5G,Standard,New,1,1,1,1,0,50.50377386215965,1,0
West,Online,DSL,Standard,New,1,1,1,1,0,184.00292065788062,0,0
East,Online,5G,Premium,Existing,1,1,1,1,0,42.53368975482495,1,0
West,Store,5G,Basic,New,0,0,0,1,0,171.83572433529855,4,1
North,Store,5G,Standard,New,1,1,1,1,1,81.10275522556611,0,0
North,Online,5G,Basic,New,1,0,1,0,0,144.4358499027458,1,1
West,Phone,Fiber,Premium,New,0,1,1,1,0,147.08089345023714,1,0
South,Phone,Fiber,Premium,New,1,0,1,1,1,101.75684477730498,2,1
West,Phone,Fiber,Premium,New,1,1,1,1,1,73.09014574207384,3,0
West,Phone,Fiber,Premium,New,1,1,1,1,0,45.82802001867936,1,0
North,Online,DSL,Standard,Existing,1,1,0,1,0,132.70522139200847,2,0
East,Store,Fiber,Standard,New,1,1,1,1,1,152.59419744210103,0,0
North,Store,DSL,Basic,Existing,1,0,1,1,1,99.94651496941293,1,0
East,Phone,Fiber,Basic,Existing,1,1,1,1,0,70.50675394464815,1,0
North,Online,DSL,Standard,New,1,1,1,1,1,65.95644708197429,0,0
West,Online,Fiber,Premium,Existing,1,1,0,1,0,82.49229335952654,2,0
North,Phone,5G,Basic,New,1,1,0,1,0,167.98859106878893,1,0
North,Phone,Fiber,Standard,Existing,1,1,1,1,0,64.2080907619946,2,0
North,Phone,Fiber,Basic,Existing,1,1,1,1,1,109.52127713963517,0,0
West,Store,Fiber,Standard,New,1,1,1,1,0,144.27353394840296,0,0
West,Phone,5G,Premium,Existing,1,1,1,1,1,175.5698090919017,1,0
West,Store,DSL,Standard,New,1,1,1,1,1,121.91857261877958,1,0
West,Online,DSL,Basic,Existing,1,0,1,1,0,148.84254803360403,0,0
East,Online,5G,Standard,New,1,1,0,1,0,121.69106984310326,0,0
East,Store,Fiber,Basic,New,1,1,1,1,0,161.18490066962875,2,0
South,Store,Fiber,Basic,Existing,1,1,1,1,0,165.686663610686,0,0
West,Store,Fiber,Basic,New,0,1,0,1,1,165.02762302363664,1,0
East,Store,DSL,Premium,New,1,1,0,1,0,157.73619593436194,2,0
North,Phone,DSL,Premium,Existing,1,1,1,1,1,169.42930201435422,1,0
West,Online,5G,Standard,New,1,1,1,0,0,168.1261246651549,0,0
South,Phone,5G,Standard,Existing,1,1,1,1,1,178.18438789278275,0,0
South,Store,DSL,Basic,Existing,1,1,1,0,1,114.72847049156488,1,0
South,Phone,Fiber,Premium,Existing,1,1,1,1,1,182.04798015660035,1,0
North,Phone,Fiber,Standard,New,1,1,0,1,0,51.94888256146962,2,0
East,Online,Fiber,Standard,Existing,1,1,1,1,0,97.164056186416,0,0
North,Phone,Fiber,Premium,New,0,1,1,1,1,187.82066410951742,0,0
West,Online,5G,Basic,Existing,1,1,1,1,1,106.31240940131208,1,0
South,Store,5G,Standard,Existing,1,1,1,0,0,178.22864505764232,0,0
North,Phone,DSL,Basic,Existing,1,1,1,1,1,128.59886169561833,0,0
North,Store,5G,Premium,New,1,1,1,1,0,81.2324200700199,1,0
East,Online,Fiber,Premium,Existing,1,1,1,1,1,55.629729954437664,0,0
East,Store,DSL,Standard,New,1,0,1,1,0,151.53060706704645,2,1
South,Store,5G,Standard,New,1,1,1,1,1,75.82033542315315,1,0
North,Online,5G,Premium,New,1,1,1,0,1,132.28628046134375,1,0
North,Store,5G,Basic,New,1,1,1,1,0,102.84448753893152,0,0
East,Store,5G,Basic,New,1,1,1,1,0,147.2198095256935,0,0
North,Store,5G,Premium,Existing,0,0,1,1,0,139.50196266588875,2,1
North,Phone,Fiber,Standard,New,1,1,1,1,1,137.26685919264625,0,0
North,Store,Fiber,Premium,Existing,1,1,1,1,1,122.51579156188143,0,0
East,Online,Fiber,Standard,Existing,1,1,1,1,0,150.23033089070597,0,0
South,Phone,5G,Basic,New,0,1,1,1,0,154.22752330374956,1,0
West,Phone,DSL,Standard,Existing,1,1,0,1,1,73.70363978958923,2,0
South,Online,Fiber,Basic,Existing,1,1,1,1,0,135.36920812740442,2,0
West,Store,Fiber,Premium,New,1,1,1,1,1,42.11284919655942,0,0
North,Phone,5G,Standard,New,0,1,1,1,1,122.650335147584,0,0
South,Phone,DSL,Basic,Existing,1,0,1,1,0,167.049913237576,0,0
West,Phone,Fiber,Standard,New,1,1,1,0,0,49.665973398054604,1,0
East,Store,Fiber,Basic,New,1,1,1,1,0,91.63949927671474,0,0
East,Phone,DSL,Basic,Existing,1,1,1,1,0,45.819303380987236,0,0
South,Online,5G,Premium,New,1,1,1,1,0,130.50130567221117,1,0
South,Store,DSL,Premium,New,1,1,1,1,1,188.18962911927295,0,0
North,Online,5G,Standard,New,1,1,1,1,0,91.87493364973756,1,0
South,Online,Fiber,Basic,New,1,1,1,1,0,98.4765214213487,1,0
North,Phone,DSL,Premium,New,0,1,1,1,1,74.10523950922133,1,0
North,Phone,DSL,Standard,New,1,1,1,1,1,157.8256897607392,2,0
East,Phone,Fiber,Premium,Existing,1,1,1,1,0,120.98157621854078,1,0
East,Online,Fiber,Standard,New,1,0,1,1,0,84.23653961451114,0,0
West,Store,5G,Premium,Existing,1,1,1,1,0,46.83005369914465,0,0
East,Phone,Fiber,Premium,Existing,1,1,1,1,1,176.42621258747621,0,0
East,Phone,Fiber,Basic,Existing,0,1,1,1,0,150.6523941422945,0,0
South,Online,DSL,Basic,Existing,1,1,0,1,1,196.29973613460822,1,0
East,Store,5G,Premium,New,1,1,0,1,0,129.8576680907905,0,0
West,Online,Fiber,Basic,Existing,1,1,1,1,0,193.43430497923424,1,0
South,Phone,DSL,Premium,New,0,1,1,1,0,151.4275635290728,0,0
West,Online,Fiber,Standard,Existing,0,1,0,1,1,108.88464244055112,1,0
East,Phone,Fiber,Premium,Existing,0,1,1,1,0,77.41885434686573,1,0
West,Store,Fiber,Premium,New,1,1,1,1,0,49.52731384076982,1,0
South,Online,Fiber,Standard,New,1,1,1,0,0,40.82366775637137,1,0
North,Phone,5G,Standard,Existing,1,1,1,1,1,172.95330771457662,0,0
West,Phone,DSL,Basic,New,1,1,1,1,0,139.72525320033222,0,0
West,Phone,DSL,Standard,Existing,1,1,1,1,1,69.882252632181,1,0
South,Phone,Fiber,Basic,New,1,1,1,1,1,149.73291046107266,0,0
South,Online,DSL,Premium,New,1,0,1,1,1,186.73694763851998,1,0
West,Phone,Fiber,Standard,Existing,1,1,1,1,0,49.03468298828406,1,0
East,Online,DSL,Premium,New,1,1,1,0,1,168.67023273296113,2,1
West,Phone,5G,Basic,Existing,0,1,1,1,0,173.66999686971883,0,0
South,Online,5G,Standard,New,1,1,1,1,1,144.3128651413754,1,0
North,Online,DSL,Basic,Existing,0,1,1,1,1,189.80150384857484,2,0
North,Phone,Fiber,Basic,Existing,1,1,0,1,1,194.6157180061591,1,0
East,Phone,Fiber,Standard,Existing,1,0,0,1,1,163.66619374753913,1,1
West,Phone,Fiber,Standard,New,0,1,1,1,0,66.91973607574253,2,0
North,Phone,Fiber,Basic,Existing,1,1,1,1,1,53.27228850563106,0,0
West,Store,5G,Standard,Existing,1,1,1,1,0,107.71171241434722,1,0
South,Phone,Fiber,Basic,New,1,1,1,0,1,104.20985001352784,3,1
North,Phone,Fiber,Premium,Existing,1,1,1,1,1,62.92554856100409,0,0
East,Phone,Fiber,Premium,Existing,1,1,1,1,1,46.401276523231786,0,0
South,Online,Fiber,Standard,Existing,1,1,1,1,0,79.77625463510583,2,0
East,Phone,5G,Standard,New,0,0,0,1,0,86.19675265413835,0,1
South,Online,DSL,Premium,New,0,1,1,1,0,187.75295977619345,1,0
North,Online,DSL,Basic,Existing,1,1,1,1,1,196.7968989293497,1,0
East,Online,Fiber,Basic,New,1,1,1,1,1,197.63929194448505,1,0
East,Online,Fiber,Basic,Existing,0,1,1,1,1,169.9477434434309,0,0
South,Store,DSL,Standard,New,1,1,1,1,1,163.39909943509042,1,0
East,Phone,5G,Basic,Existing,1,1,1,1,0,190.11075254991704,0,0
South,Online,5G,Standard,Existing,1,1,1,1,0,94.45044679338517,0,0
South,Phone,5G,Standard,Existing,1,1,1,1,0,126.12845418381491,0,0
South,Online,5G,Standard,New,1,0,1,1,0,134.00410189452117,0,0
South,Store,5G,Premium,Existing,1,1,1,1,0,131.99483798160077,2,0
North,Online,5G,Basic,Existing,1,1,1,1,0,109.09757972456111,2,0
South,Phone,5G,Standard,New,1,1,1,1,0,196.09237026157052,0,0
West,Phone,5G,Basic,New,1,1,1,1,1,91.11624520034097,0,0
East,Store,5G,Premium,Existing,1,1,1,1,0,75.43633878705508,0,0
West,Phone,Fiber,Basic,New,1,0,1,1,0,158.1172583040223,0,0
North,Phone,5G,Premium,Existing,1,1,1,1,1,186.92582196138642,1,0
West,Online,Fiber,Standard,New,1,0,1,1,0,194.91574843558365,1,0
East,Phone,DSL,Standard,New,1,1,1,1,0,168.57547935508882,1,0
West,Online,Fiber,Premium,Existing,1,1,1,1,1,101.30946963775494,1,0
North,Store,DSL,Standard,Existing,1,1,1,1,0,170.30397010148445,0,0
South,Phone,Fiber,Basic,Existing,1,1,1,1,0,162.03217848044036,2,0
West,Online,DSL,Basic,New,1,1,1,1,1,104.42532391058295,0,0
North,Phone,Fiber,Premium,Existing,1,1,1,0,0,56.736258544972756,0,0
North,Online,Fiber,Basic,New,1,1,1,1,0,176.6662198596961,0,0
East,Store,DSL,Standard,Existing,1,1,1,1,1,88.8801358639613,1,0
East,Online,5G,Standard,Existing,1,1,1,1,0,58.09329016077477,0,0
West,Phone,5G,Standard,Existing,1,0,0,1,1,197.88073596612924,2,1
South,Online,5G,Basic,New,1,1,1,1,0,188.15857805464165,0,0
North,Phone,5G,Standard,Existing,1,1,1,1,0,161.08353163078948,1,0
West,Store,5G,Basic,New,1,1,1,1,0,50.799805157600076,0,0
North,Online,Fiber,Premium,Existing,1,1,1,1,0,155.6713690088266,1,0
North,Phone,5G,Standard,Existing,1,1,1,1,0,145.71118473962446,0,0
South,Phone,Fiber,Premium,New,1,1,0,1,1,79.4298382551605,2,0
South,Phone,DSL,Basic,New,1,1,1,1,1,113.40448774644915,1,0
West,Online,5G,Basic,New,1,1,1,1,0,194.32056819589127,0,0
South,Online,5G,Premium,Existing,0,1,0,1,0,42.81954324896533,1,0
South,Online,5G,Standard,Existing,1,1,1,1,0,115.10552748736137,0,0
West,Store,5G,Standard,New,0,1,1,1,1,133.41960372113107,0,0
South,Phone,Fiber,Standard,Existing,1,1,1,1,1,178.91618403373994,0,0
East,Phone,Fiber,Premium,New,1,1,1,1,1,152.83404922295946,0,0
North,Store,Fiber,Basic,New,0,0,0,1,1,56.024172008308696,0,1
North,Store,DSL,Premium,Existing,1,1,1,1,1,100.38840468836028,0,0
North,Online,Fiber,Basic,New,1,1,0,1,1,59.94051896185173,1,0
North,Online,5G,Standard,Existing,1,1,1,1,0,188.9471003271887,1,0
West,Online,DSL,Standard,New,1,1,1,1,1,150.6107867354501,1,0
North,Online,DSL,Basic,Existing,1,1,1,1,1,80.00764474335651,0,0
North,Online,5G,Standard,New,1,1,1,1,0,62.62336407540653,1,0
North,Online,5G,Premium,Existing,0,1,1,1,0,59.799228884105275,0,0
North,Store,5G,Basic,New,1,1,0,1,0,121.85500730062492,0,0
East,Store,5G,Standard,Existing,1,1,1,1,0,81.90185191547448,1,0
North,Store,Fiber,Standard,Existing,0,1,1,0,0,194.79608848205925,2,1
East,Phone,DSL,Standard,Existing,1,1,0,1,0,102.82047744407171,0,0
West,Phone,5G,Standard,New,1,0,1,1,0,198.86036463376396,1,0
South,Online,Fiber,Basic,Existing,1,0,1,1,0,177.78477980569795,1,0
North,Store,5G,Basic,New,1,1,1,1,0,184.92096177456426,2,0
South,Phone,Fiber,Standard,New,0,1,0,1,0,102.21735664935274,0,0
South,Phone,5G,Premium,New,1,1,1,1,0,59.428787522784425,0,0
West,Store,5G,Premium,Existing,1,0,1,1,1,174.3227403882606,1,0
South,Phone,5G,Premium,New,1,1,1,1,1,40.80650848149528,2,0
East,Phone,Fiber,Premium,New,1,1,1,1,1,111.72691365137199,0,0
South,Store,5G,Basic,Existing,1,1,0,1,0,63.47486998333608,1,0
South,Phone,Fiber,Basic,Existing,1,0,1,1,0,184.38471443783345,0,0
South,Store,Fiber,Premium,Existing,1,0,1,1,0,178.96399994940032,2,1
North,Phone,DSL,Basic,Existing,1,1,1,1,1,62.021696876627885,1,0
North,Store,Fiber,Premium,New,1,1,1,1,0,128.24302167690885,1,0
East,Phone,Fiber,Standard,New,1,1,1,1,1,77.46036930797857,0,0
East,Phone,Fiber,Standard,New,1,1,1,1,1,122.32300721522097,1,0
North,Store,Fiber,Premium,New,1,1,1,1,0,196.2440800620995,0,0
East,Phone,Fiber,Basic,New,1,1,1,1,1,76.86737129894954,1,0
North,Store,DSL,Premium,Existing,1,1,1,1,1,50.44500066535207,0,0
West,Store,5G,Basic,New,1,1,1,1,1,80.71307844186848,0,0
South,Phone,DSL,Standard,Existing,1,1,0,1,0,197.47671651304523,1,0
South,Online,DSL,Basic,Existing,1,1,1,1,0,53.06857131212649,0,0
East,Phone,5G,Premium,New,1,1,1,1,0,46.01871130169505,1,0
North,Online,Fiber,Standard,New,1,1,1,1,1,64.23077163453988,0,0
North,Online,5G,Standard,New,1,1,1,1,0,169.0319632719562,1,0
East,Phone,Fiber,Basic,Existing,1,1,1,1,0,115.42023332098287,2,0
North,Online,5G,Standard,Existing,0,1,1,1,0,94.14669884269797,0,0
West,Store,DSL,Standard,Existing,1,1,1,1,1,145.2124126397082,1,0
South,Store,Fiber,Basic,New,1,1,1,1,0,55.42188984315182,0,0
East,Online,DSL,Standard,Existing,1,1,1,0,0,151.4498825814882,1,0
East,Store,Fiber,Premium,Existing,1,1,1,1,1,88.62681715826021,0,0
North,Phone,5G,Basic,Existing,0,0,1,1,1,177.07868171742686,1,1
East,Store,5G,Basic,Existing,0,1,1,1,0,155.8774682836173,0,0
West,Online,5G,Basic,New,1,1,1,1,1,180.4185358816128,0,0
North,Phone,5G,Basic,Existing,1,1,1,1,1,69.56244038279705,1,0
North,Store,5G,Premium,New,1,1,1,1,1,63.739009833642086,1,0
North,Phone,DSL,Basic,New,1,1,1,1,0,153.8231740015379,0,0
North,Online,DSL,Premium,New,1,1,1,1,0,187.3773027450778,1,0
West,Store,Fiber,Basic,New,0,0,1,1,0,168.7791454993982,1,1
North,Phone,DSL,Basic,Existing,1,0,1,1,0,190.4914899665434,2,1
East,Phone,Fiber,Standard,New,0,0,1,1,0,41.778411965887514,0,1
West,Store,Fiber,Standard,New,1,1,1,1,0,68.5883667128129,2,0
South,Phone,DSL,Premium,Existing,1,1,1,1,0,138.96181726123245,0,0
South,Phone,DSL,Standard,Existing,1,1,1,1,0,107.64373601596088,1,0
East,Online,Fiber,Basic,Existing,1,1,1,1,0,162.4497439874579,0,0
East,Online,DSL,Premium,Existing,1,1,1,1,1,50.78197262392198,1,0
West,Online,DSL,Standard,New,1,1,1,1,1,140.9230256207514,1,0
South,Online,DSL,Basic,Existing,1,1,1,1,1,188.69609924142958,0,0
South,Online,5G,Standard,Existing,1,1,1,1,0,76.74683110222945,0,0
South,Online,5G,Standard,New,1,1,1,1,1,148.94709416480038,1,0
South,Store,Fiber,Standard,New,1,1,1,1,0,95.00948703253273,0,0
South,Online,DSL,Standard,Existing,1,1,1,1,1,99.3725433146811,1,0
North,Phone,Fiber,Basic,New,1,1,1,1,1,122.39642899853537,0,0
East,Store,DSL,Standard,Existing,1,1,1,1,0,88.5277095526041,0,0
North,Phone,5G,Premium,Existing,1,1,0,1,1,194.66233066706866,0,0
South,Online,DSL,Premium,New,0,1,0,1,0,46.98246918936205,1,0
West,Online,DSL,Standard,New,1,1,0,1,0,157.34601265302427,0,0
West,Phone,DSL,Premium,New,0,1,1,1,1,52.994595984527976,1,0
South,Phone,5G,Standard,New,1,1,1,1,1,176.62608275446104,2,0
South,Phone,5G,Basic,Existing,1,1,0,1,0,116.30478974320006,1,0
West,Store,5G,Basic,Existing,1,1,1,1,1,75.78041741122641,0,0
North,Online,Fiber,Premium,New,1,1,1,1,0,118.54785778563237,1,0
North,Phone,DSL,Premium,Existing,0,1,1,1,1,192.86713393530093,0,0
South,Online,5G,Standard,New,1,1,0,1,0,66.17347585606537,1,0
North,Phone,Fiber,Standard,Existing,1,1,0,1,0,136.81966737387737,1,0
West,Online,5G,Standard,Existing,1,1,1,1,1,115.90831208941403,0,0
North,Store,DSL,Basic,Existing,1,1,1,1,1,151.6251070506131,2,0
South,Online,Fiber,Standard,Existing,1,1,0,1,0,67.74304881986303,0,0
West,Phone,5G,Basic,Existing,1,1,0,1,0,135.29854215758706,1,0
North,Online,5G,Premium,Existing,1,1,1,1,1,176.1413676014331,1,0
East,Store,Fiber,Basic,New,1,1,1,1,1,44.086173344191394,0,0
West,Store,Fiber,Premium,New,1,1,1,1,1,168.41318156332954,1,0
West,Online,Fiber,Basic,New,1,1,1,1,0,115.93681334479646,0,0
East,Phone,Fiber,Basic,Existing,1,1,1,1,0,70.67265967497563,0,0
East,Store,Fiber,Standard,New,1,1,1,1,0,137.32148239609518,2,0
West,Store,5G,Premium,Existing,1,1,0,1,0,88.00799724259326,0,0
East,Online,Fiber,Basic,Existing,1,1,1,1,0,197.62732447696115,0,0
South,Store,Fiber,Basic,Existing,1,1,1,1,1,83.33333128352123,0,0
South,Store,DSL,Premium,New,1,1,1,1,0,154.33140963525452,1,0
South,Phone,5G,Basic,Existing,0,1,1,1,0,120.30263807457263,1,0
West,Phone,DSL,Premium,Existing,1,1,1,1,0,103.1773190564244,0,0
East,Phone,5G,Premium,New,1,1,1,1,0,124.12183792927244,0,0
East,Online,5G,Premium,New,1,1,1,1,1,88.83873191091004,1,0
North,Store,5G,Basic,New,1,1,1,1,0,113.86338206127718,1,0
North,Online,Fiber,Basic,Existing,1,1,1,0,1,100.01906357311339,0,0
East,Store,DSL,Standard,Existing,1,1,1,1,0,143.54248707960477,0,0
East,Store,5G,Premium,New,1,1,1,1,1,155.53736734637198,1,0
East,Store,5G,Basic,Existing,1,1,1,1,0,162.97622917207775,0,0
West,Phone,5G,Basic,Existing,1,1,1,1,0,165.78519228460053,0,0
East,Online,DSL,Premium,Existing,0,1,0,0,0,96.5708483741974,1,1
North,Online,5G,Premium,New,1,1,1,1,1,138.461751459526,1,0
West,Store,DSL,Premium,Existing,0,1,0,1,0,121.0065218875677,4,1
East,Online,DSL,Standard,New,0,1,1,1,0,142.41192931843187,5,0
North,Phone,Fiber,Standard,New,1,1,1,1,1,96.63468180950774,4,0
West,Online,5G,Standard,New,1,1,1,1,1,70.6169203113101,1,0
East,Store,5G,Premium,Existing,1,0,1,0,0,156.154608563573,0,1
East,Phone,DSL,Basic,Existing,0,1,1,1,1,100.5094163901593,1,0
East,Phone,DSL,Premium,Existing,1,1,1,1,1,157.0915819753008,0,0
West,Store,Fiber,Basic,New,1,1,1,1,0,153.18900766620504,0,0
North,Online,5G,Standard,New,1,1,1,1,0,198.92233672800177,0,0
North,Store,DSL,Standard,Existing,0,0,1,1,0,98.49894193318029,0,1
South,Online,5G,Standard,Existing,1,1,0,1,1,149.25463454959615,0,0
East,Online,5G,Basic,New,1,1,1,1,1,150.91161148845532,1,0
South,Phone,5G,Basic,Existing,1,1,0,1,1,190.1750943939046,0,0
South,Store,DSL,Premium,New,1,1,1,1,0,119.81635511045262,0,0
North,Phone,5G,Premium,New,1,1,1,1,1,146.37253372234505,0,0
West,Store,DSL,Premium,New,1,1,1,1,0,160.75723643598096,0,0
West,Store,Fiber,Standard,New,1,1,1,1,1,198.3107182884176,1,0
North,Phone,Fiber,Premium,Existing,1,0,1,1,0,113.46063274976407,1,0
West,Store,DSL,Standard,New,1,1,1,1,0,81.05404188620284,1,0
South,Store,5G,Basic,New,1,1,1,1,0,136.87684356697096,1,0
East,Online,Fiber,Standard,Existing,1,0,1,1,0,109.4471784845171,0,0
North,Store,Fiber,Standard,New,1,1,0,1,0,55.69809909451127,1,0
East,Store,DSL,Standard,New,1,1,1,1,0,111.40296493178995,0,0
West,Phone,DSL,Basic,New,1,1,1,0,0,151.11445291186845,0,0
East,Phone,DSL,Basic,New,0,1,1,1,0,113.45468052882896,0,0
West,Store,DSL,Premium,Existing,1,1,1,1,1,131.43688782688585,1,0
West,Online,DSL,Premium,Existing,1,1,1,1,0,153.55206691576115,0,0
South,Online,DSL,Premium,Existing,1,1,1,0,0,121.24975565497724,0,0
West,Phone,DSL,Basic,Existing,1,1,0,1,1,55.471405518958164,0,0
South,Store,5G,Basic,New,1,1,0,1,1,150.74445358675376,0,0
South,Store,5G,Basic,New,1,1,1,1,0,71.06908968992292,0,0
South,Online,5G,Basic,Existing,1,1,1,1,1,154.54877628955413,0,0
North,Online,5G,Basic,New,1,1,0,1,1,89.08709405495605,0,0
North,Online,Fiber,Standard,Existing,1,1,1,0,0,125.90393712128699,0,0
West,Phone,5G,Premium,New,1,1,1,1,0,50.30049267748993,2,0
South,Store,Fiber,Standard,Existing,1,1,1,1,0,85.74180718339237,0,0
North,Phone,Fiber,Premium,Existing,1,1,1,1,1,187.9481656370179,0,0
South,Store,Fiber,Standard,Existing,1,1,1,1,0,124.01125511667011,0,0
East,Phone,DSL,Basic,Existing,0,1,1,0,0,185.23629869216614,1,1
East,Store,Fiber,Premium,New,0,1,1,1,1,190.3713235300617,0,0
East,Online,Fiber,Standard,New,1,1,1,1,1,84.31890821476364,1,0
West,Online,Fiber,Premium,New,0,1,1,0,1,184.94721898409796,1,1
South,Online,DSL,Basic,Existing,0,1,1,1,0,145.20460597793857,1,0
East,Phone,5G,Basic,Existing,0,1,0,1,1,127.06091349763153,0,0
North,Online,5G,Premium,New,1,0,1,1,0,104.83871762020426,1,0
East,Store,Fiber,Premium,New,0,1,1,1,1,80.3588579124484,0,0
East,Phone,Fiber,Basic,New,1,1,1,1,0,103.87284792275686,0,0
East,Store,5G,Basic,New,0,1,0,1,1,144.59762413015454,0,0
West,Phone,5G,Basic,Existing,1,1,1,1,1,98.06882300020601,2,0
North,Store,5G,Standard,Existing,0,1,1,1,0,96.39318318469265,0,0
South,Store,5G,Premium,New,1,1,1,1,0,127.07037977331778,0,0
North,Phone,Fiber,Basic,New,1,1,1,1,0,47.2442784149993,1,0
South,Phone,Fiber,Premium,New,0,1,1,0,1,137.89738644228294,2,1
West,Online,Fiber,Standard,Existing,1,0,0,1,1,86.80456966556021,1,1
West,Online,5G,Standard,New,1,1,0,1,0,118.72988344930114,2,0
West,Store,DSL,Basic,Existing,1,1,1,1,0,172.67531283437557,0,0
West,Store,5G,Premium,Existing,0,1,1,1,0,166.77912638074653,0,0
South,Store,5G,Standard,New,0,1,0,1,1,86.67199943078218,1,0
East,Phone,DSL,Premium,New,1,1,1,1,1,48.04837498182568,0,0
South,Phone,DSL,Premium,New,0,1,1,1,0,100.54371475072237,1,0
North,Online,5G,Basic,Existing,1,1,1,1,0,58.76816143880015,2,0
West,Store,DSL,Standard,New,1,1,1,1,0,109.14504988745796,0,0
West,Online,DSL,Standard,New,1,1,1,1,0,172.46875883238695,0,0
North,Phone,DSL,Standard,Existing,1,0,1,1,0,91.82104344846354,0,0
South,Phone,5G,Premium,Existing,1,0,1,1,0,170.01187037399723,0,0
East,Phone,5G,Standard,Existing,1,1,1,1,1,195.0421829120032,0,0
East,Online,DSL,Standard,New,1,1,0,1,0,148.47629678088435,0,0
North,Phone,Fiber,Premium,Existing,1,1,1,1,0,175.9675808065303,1,0
East,Store,DSL,Standard,Existing,1,1,1,1,0,174.8352367027849,2,0
South,Online,DSL,Standard,Existing,0,1,0,1,0,43.17400520017895,0,0
South,Phone,5G,Premium,Existing,1,0,1,0,0,145.94987057617965,2,1
North,Online,Fiber,Standard,Existing,1,1,1,1,1,163.3451802052765,1,0
South,Online,DSL,Basic,New,1,1,1,0,0,111.07062825242426,1,0
West,Phone,Fiber,Premium,Existing,0,1,1,1,0,175.33617260621378,0,0
North,Phone,5G,Standard,Existing,1,1,1,0,0,146.25222589156465,1,0
South,Online,Fiber,Basic,Existing,1,1,1,1,0,149.5750293751894,2,0
North,Online,5G,Premium,New,1,0,1,1,0,105.25727105562692,0,0
East,Phone,DSL,Standard,New,0,1,1,1,0,181.40538203037613,0,0
South,Store,5G,Premium,Existing,0,1,1,1,1,100.62750147460541,0,0
West,Online,Fiber,Basic,Existing,0,1,0,1,1,63.45881384592545,2,1
South,Online,Fiber,Premium,Existing,1,1,1,1,1,90.27704322343945,4,0
North,Store,Fiber,Standard,Existing,1,1,1,1,1,104.21660948643651,0,0
North,Phone,DSL,Basic,New,0,0,1,0,1,160.40758416798468,1,1
South,Phone,Fiber,Premium,New,1,1,1,1,0,53.92573769813602,0,0
West,Store,Fiber,Standard,New,1,1,1,1,1,145.35125865307867,2,0
West,Phone,Fiber,Standard,Existing,1,1,1,1,0,121.95200825074497,0,0
West,Phone,5G,Basic,Existing,1,0,1,1,0,90.62952709594032,1,0
North,Online,Fiber,Basic,New,1,0,1,1,0,103.19009018952298,0,0
South,Online,5G,Premium,New,1,1,1,0,0,151.72808002262207,1,0
East,Online,Fiber,Standard,Existing,1,1,0,1,1,136.20754504180144,0,0
North,Store,5G,Basic,New,1,1,1,1,0,51.421187443230565,1,0
West,Phone,5G,Standard,New,1,1,1,1,0,55.88500728727213,0,0
South,Phone,DSL,Premium,New,1,1,1,1,1,152.4919472467323,1,0
West,Online,DSL,Basic,New,0,1,1,1,1,180.75974173246058,0,0
East,Online,5G,Premium,New,1,1,0,1,1,65.75969088177408,0,0
West,Store,5G,Premium,Existing,1,1,1,0,0,135.2403517663604,0,0
West,Phone,DSL,Basic,Existing,1,1,0,1,0,72.96532799274907,1,0
East,Store,5G,Premium,Existing,1,1,1,1,1,197.5185773091548,2,0
South,Phone,DSL,Standard,Existing,1,1,1,1,1,140.51302588226918,0,0
North,Store,DSL,Basic,New,1,1,1,1,0,170.67451221305714,0,0
South,Online,Fiber,Standard,Existing,1,1,1,1,0,86.3592664355055,0,0
East,Store,Fiber,Premium,New,1,1,0,1,0,94.13998340911576,1,0
West,Store,DSL,Basic,New,1,1,1,1,0,63.315750695831184,0,0
South,Online,DSL,Standard,Existing,1,1,1,1,0,148.73121966948048,2,0
North,Phone,5G,Standard,Existing,1,1,1,1,1,197.04209707361275,1,0
East,Phone,DSL,Standard,Existing,1,1,0,1,1,118.47348537325215,0,0
South,Online,DSL,Standard,Existing,0,1,1,1,0,55.4301338299266,0,0
North,Store,Fiber,Standard,New,1,1,0,1,1,42.12297322566496,0,0
East,Store,DSL,Premium,New,1,1,1,1,1,153.3536426208604,0,0
North,Store,5G,Premium,New,1,1,1,1,1,68.67314958887454,0,0
East,Phone,DSL,Premium,Existing,0,1,1,1,0,189.49005669979752,1,0
West,Store,Fiber,Premium,Existing,1,1,1,0,1,157.45904476627442,0,0
South,Phone,Fiber,Premium,New,1,1,0,1,0,69.91336950375923,0,0
North,Store,Fiber,Premium,New,1,1,1,1,1,184.38409442077773,2,0
East,Online,Fiber,Premium,Existing,1,1,1,1,0,75.42367201463313,0,0
North,Online,DSL,Standard,Existing,1,1,1,1,1,192.85882359187366,1,0
North,Phone,5G,Premium,New,1,1,1,1,0,85.95324429442175,1,0
South,Phone,5G,Standard,New,1,1,1,1,1,60.02976611909476,1,0
West,Online,5G,Basic,New,1,1,1,1,0,131.3708595292101,0,0
North,Online,DSL,Premium,Existing,1,1,1,1,0,135.25575671410962,1,0
East,Store,DSL,Standard,New,1,1,1,1,0,140.5413265178933,1,0
East,Online,DSL,Basic,New,1,1,1,1,0,83.43117498677071,1,0
West,Phone,5G,Basic,Existing,1,1,1,0,0,99.40819340768678,0,0
East,Online,DSL,Standard,New,1,0,1,1,0,198.65987192309797,0,0
West,Phone,DSL,Standard,New,1,1,0,1,1,103.89813342684862,2,0
East,Phone,Fiber,Standard,New,1,1,1,1,1,56.3181103653676,1,0
South,Store,Fiber,Premium,Existing,0,1,0,1,0,108.19829141688675,1,0
North,Store,5G,Basic,Existing,1,0,1,1,0,70.48887095785307,1,0
South,Store,Fiber,Premium,New,1,0,0,1,0,63.780147747867346,0,1
North,Store,Fiber,Premium,Existing,1,1,1,1,1,101.19444029927422,0,0
North,Online,Fiber,Premium,New,1,1,1,1,1,95.0179251983427,1,0
North,Store,DSL,Basic,New,0,1,1,1,0,58.67684731994429,1,0
South,Online,Fiber,Basic,Existing,1,1,1,1,0,42.70095851009762,1,0
North,Store,Fiber,Basic,New,1,1,1,0,0,141.28438293972806,0,0
South,Store,Fiber,Standard,Existing,1,1,0,0,0,78.32524176986846,2,1
West,Phone,DSL,Premium,Existing,1,1,1,1,1,177.046318022677,1,0
East,Online,5G,Standard,New,1,1,1,1,0,89.49849185746382,1,0
East,Phone,DSL,Standard,New,1,1,0,1,0,127.20571017859803,1,0
North,Store,DSL,Premium,Existing,1,1,0,1,0,75.42001194162094,0,0
South,Online,Fiber,Basic,Existing,0,1,1,0,0,69.57305759393877,1,1
East,Store,5G,Premium,New,1,1,1,1,1,191.1651738322801,0,0
South,Phone,Fiber,Standard,Existing,1,1,1,1,1,148.412754174673,3,0
South,Online,Fiber,Basic,New,1,1,1,1,0,191.9395416255103,0,0
North,Phone,5G,Basic,New,1,1,0,1,0,72.01314190997692,1,0
East,Store,5G,Standard,Existing,1,1,1,1,1,159.80781012255494,0,0
North,Store,DSL,Basic,New,1,1,1,1,1,75.76661670895578,1,0
North,Store,5G,Basic,Existing,1,1,1,0,1,159.86814245015114,0,0
East,Online,DSL,Premium,New,0,1,1,1,0,172.89440710017487,0,0
East,Phone,DSL,Premium,New,1,0,1,1,0,74.16051329346301,1,0
West,Phone,Fiber,Standard,New,1,1,1,1,1,98.68259373702664,1,0
West,Store,Fiber,Standard,New,1,1,1,1,1,136.87850917436595,1,0
South,Phone,Fiber,Standard,New,0,1,0,1,0,185.68697940368858,0,0
East,Online,5G,Basic,New,1,1,1,1,0,44.376550479596624,0,0
West,Store,5G,Standard,Existing,0,1,1,1,0,129.3105761705981,0,0
South,Store,DSL,Premium,Existing,0,1,1,1,0,61.959694785147136,0,0
South,Store,DSL,Basic,New,1,1,1,1,1,107.92958487574106,1,0
South,Online,DSL,Standard,Existing,1,1,1,1,1,125.4447466106741,0,0
West,Store,5G,Basic,Existing,1,1,1,1,0,166.3001161301002,2,0
East,Store,DSL,Basic,Existing,1,1,1,1,1,199.69826643753547,2,0
North,Store,DSL,Basic,Existing,1,1,1,1,0,129.5858915120886,0,0
South,Store,5G,Standard,Existing,1,1,1,1,1,108.91200684861418,0,0
West,Phone,Fiber,Basic,New,1,1,1,1,0,121.22066810785722,0,0
West,Store,5G,Basic,New,1,1,1,1,1,136.282254877628,1,0
North,Online,DSL,Basic,New,0,1,1,1,1,53.47509826987037,2,0
North,Store,Fiber,Premium,New,1,1,1,1,1,51.50599929316819,0,0
West,Store,5G,Standard,New,1,1,1,1,0,95.02133847175152,1,0
East,Phone,Fiber,Premium,Existing,0,1,1,1,0,49.478373189377756,2,0
North,Store,Fiber,Basic,Existing,1,1,1,1,0,119.24168509543462,0,0
West,Phone,DSL,Basic,New,0,1,1,0,0,81.26699126209482,2,1
North,Online,5G,Premium,New,1,0,0,1,0,48.41224953281605,0,1
East,Phone,DSL,Basic,Existing,1,1,1,0,0,48.19302150683203,1,0
South,Store,5G,Premium,New,1,1,1,1,0,105.55528773611314,0,0
North,Online,5G,Basic,New,1,1,1,1,0,92.97789418488804,1,0
East,Store,5G,Basic,Existing,1,1,1,1,1,170.3112583698834,0,0
West,Phone,Fiber,Basic,New,1,1,0,1,0,60.91200966815693,0,0
North,Online,Fiber,Basic,New,1,1,1,1,0,44.380307804798434,0,0
North,Online,DSL,Standard,New,1,1,1,1,0,49.644386260624586,0,0
West,Phone,5G,Standard,New,1,1,1,1,0,93.13227456365796,1,0
South,Phone,5G,Standard,New,0,1,1,1,1,137.0233439202711,1,0
West,Online,Fiber,Premium,Existing,1,1,1,1,0,120.02601587442003,1,0
North,Online,5G,Premium,New,1,1,1,1,0,131.1998518244283,1,0
West,Phone,DSL,Premium,New,0,1,1,1,1,140.29421812694585,0,0
East,Store,5G,Premium,Existing,1,1,1,0,1,89.51519429877956,2,1
West,Online,5G,Standard,New,1,1,1,1,1,185.41865450237682,0,0
North,Phone,Fiber,Premium,New,1,1,1,1,1,41.428092322708224,0,0
West,Store,5G,Premium,Existing,1,1,1,1,1,68.66887954813114,1,0
South,Online,DSL,Premium,Existing,0,1,1,1,0,143.3756659760682,1,0
West,Online,DSL,Basic,Existing,0,1,0,1,0,195.6769482726362,0,0
South,Phone,DSL,Premium,Existing,1,1,0,1,0,64.36905731561214,1,0
East,Store,DSL,Basic,Existing,1,1,1,1,0,153.14284385712898,1,0
South,Online,Fiber,Premium,New,0,1,1,1,0,79.37011931730666,0,0
West,Store,5G,Premium,Existing,0,1,1,1,0,72.13308526510438,1,0
North,Store,Fiber,Basic,Existing,1,1,1,1,0,88.77838527128988,2,0
South,Online,DSL,Premium,Existing,1,0,1,1,1,67.15997893073575,1,0
East,Store,5G,Basic,Existing,1,1,0,1,1,123.90072823711195,0,0
South,Online,Fiber,Premium,New,1,0,1,1,1,191.6342935981775,1,0
South,Store,5G,Premium,Existing,0,1,1,1,0,187.6512717793349,1,0
South,Online,DSL,Basic,New,1,1,1,0,1,125.56399012451719,2,1
East,Phone,DSL,Standard,New,1,1,1,1,1,158.37749824957456,1,0
West,Online,5G,Basic,Existing,1,1,1,1,0,71.6837539289419,0,0
South,Online,5G,Standard,New,1,1,1,1,1,129.0078717368621,0,0
South,Online,DSL,Basic,New,1,1,1,1,0,164.20688067984298,0,0
North,Store,Fiber,Standard,New,1,1,1,0,0,91.60031937579532,1,0
East,Phone,DSL,Premium,Existing,1,1,0,1,0,73.46876592122004,1,0
South,Store,5G,Standard,Existing,1,1,1,1,1,86.51419974160541,1,0
East,Store,Fiber,Premium,New,1,1,1,1,1,84.23561911418103,0,0
South,Online,DSL,Basic,Existing,1,1,1,1,0,83.35477472362464,1,0
West,Store,5G,Standard,Existing,1,1,1,1,0,50.30337196331267,0,0
West,Online,5G,Premium,Existing,1,1,1,1,0,119.80150348121245,1,0
South,Phone,5G,Basic,New,1,1,1,1,1,65.61846071292845,0,0
West,Store,Fiber,Standard,Existing,1,1,1,1,1,183.82763168249403,1,0
South,Store,Fiber,Premium,Existing,1,1,1,1,1,168.1943010171829,0,0
West,Store,Fiber,Standard,New,1,1,1,1,0,185.66865274515027,0,0
North,Online,Fiber,Standard,Existing,0,0,1,1,0,179.6194177489937,1,1
North,Online,5G,Premium,New,1,1,1,1,1,97.0701461364954,1,0
North,Store,5G,Premium,Existing,1,1,1,1,1,163.708651547956,0,0
East,Store,Fiber,Basic,Existing,1,1,1,1,0,119.73331746331525,1,0
East,Phone,Fiber,Premium,Existing,1,1,1,1,0,80.89827604964438,1,0
North,Phone,5G,Premium,Existing,1,1,1,1,0,97.79337384351334,0,0
East,Phone,DSL,Standard,New,1,1,1,1,0,131.4919534178756,1,0
West,Phone,DSL,Premium,Existing,1,1,1,1,0,175.27192688509734,0,0
South,Phone,5G,Standard,New,1,1,1,1,0,41.949010885340016,0,0
South,Online,Fiber,Standard,New,1,1,0,1,0,110.55327874571509,0,0
South,Phone,Fiber,Premium,Existing,1,0,0,0,1,40.902630021059494,0,1
North,Phone,5G,Premium,Existing,1,1,0,1,1,85.99783057759586,1,0
East,Store,DSL,Premium,Existing,1,1,1,1,1,105.59634102335588,2,0
West,Online,5G,Premium,Existing,1,1,1,0,0,114.52525362695576,1,0
West,Phone,5G,Basic,Existing,1,0,1,1,0,158.47864847834882,0,0
North,Phone,5G,Standard,Existing,1,1,1,1,1,157.15264365363754,1,0
West,Phone,Fiber,Basic,Existing,1,1,0,1,1,89.92033921641806,1,0
West,Store,Fiber,Basic,Existing,1,1,1,1,0,98.68869415129174,1,0
West,Store,Fiber,Standard,Existing,0,1,1,1,0,81.49041782776703,1,0
West,Store,DSL,Basic,New,1,1,1,1,0,102.63290805163427,1,0
East,Phone,5G,Premium,Existing,1,1,1,1,1,94.27245256186518,0,0
West,Store,5G,Premium,Existing,1,1,1,0,1,146.35646885416875,0,0
South,Phone,DSL,Premium,New,1,1,1,1,0,60.82938920470685,1,0
North,Online,Fiber,Premium,Existing,1,1,1,1,0,44.60088844423012,1,0
East,Phone,5G,Standard,Existing,1,1,1,1,0,43.15591562120872,1,0
West,Store,DSL,Premium,New,0,1,1,1,0,194.43855500987868,0,0
East,Online,Fiber,Standard,Existing,1,1,1,1,1,79.3943712634703,0,0
West,Phone,Fiber,Standard,New,1,1,1,1,1,157.14749513382958,0,0
South,Online,5G,Standard,Existing,1,1,1,1,0,155.13478145032786,0,0
North,Online,Fiber,Standard,Existing,1,1,1,1,0,173.7944094010491,0,0
West,Online,DSL,Basic,Existing,1,1,1,1,0,102.0827619535653,0,0
West,Phone,Fiber,Basic,New,1,1,1,1,0,143.6878040027791,0,0
West,Store,5G,Premium,New,1,0,1,1,0,98.0557756461248,0,0
West,Phone,DSL,Standard,New,1,1,1,1,1,77.51613048750093,2,0
North,Store,Fiber,Premium,New,1,1,1,1,1,197.8146282909221,2,0
North,Phone,Fiber,Premium,Existing,1,1,1,0,0,184.51000295922492,1,0
South,Phone,Fiber,Premium,New,1,1,0,1,1,114.27921108019387,1,0
North,Phone,DSL,Premium,Existing,1,1,1,1,0,137.2666570754761,1,0
West,Store,Fiber,Standard,Existing,1,1,1,1,0,195.11085805774005,0,0
South,Phone,5G,Standard,Existing,1,1,0,1,0,94.8257745971969,2,0
South,Online,DSL,Basic,Existing,0,1,0,1,0,174.50303404581132,0,0
South,Phone,DSL,Standard,Existing,0,1,1,1,0,103.40747960320682,0,0
West,Online,Fiber,Standard,New,0,1,1,1,0,179.67340820126824,1,0
East,Store,DSL,Premium,Existing,1,1,1,1,1,117.8689895164839,1,0
West,Store,5G,Standard,Existing,1,1,1,1,0,125.23022170435637,0,0
North,Phone,DSL,Premium,New,1,1,1,1,1,160.9994080646659,3,0
North,Phone,5G,Standard,Existing,1,0,0,1,1,181.01484594491228,0,1
West,Phone,Fiber,Basic,New,1,0,1,1,0,82.42458008890605,0,0
West,Online,DSL,Premium,Existing,1,1,1,1,1,160.341042783817,0,0
South,Store,5G,Standard,New,1,1,1,1,1,191.8408647104369,0,0
West,Online,Fiber,Standard,Existing,1,1,1,1,1,43.60194069477053,0,0
South,Online,5G,Premium,Existing,1,1,1,1,0,65.08712187001905,2,0
North,Phone,DSL,Basic,New,1,1,0,1,0,96.71957042824599,1,0
South,Phone,DSL,Basic,Existing,1,1,1,1,1,165.81830533037095,1,0
West,Online,5G,Standard,Existing,1,1,1,1,0,133.63209454797476,0,0
North,Online,Fiber,Standard,New,0,1,1,1,0,187.52410486980872,0,0
East,Phone,Fiber,Standard,New,1,1,1,1,0,114.07021896393856,1,0
South,Phone,Fiber,Premium,Existing,0,1,1,1,1,120.06800485330226,1,0
North,Online,Fiber,Premium,New,1,1,1,1,0,129.63671308330396,3,0
South,Phone,5G,Premium,Existing,1,1,1,1,1,185.11719042327852,1,0
North,Phone,DSL,Standard,New,0,1,1,1,1,49.512532486715344,3,0
North,Online,5G,Basic,New,1,1,1,1,0,121.73462573525256,2,0
South,Online,DSL,Premium,New,1,1,1,1,1,100.22709293105522,1,0
East,Store,DSL,Basic,Existing,1,1,1,1,0,88.9911735088503,0,0
North,Online,5G,Standard,Existing,1,1,1,0,1,154.59682844435468,0,0
North,Phone,5G,Premium,Existing,1,1,1,1,0,94.06472438235353,1,0
North,Online,Fiber,Premium,New,1,1,1,0,1,43.9271215851855,1,0
East,Online,DSL,Premium,Existing,1,1,1,1,0,74.23733031406924,1,0
East,Online,Fiber,Standard,Existing,1,0,0,1,0,86.65539695489403,1,1
West,Store,Fiber,Standard,New,1,1,1,1,0,69.00472987150732,1,0
South,Store,5G,Standard,New,1,1,1,1,1,162.18508637244946,0,0
East,Phone,Fiber,Basic,Existing,1,0,1,1,0,136.92285683523312,1,0
South,Store,Fiber,Basic,Existing,1,1,1,1,0,150.56449520821874,1,0
West,Online,Fiber,Premium,Existing,1,1,1,0,0,126.63474175155905,1,0
South,Store,5G,Premium,Existing,1,1,1,1,1,149.17793238472382,0,0
East,Online,Fiber,Standard,Existing,0,1,0,0,1,154.44209403656947,0,1
South,Store,Fiber,Standard,New,1,1,1,1,1,161.5316586799071,1,0
East,Store,5G,Standard,Existing,1,1,0,1,0,164.42975120288358,1,0
South,Store,5G,Premium,Existing,1,1,1,1,1,83.9411440097198,0,0
East,Online,5G,Standard,Existing,1,1,0,1,1,78.56351711434726,0,0
East,Store,DSL,Basic,New,0,1,1,1,0,155.6460325913377,0,0
South,Online,5G,Basic,New,1,1,1,1,0,197.24241704313766,2,0
West,Online,DSL,Premium,Existing,0,1,1,1,1,155.96473671398633,1,0
North,Phone,5G,Premium,Existing,0,1,1,1,0,120.96094617286784,0,0
West,Store,5G,Basic,Existing,1,1,1,1,1,88.83045038634546,0,0
South,Phone,5G,Standard,Existing,0,1,1,1,1,61.141729715767056,2,0
West,Phone,DSL,Premium,New,1,1,1,1,0,133.14524097299,0,0
East,Online,Fiber,Premium,Existing,1,1,1,1,0,53.266634623336806,2,0
North,Store,5G,Premium,Existing,1,1,1,1,1,188.27444786715282,1,0
South,Online,DSL,Basic,Existing,1,1,1,1,0,50.27906632860193,1,0
South,Online,5G,Premium,New,0,1,1,1,1,61.494628538724086,0,0
South,Store,Fiber,Basic,New,1,1,1,1,1,161.48143971901965,0,0
North,Online,DSL,Basic,New,1,1,1,1,0,182.17671433419488,2,0
East,Store,5G,Standard,New,1,1,0,1,0,69.15185384701878,1,0
South,Store,5G,Standard,New,1,1,1,1,0,48.38011160260855,0,0
West,Online,5G,Standard,Existing,1,1,1,0,0,61.675751011717864,0,0
South,Online,Fiber,Premium,New,1,1,1,1,1,154.2683835588682,1,0
South,Phone,DSL,Basic,Existing,1,1,1,0,0,182.32231004591793,0,0
South,Online,5G,Premium,Existing,0,1,1,1,0,154.5910814088674,0,0
South,Store,5G,Basic,Existing,1,1,1,1,0,98.57628480116104,1,0
East,Phone,DSL,Premium,New,1,1,1,1,0,136.70525528842802,0,0
West,Store,Fiber,Basic,New,1,1,1,1,0,121.47369966384964,0,0
East,Phone,Fiber,Standard,New,1,1,1,1,0,123.32275649538838,0,0
West,Online,Fiber,Standard,Existing,1,1,1,1,1,172.1055825256081,1,0
South,Online,Fiber,Premium,Existing,1,1,1,0,1,192.88760324128037,0,0
North,Online,Fiber,Basic,New,1,1,1,1,0,181.97501303498578,1,0
East,Store,5G,Standard,New,1,1,1,1,0,161.36310522834123,0,0
North,Phone,5G,Basic,New,1,1,1,1,0,113.25323933401508,0,0
East,Store,5G,Premium,Existing,0,1,0,1,1,78.09155415355441,2,1
South,Phone,DSL,Standard,Existing,1,1,1,1,0,100.18803290024803,0,0
East,Online,Fiber,Premium,New,1,1,1,1,1,178.29663787132705,0,0
South,Store,DSL,Premium,Existing,1,1,1,1,0,41.22959170517781,2,0
East,Online,Fiber,Basic,Existing,1,1,1,1,1,91.40143664250154,0,0
South,Store,Fiber,Premium,New,1,1,1,1,1,118.19065238137624,2,0
South,Online,DSL,Premium,Existing,0,1,0,1,0,46.41468175235918,0,0
West,Store,5G,Basic,Existing,1,1,1,1,0,56.735183903079104,0,0
South,Store,DSL,Basic,Existing,1,0,0,0,1,153.27614821834155,2,1
West,Phone,5G,Premium,New,1,1,1,1,1,190.94811100490466,2,0
South,Online,Fiber,Standard,Existing,1,1,1,1,1,147.9231877377008,0,0
North,Phone,5G,Standard,Existing,0,1,1,1,1,77.70315400881395,0,0
South,Phone,Fiber,Basic,New,1,0,1,1,0,87.6388081174939,0,0
North,Online,Fiber,Premium,New,1,1,1,1,1,137.08264731383102,2,0
North,Store,5G,Standard,Existing,0,0,0,1,0,197.73230363622102,0,1
South,Phone,Fiber,Basic,Existing,1,1,1,1,0,144.5055935682802,0,0
North,Online,5G,Basic,Existing,1,1,1,1,0,53.319904864599025,1,0
West,Store,DSL,Basic,New,1,0,1,1,0,67.6392535407193,2,1
East,Phone,Fiber,Premium,New,1,0,1,1,0,154.08826755027252,2,1
South,Phone,Fiber,Basic,Existing,1,1,1,1,1,158.89645511224757,2,0
North,Phone,DSL,Standard,New,1,1,1,1,1,52.34088845091728,0,0
South,Store,Fiber,Premium,New,0,1,1,0,0,132.5417965575257,1,1
West,Phone,DSL,Standard,New,1,1,1,1,0,171.26152177176337,1,0
South,Store,DSL,Standard,New,1,1,0,1,1,70.57170559995137,1,0
South,Phone,Fiber,Standard,New,0,1,0,1,0,152.87595673682966,2,1
North,Online,DSL,Premium,New,1,1,1,1,1,105.90232602276987,1,0
West,Phone,DSL,Standard,Existing,1,1,1,0,0,144.94701116421464,0,0
East,Online,DSL,Basic,Existing,1,1,1,1,0,129.57733853588198,0,0
East,Online,Fiber,Basic,Existing,0,1,1,1,0,190.04948581414843,0,0
North,Online,DSL,Standard,New,1,1,1,1,0,65.19819862469865,0,0
South,Store,5G,Basic,Existing,0,1,0,1,0,73.966397612164,1,0
North,Online,5G,Premium,Existing,1,1,1,1,0,68.3801231121814,0,0
North,Phone,DSL,Premium,New,1,1,1,1,0,152.10081886224827,1,0
North,Store,5G,Basic,Existing,1,1,0,0,1,69.53246683900858,0,1
South,Online,Fiber,Basic,Existing,1,1,0,1,0,106.43677110902567,1,0
West,Store,DSL,Premium,Existing,1,1,1,1,0,181.73306375430403,0,0
North,Store,Fiber,Standard,Existing,0,1,1,1,1,84.4939088623395,1,0
South,Store,5G,Premium,New,1,0,1,1,0,63.94708767000477,1,0
West,Phone,5G,Standard,Existing,1,1,1,1,0,125.31675090793655,2,0
North,Online,5G,Basic,New,1,1,1,1,0,144.8726406016229,0,0
East,Store,5G,Basic,New,1,1,1,1,1,119.39509954379538,1,0
West,Store,Fiber,Standard,Existing,1,1,1,1,1,127.4350318709566,2,0
North,Store,DSL,Standard,New,1,1,0,1,0,70.85027791397216,1,0
West,Online,Fiber,Premium,New,1,1,1,1,1,87.16012887682328,1,0
West,Store,DSL,Standard,New,1,0,1,1,0,145.46597143336743,1,0
West,Store,5G,Basic,New,1,1,1,1,1,169.05911540512238,0,0
West,Phone,5G,Basic,Existing,1,1,1,1,1,97.72247987324852,0,0
West,Online,5G,Basic,Existing,1,0,1,1,0,153.5001936649133,3,1
West,Phone,5G,Standard,New,1,1,0,1,1,71.61821769784125,1,0
North,Online,Fiber,Standard,New,1,1,1,1,0,87.58061682894224,0,0
East,Online,DSL,Basic,New,1,1,1,1,0,41.04256500576865,1,0
South,Online,DSL,Standard,New,1,1,1,1,0,75.21865225279497,0,0
West,Phone,5G,Premium,Existing,1,1,1,1,1,161.89072118107154,0,0
South,Phone,Fiber,Premium,New,1,1,0,1,0,53.57845193338407,0,0
North,Phone,5G,Standard,Existing,1,1,1,1,0,52.474530531194326,1,0
West,Phone,DSL,Standard,New,1,0,1,1,1,142.29494722795826,1,0
East,Store,DSL,Basic,New,1,1,1,1,0,120.04702180409203,3,0
South,Store,Fiber,Standard,New,1,1,1,1,1,163.93008338342693,0,0
West,Store,DSL,Basic,Existing,1,1,0,1,0,102.5563129972498,1,0
North,Online,Fiber,Premium,Existing,1,1,1,1,0,129.93180383546036,0,0
East,Store,5G,Standard,Existing,1,1,1,1,0,190.52717852440546,1,0
South,Online,5G,Premium,New,0,1,1,0,0,179.12776902218025,1,1
South,Phone,Fiber,Standard,Existing,1,1,1,1,0,136.2472873626417,1,0
West,Online,5G,Standard,New,1,1,1,0,1,116.72181466827249,1,0
East,Online,Fiber,Basic,New,1,1,1,1,1,47.772025541146576,0,0
East,Store,5G,Basic,Existing,1,1,1,1,0,124.39403618558401,0,0
East,Phone,5G,Standard,New,0,1,1,1,1,114.99007419457725,0,0
East,Phone,DSL,Standard,Existing,1,1,1,1,0,188.81308539168185,0,0
North,Store,DSL,Basic,New,1,1,1,1,1,104.80366292989183,0,0
East,Phone,Fiber,Premium,New,1,1,1,1,1,139.46451080897384,0,0
South,Phone,5G,Standard,New,1,1,1,1,0,186.34916418658517,0,0
South,Phone,5G,Basic,New,1,1,1,1,0,71.13456434719076,0,0
North,Store,5G,Standard,New,1,0,1,1,0,100.12212965820895,0,0
South,Phone,DSL,Basic,Existing,1,1,1,1,1,98.34189853552988,0,0
South,Online,Fiber,Premium,New,1,1,1,1,0,85.36663941341473,1,0
East,Online,Fiber,Standard,New,0,1,1,1,0,177.99980634605186,1,0
South,Phone,Fiber,Standard,Existing,1,1,1,1,0,148.9398619328182,0,0
North,Store,5G,Premium,Existing,1,0,1,1,0,196.02036265315527,1,0
East,Store,Fiber,Standard,New,1,1,1,1,0,171.02927207447664,0,0
West,Store,DSL,Standard,Existing,1,1,1,1,1,181.27403974516736,0,0
East,Phone,DSL,Standard,New,1,1,1,1,0,46.54950057210357,2,0
North,Phone,Fiber,Basic,Existing,1,1,1,0,0,42.85761116169315,1,0
East,Online,5G,Basic,Existing,1,1,1,1,1,145.8603866307493,0,0
East,Store,DSL,Standard,New,1,1,1,1,0,137.78901956704271,0,0
North,Online,DSL,Premium,Existing,1,1,1,1,1,43.95166394501814,1,0
East,Online,5G,Premium,New,1,1,0,1,1,51.34271395433208,2,0
North,Store,5G,Standard,New,1,1,0,0,0,116.30311326671566,1,1
North,Phone,Fiber,Basic,New,1,1,0,1,0,167.9958746875663,4,0
West,Phone,DSL,Basic,Existing,1,0,1,1,1,155.6215272298786,1,0
South,Online,DSL,Standard,New,1,1,1,1,1,123.91731024527911,3,0
South,Online,Fiber,Basic,Existing,1,1,0,1,0,111.50748422763178,0,0
East,Online,Fiber,Basic,New,1,1,1,1,1,165.69696436972407,1,0
East,Online,DSL,Premium,Existing,1,1,1,1,0,89.90662605716544,2,0
West,Store,DSL,Standard,Existing,1,1,1,1,1,157.1343254304249,2,0
West,Online,5G,Basic,Existing,1,1,1,1,1,186.55360565713494,1,0
West,Online,5G,Basic,Existing,1,1,1,1,1,71.20280940438022,3,0
North,Phone,DSL,Basic,New,1,1,1,1,0,105.98356592465457,1,0
West,Phone,DSL,Standard,New,1,1,1,1,1,105.1659409001352,1,0
West,Phone,5G,Standard,New,0,1,1,1,0,109.52035525815825,0,0
East,Store,Fiber,Basic,New,1,1,1,1,0,49.80763755434859,2,0
West,Store,Fiber,Premium,Existing,1,1,0,1,0,154.84293905972186,1,0
North,Phone,DSL,Premium,New,1,1,1,1,1,140.04840265005555,0,0
North,Phone,DSL,Standard,Existing,0,1,0,0,1,178.65003031369352,0,1
East,Online,5G,Premium,Existing,1,1,0,1,0,49.98116737450786,0,0
West,Online,DSL,Basic,New,1,1,1,1,0,124.86127275288284,1,0
West,Store,Fiber,Standard,New,1,1,1,1,0,72.00069698273725,0,0
North,Store,5G,Standard,New,1,0,1,1,0,148.6456556149529,1,0
West,Online,5G,Premium,New,1,1,1,1,1,165.3604671476857,0,0
West,Phone,Fiber,Standard,New,1,1,1,1,0,116.44588483390434,1,0
West,Online,Fiber,Premium,Existing,1,1,1,1,1,72.67686373554851,0,0
South,Store,5G,Premium,New,1,0,0,1,0,137.69432888464723,0,1
East,Store,DSL,Basic,New,0,1,0,1,0,62.471246874800244,1,0
South,Online,Fiber,Premium,New,1,1,1,1,0,99.88681608236591,0,0
East,Online,5G,Premium,Existing,1,1,1,1,0,138.48971737950365,2,0
North,Online,DSL,Standard,New,1,1,1,1,0,190.98658625489043,0,0
West,Store,DSL,Basic,Existing,1,1,1,1,1,146.24927295001044,0,0
East,Phone,5G,Basic,Existing,1,0,1,1,1,141.47154183660564,0,0
South,Online,Fiber,Premium,Existing,1,1,1,1,1,155.92482815453923,2,0
West,Store,DSL,Standard,New,1,1,1,1,0,67.16877034926752,0,0
North,Store,Fiber,Standard,Existing,1,1,1,1,0,157.6834266431031,0,0
East,Store,5G,Standard,Existing,1,1,0,1,1,78.85746708008065,0,0
East,Online,Fiber,Basic,Existing,1,1,1,1,1,158.87478164411456,0,0
East,Online,DSL,Basic,New,0,1,1,1,0,182.80066617839427,0,0
West,Phone,5G,Premium,Existing,1,1,1,1,0,122.28390877653881,0,0
South,Store,DSL,Premium,New,1,1,0,1,0,41.652888923829764,2,0
South,Online,DSL,Standard,Existing,1,1,0,1,0,135.959192916573,1,0
East,Store,5G,Premium,Existing,1,1,1,1,1,95.1489825350958,0,0
North,Store,5G,Standard,New,1,1,0,1,1,128.06734814841474,1,0
North,Phone,Fiber,Basic,Existing,1,1,1,1,0,106.86852148213666,1,0
South,Online,5G,Premium,Existing,1,1,1,1,0,145.86292644252387,0,0
North,Online,Fiber,Standard,Existing,1,1,1,1,1,90.49491914946118,0,0
South,Store,5G,Basic,New,1,1,1,1,0,100.31216697813385,0,0
East,Store,DSL,Standard,New,1,0,1,1,0,46.07423156929842,0,0
South,Phone,Fiber,Premium,New,1,1,1,0,1,62.67895378054199,0,0
South,Phone,5G,Standard,Existing,1,1,1,1,1,101.07107399679802,0,0
East,Phone,Fiber,Basic,Existing,1,1,1,1,0,40.36193643187465,0,0
North,Phone,Fiber,Premium,Existing,1,1,1,1,1,42.19167608040087,0,0
South,Phone,Fiber,Basic,New,1,1,1,1,0,140.99301918441847,0,0
South,Phone,DSL,Premium,New,1,1,1,1,0,111.45663696493133,2,0
East,Store,5G,Standard,New,1,1,1,1,0,40.15538892693533,1,0
North,Phone,5G,Basic,Existing,1,1,1,1,0,80.45801257408642,1,0
South,Store,Fiber,Basic,New,0,0,1,1,0,141.56069159447037,0,1
East,Store,5G,Standard,New,1,1,1,0,0,71.83278475299079,1,0
South,Online,DSL,Basic,Existing,1,1,1,1,1,165.7262153006211,0,0
West,Store,Fiber,Basic,New,1,1,1,1,0,84.77777565033054,0,0
East,Store,DSL,Basic,Existing,1,1,0,1,1,190.69867985989686,1,0
North,Phone,DSL,Basic,Existing,1,1,1,1,1,123.1689933619792,1,0
North,Store,5G,Standard,New,1,0,1,1,0,68.11162150698516,2,1
North,Phone,5G,Basic,New,1,1,1,1,0,58.273692521405174,1,0
North,Phone,Fiber,Basic,Existing,1,1,1,1,0,63.12600698257345,2,0
South,Phone,DSL,Basic,New,1,1,1,1,0,152.4999780565963,1,0
South,Online,5G,Premium,Existing,0,1,0,1,0,65.00984634863245,1,0
North,Phone,Fiber,Premium,New,1,1,1,1,0,190.27014316602913,0,0
North,Store,Fiber,Standard,New,1,1,1,1,0,90.20613545830402,0,0
North,Phone,5G,Standard,Existing,0,0,1,1,0,50.261369372195155,0,1
South,Phone,DSL,Standard,Existing,1,0,1,1,0,65.84355307047477,2,1
North,Phone,Fiber,Basic,New,1,1,1,1,1,94.38007390295631,0,0
North,Online,5G,Premium,New,1,1,1,1,1,59.64693076462767,2,0
West,Store,Fiber,Premium,Existing,1,1,1,1,1,175.58735587060488,0,0
West,Online,5G,Standard,New,1,1,1,1,0,193.24440700584813,1,0
North,Store,Fiber,Premium,New,0,1,1,1,1,161.17953997953333,1,0
East,Online,DSL,Standard,New,1,1,1,1,1,138.5345098992068,1,0
North,Store,Fiber,Basic,Existing,0,0,1,1,0,167.8450778348551,0,1
West,Online,5G,Premium,New,1,1,0,0,1,64.70532724238814,2,1
East,Phone,5G,Basic,New,1,1,1,1,1,100.36005713334887,2,0
East,Online,5G,Basic,New,1,1,1,1,1,74.06758859804648,0,0
North,Online,DSL,Premium,Existing,1,1,1,1,1,114.22217364139904,1,0
West,Phone,5G,Standard,Existing,0,0,1,1,1,68.10572228156786,1,1
West,Phone,5G,Premium,New,1,0,1,1,1,170.6043893822155,0,0
East,Store,DSL,Basic,Existing,1,1,1,1,1,168.10160040306542,0,0
North,Store,5G,Standard,Existing,1,1,1,1,0,98.89618579691059,0,0
South,Store,5G,Basic,New,1,1,1,1,0,155.69080587263332,0,0
South,Online,DSL,Standard,New,1,1,0,1,0,108.05807591932337,2,0
West,Store,Fiber,Premium,Existing,1,1,1,1,1,85.57607597121947,2,0
South,Online,5G,Basic,New,1,1,1,1,0,84.08291493533083,1,0
West,Online,Fiber,Standard,New,1,1,1,1,0,118.44268607572829,0,0
West,Store,DSL,Standard,New,1,1,0,1,1,41.96093450537546,1,0
West,Store,5G,Premium,New,1,0,1,1,0,153.72625978495705,0,0
South,Online,5G,Standard,Existing,1,0,1,1,0,102.31485077101127,2,1
West,Phone,DSL,Standard,Existing,1,0,1,1,1,62.34960880437009,0,0
East,Phone,5G,Basic,New,1,1,1,1,0,141.5668116931082,1,0
North,Online,Fiber,Premium,New,1,1,1,1,0,160.63356307954132,0,0
North,Store,Fiber,Premium,Existing,1,1,1,1,0,58.77383207729943,0,0
West,Online,DSL,Basic,New,1,1,1,1,1,56.509196787523436,1,0
North,Online,5G,Basic,New,1,1,0,1,0,102.11963640906856,0,0
South,Store,5G,Basic,New,1,1,1,1,0,143.86329602569498,0,0
South,Phone,DSL,Standard,Existing,1,0,0,1,0,132.9364822456203,0,1
North,Online,Fiber,Premium,New,1,0,1,1,1,195.99738151454628,1,0
South,Phone,Fiber,Premium,New,1,1,0,1,0,110.19744917513273,1,0
North,Phone,DSL,Premium,New,1,1,1,1,1,95.88157069336143,0,0
North,Store,5G,Standard,New,1,1,1,1,0,161.55673632487267,1,0
North,Online,Fiber,Premium,New,1,1,1,1,1,193.02050450618478,1,0
West,Online,5G,Premium,Existing,0,1,1,1,0,182.80521905063938,1,0
North,Phone,Fiber,Premium,New,1,1,1,1,0,105.91849488334289,0,0
West,Phone,5G,Premium,Existing,1,0,1,1,1,141.0468572742907,1,0
North,Store,Fiber,Basic,Existing,1,0,1,1,0,62.87126501879001,3,1
North,Phone,5G,Standard,New,1,1,1,1,1,154.30044298963674,0,0
North,Store,DSL,Premium,New,1,1,0,1,0,96.07046434191341,1,0
South,Online,Fiber,Premium,New,1,1,1,1,0,75.60486270196577,1,0
West,Store,DSL,Premium,New,0,1,1,1,0,61.65055733964749,2,0
West,Phone,Fiber,Premium,New,1,1,1,1,0,81.27722520189286,1,0
North,Online,Fiber,Premium,New,1,1,1,1,0,121.67824560437711,0,0
North,Store,Fiber,Basic,New,1,1,1,1,0,183.28160580898418,0,0
South,Online,5G,Basic,New,1,1,1,1,0,81.74876314110125,1,0
South,Store,Fiber,Standard,New,1,1,0,1,0,48.97201104459347,2,0
South,Phone,DSL,Standard,New,1,1,1,1,0,164.78971490984222,2,0
West,Phone,5G,Premium,Existing,1,1,1,1,0,164.9385781303094,0,0
West,Online,5G,Premium,New,1,1,1,1,0,50.72616536850319,1,0
West,Online,Fiber,Basic,New,1,1,0,0,0,69.2388374595649,1,1
North,Online,5G,Standard,New,1,1,1,1,0,65.6037133811388,0,0
West,Store,Fiber,Premium,Existing,1,1,1,1,0,113.84012366907206,1,0
East,Phone,DSL,Premium,Existing,1,1,1,1,0,79.90164105728564,1,0
East,Online,5G,Premium,Existing,1,1,0,1,0,159.59215526114352,1,0
South,Online,5G,Standard,New,1,1,1,1,1,138.8309700092584,0,0
West,Online,DSL,Basic,Existing,1,1,1,0,1,148.45618902337026,0,0
East,Store,DSL,Basic,New,1,1,0,1,1,100.49901956632725,0,0
South,Online,Fiber,Premium,New,1,1,1,1,0,119.84390416139787,0,0
West,Online,5G,Premium,Existing,0,1,0,1,0,148.6309278270678,1,0
North,Store,DSL,Premium,New,1,1,1,1,1,124.3822154523331,1,0
East,Store,5G,Premium,Existing,1,1,1,1,0,52.07718273123655,0,0
North,Online,DSL,Premium,Existing,1,1,1,1,1,97.96647732790056,0,0
West,Online,5G,Standard,Existing,1,1,1,0,0,195.38925077299322,1,0
East,Store,DSL,Basic,New,1,1,0,1,0,120.221692966732,0,0
West,Phone,5G,Standard,New,1,1,1,1,0,105.6804437410863,1,0
North,Store,Fiber,Standard,New,1,1,1,1,1,182.30263788903844,1,0
East,Phone,5G,Premium,New,1,0,1,1,0,146.19683786987991,0,0
North,Online,Fiber,Standard,Existing,1,1,1,0,0,108.22934634817109,1,0
West,Online,Fiber,Basic,New,1,1,1,1,1,135.17043661701973,1,0
West,Phone,Fiber,Premium,Existing,0,0,1,1,1,93.88282759728307,0,1
North,Store,5G,Basic,New,1,1,0,1,0,168.5457367008291,1,0
East,Online,5G,Standard,Existing,1,1,1,1,0,154.6765699985614,3,0
North,Phone,Fiber,Premium,Existing,1,1,1,1,1,74.78233267482159,1,0
West,Store,DSL,Basic,New,1,1,1,1,0,89.21207611590174,1,0
North,Phone,5G,Basic,Existing,1,0,1,0,0,40.44959794004312,0,1
West,Store,5G,Premium,New,0,1,0,1,0,166.56232543955497,1,0
North,Store,5G,Basic,New,1,1,0,0,0,54.441578518507825,0,1
East,Store,5G,Premium,Existing,1,1,1,1,1,131.5620126460264,0,0
East,Store,Fiber,Premium,New,1,0,1,0,1,175.41765259865178,3,1
North,Phone,DSL,Standard,Existing,0,1,1,1,1,194.57909083288743,0,0
North,Phone,DSL,Basic,New,1,1,1,1,0,91.04828694319886,2,0
East,Phone,DSL,Premium,Existing,1,0,1,1,0,69.37997613266404,1,0
West,Phone,DSL,Standard,Existing,0,0,0,1,1,197.94142191167109,2,1
East,Phone,Fiber,Standard,New,1,1,1,1,1,69.80172406874894,0,0
West,Store,5G,Premium,New,1,1,1,1,1,64.04803991044338,0,0
North,Online,5G,Premium,Existing,1,1,1,1,1,187.97108370536813,1,0
North,Online,Fiber,Basic,New,1,1,1,1,0,189.78452351593165,0,0
West,Phone,5G,Basic,Existing,1,1,0,1,0,116.67121159995388,0,0
North,Phone,Fiber,Basic,New,0,0,1,1,0,142.44779509276492,1,1
West,Online,DSL,Premium,Existing,0,1,1,1,1,106.85571584135513,0,0
South,Store,Fiber,Standard,New,1,1,0,0,0,188.35210954836992,0,1
East,Phone,5G,Standard,Existing,1,1,1,1,0,173.65007577661112,0,0
South,Store,5G,Premium,New,0,1,1,1,1,122.24783662969321,0,0
West,Online,5G,Basic,New,1,1,0,1,0,111.38234335357204,1,0
East,Online,DSL,Standard,Existing,1,1,1,1,0,149.91748684377538,1,0
West,Phone,Fiber,Standard,Existing,1,1,0,1,1,146.3379023260282,0,0
East,Store,Fiber,Basic,Existing,1,1,0,1,0,53.01555014976701,0,0
East,Phone,5G,Standard,Existing,1,1,1,1,0,84.6299836326339,1,0
East,Online,Fiber,Basic,Existing,1,1,1,1,0,110.16965789408806,1,0
East,Store,5G,Standard,Existing,1,0,1,1,0,129.72993634990638,2,1
West,Phone,Fiber,Standard,New,1,1,1,1,0,70.63717641157,0,0
East,Phone,DSL,Standard,New,1,1,1,1,1,91.18791600798956,2,0
East,Phone,DSL,Basic,Existing,1,0,1,1,0,120.68386417738763,1,0
South,Online,Fiber,Standard,New,1,1,1,1,1,184.14121081951916,1,0
North,Phone,DSL,Standard,Existing,1,1,1,1,0,102.09538318153574,2,0
North,Store,DSL,Standard,New,1,0,1,1,1,87.1278110627023,0,0
South,Phone,DSL,Premium,Existing,1,1,0,0,0,176.46431224793457,1,1
South,Online,5G,Standard,Existing,1,1,0,1,0,77.07191094229485,0,0
West,Phone,Fiber,Standard,New,1,1,1,1,1,136.68515777458828,2,0
West,Online,Fiber,Basic,Existing,1,1,1,1,0,106.18570036427562,0,0
West,Online,5G,Basic,New,1,1,1,1,1,185.11388674172738,0,0
South,Store,5G,Premium,New,0,1,1,1,0,149.87528960268182,2,0
South,Store,DSL,Basic,New,1,1,1,1,1,182.01882607644495,0,0
East,Phone,Fiber,Basic,New,1,1,1,1,1,145.6606124618047,0,0
West,Online,5G,Basic,New,0,1,1,1,0,129.92702393562752,0,0
West,Online,DSL,Premium,New,1,1,1,1,1,106.68986025247007,2,0
West,Store,Fiber,Premium,New,1,1,0,1,1,137.97727458698455,0,0
North,Store,DSL,Standard,New,1,1,1,1,1,165.93378737345034,0,0
East,Phone,Fiber,Standard,New,1,1,0,1,0,109.00561406976007,1,0
West,Online,DSL,Basic,New,1,1,1,1,1,142.16255406480673,1,0
West,Store,Fiber,Standard,Existing,1,1,1,1,0,110.94865881612495,0,0
West,Phone,Fiber,Standard,New,1,1,1,1,0,55.39869843216151,2,0
North,Online,Fiber,Premium,New,1,1,1,1,0,129.85497966073677,1,0
North,Online,Fiber,Premium,Existing,1,1,1,1,0,50.40082633097821,0,0
South,Store,DSL,Standard,Existing,1,1,1,1,1,135.54305932753613,0,0
East,Phone,5G,Standard,Existing,1,1,1,1,0,174.28207456094384,1,0
South,Store,Fiber,Standard,Existing,1,1,0,0,0,64.90455272430019,1,1
East,Phone,Fiber,Basic,New,1,1,1,1,0,135.40124339162645,3,0
North,Online,Fiber,Premium,New,1,1,0,1,0,49.42531234657249,2,0
West,Phone,Fiber,Standard,New,0,1,1,1,0,83.3857454605358,2,0
South,Phone,DSL,Standard,Existing,1,1,1,1,0,60.13693057883309,0,0
West,Phone,5G,Basic,Existing,1,0,1,1,0,43.97642490423738,0,0
South,Phone,5G,Premium,New,0,1,1,1,0,175.27425237265757,1,0
North,Phone,5G,Basic,Existing,1,1,0,0,1,105.59133311450383,0,1
North,Store,DSL,Basic,New,1,1,1,1,0,64.21605155045353,0,0
North,Phone,5G,Standard,Existing,0,1,1,1,1,141.64006618780672,0,0
South,Phone,DSL,Basic,Existing,1,1,1,1,0,184.21045785884883,1,0
East,Online,DSL,Basic,New,1,0,1,1,0,120.24698127873727,1,0
South,Phone,Fiber,Standard,New,0,1,1,1,0,172.68998568314595,1,0
East,Online,DSL,Premium,New,1,1,1,1,0,174.8255922184927,0,0
South,Store,5G,Standard,Existing,1,1,1,1,0,160.05684345450697,1,0
South,Store,5G,Premium,Existing,1,1,1,1,1,84.00586863909412,0,0
North,Phone,5G,Basic,New,0,1,0,1,1,114.84627271476079,3,1
West,Store,Fiber,Basic,New,1,1,1,1,1,63.266771556794765,0,0
West,Phone,Fiber,Standard,New,1,1,1,1,0,187.24956444079703,0,0
East,Store,Fiber,Standard,Existing,1,1,1,0,1,145.34088003006804,0,0
West,Phone,DSL,Standard,Existing,1,1,0,1,0,40.90028118694926,0,0
South,Phone,5G,Basic,New,1,1,1,1,1,167.96988151365127,1,0
South,Online,DSL,Basic,New,1,1,1,1,0,42.32860740984208,1,0
North,Online,DSL,Premium,New,1,1,1,1,1,137.96603170243858,0,0
North,Online,5G,Standard,Existing,1,1,1,1,0,110.40175986303217,1,0
West,Online,Fiber,Basic,Existing,1,1,1,1,0,73.3543840899504,0,0
East,Phone,5G,Premium,New,1,1,1,1,0,160.67728803925024,1,0
West,Store,DSL,Standard,Existing,1,1,1,1,1,199.77890690043307,2,0
West,Phone,DSL,Standard,New,1,1,1,1,0,152.49557437776835,1,0
West,Online,Fiber,Premium,New,1,1,1,1,0,169.21680340022502,1,0
West,Online,DSL,Premium,New,1,1,1,0,0,186.04958957275062,3,1
South,Store,DSL,Premium,Existing,0,1,1,1,1,110.61814600799538,2,0
East,Online,5G,Basic,New,1,1,1,1,0,142.14182474008908,2,0
South,Phone,Fiber,Standard,New,1,1,1,1,0,125.09624733011195,0,0
East,Phone,5G,Standard,Existing,1,1,1,1,1,90.60991525773832,1,0
North,Phone,5G,Premium,New,1,1,1,1,0,50.28853991122627,0,0
West,Phone,5G,Basic,New,1,0,1,1,1,177.2386994495724,0,0
South,Phone,DSL,Premium,New,1,1,0,0,0,56.34361151637896,0,1
East,Store,DSL,Basic,New,1,0,1,1,0,130.015329386011,1,0
North,Phone,Fiber,Standard,Existing,1,1,1,1,1,45.04030571700529,0,0
North,Online,DSL,Standard,Existing,1,0,1,1,0,125.71205278773162,1,0
West,Online,Fiber,Basic,New,1,1,1,1,0,49.09341611860626,0,0
East,Online,5G,Standard,Existing,1,1,1,1,1,153.26007915805505,1,0
South,Online,5G,Standard,Existing,0,1,1,1,0,134.93037960464616,0,0
West,Store,DSL,Premium,Existing,1,1,1,1,1,154.94384365695421,3,0
South,Online,DSL,Basic,Existing,1,1,1,1,0,130.56679452261034,0,0
North,Store,Fiber,Standard,Existing,1,1,1,1,0,159.25625709420163,1,0
South,Online,DSL,Standard,Existing,1,1,1,1,1,98.63774787930821,0,0
South,Store,DSL,Basic,Existing,1,1,1,1,0,92.41504240270741,0,0
West,Store,DSL,Standard,Existing,1,1,1,1,1,119.05597293212838,1,0
South,Store,5G,Basic,New,0,1,0,0,1,120.73873497666045,1,1
West,Online,DSL,Basic,New,1,1,0,1,0,94.24611811241948,0,0
North,Store,DSL,Premium,New,1,1,1,1,0,119.29706399032105,2,0
West,Phone,5G,Basic,New,1,1,0,1,0,73.93323928994698,1,0
West,Phone,5G,Premium,New,1,1,1,1,1,144.2256586743369,2,0
East,Online,5G,Standard,New,1,1,1,1,1,195.48165622801116,0,0
South,Phone,5G,Basic,New,1,1,1,0,0,136.76409809023113,0,0
North,Phone,DSL,Premium,New,1,1,1,1,0,115.98206644034568,0,0
West,Phone,DSL,Basic,Existing,0,1,1,1,0,184.78997370049308,0,0
North,Online,DSL,Standard,New,1,1,1,1,0,145.408714552341,0,0
East,Online,Fiber,Premium,New,1,1,1,1,1,87.54415683848627,2,0
South,Phone,5G,Premium,Existing,1,1,1,1,0,139.29146434054758,0,0
West,Online,DSL,Premium,Existing,1,1,1,1,0,159.3214715301795,1,0
South,Store,DSL,Standard,New,1,0,1,1,0,163.35884560916952,0,0
East,Phone,DSL,Premium,New,0,1,1,1,0,41.26552625049271,0,0
East,Online,5G,Standard,New,1,1,1,1,1,162.42271591491237,0,0
North,Online,5G,Standard,Existing,1,1,1,1,0,167.87795907153173,0,0
West,Phone,5G,Basic,New,1,1,1,1,1,68.00686209032446,0,0
North,Online,DSL,Standard,Existing,1,1,1,1,0,176.15836500188448,1,0
East,Phone,5G,Premium,New,0,1,0,0,0,153.9527749756587,1,1
South,Online,DSL,Premium,Existing,1,1,1,1,0,139.13608588124325,0,0
North,Store,Fiber,Standard,Existing,1,1,1,1,0,163.0731260313314,0,0
North,Phone,5G,Standard,Existing,1,0,1,1,1,80.49011994320887,0,0
South,Store,5G,Basic,New,1,0,1,1,1,64.68109415440942,2,1
North,Phone,DSL,Basic,New,1,1,1,1,0,51.05378130871058,0,0
South,Online,5G,Premium,Existing,1,1,1,1,1,109.19916724180645,1,0
West,Store,5G,Standard,Existing,0,0,1,1,1,121.01662334787223,1,1
South,Online,DSL,Premium,Existing,1,1,1,1,1,56.57325321128841,1,0
West,Phone,DSL,Standard,New,1,0,0,1,1,103.82093306594828,2,1
South,Phone,DSL,Premium,Existing,1,1,1,1,1,81.76153589310188,2,0
East,Phone,Fiber,Premium,New,1,1,1,1,1,181.54757602419932,1,0
East,Phone,DSL,Premium,New,1,1,1,1,1,131.6069766836716,0,0
West,Phone,5G,Standard,Existing,1,1,1,1,0,67.94646633496859,0,0
West,Store,Fiber,Basic,Existing,1,1,1,1,1,117.62540717003449,1,0
East,Phone,DSL,Basic,New,1,1,1,1,0,46.61977891622129,1,0
West,Online,Fiber,Standard,New,1,1,1,1,0,111.84188370128537,2,0
South,Store,Fiber,Basic,New,1,1,1,1,1,184.24135995441875,0,0
South,Online,5G,Premium,Existing,1,1,1,1,0,123.14075002313129,0,0
East,Phone,Fiber,Standard,New,0,1,1,1,0,74.58293931030428,0,0
North,Online,DSL,Standard,New,1,1,1,0,0,186.72374277632468,0,0
South,Store,Fiber,Basic,Existing,1,1,0,0,0,190.4735130707282,3,1
West,Store,Fiber,Basic,New,1,0,1,1,0,84.03749970071898,1,0
North,Store,5G,Premium,Existing,1,1,0,1,0,67.79723572243364,1,0
North,Online,5G,Standard,Existing,1,1,1,1,0,54.49000519912058,2,0
South,Store,DSL,Basic,Existing,1,1,0,1,1,163.47803639924786,0,0
South,Online,5G,Standard,Existing,1,1,1,1,1,154.39421883705532,3,0
North,Phone,DSL,Premium,Existing,1,1,1,1,0,162.79683467113801,0,0
North,Phone,DSL,Premium,Existing,0,1,1,1,1,65.92356809672475,0,0
East,Online,5G,Premium,Existing,1,1,1,1,0,195.8615566617463,0,0
West,Store,Fiber,Standard,Existing,1,0,1,1,0,70.67944771609483,0,0
East,Online,5G,Standard,Existing,1,1,1,1,0,46.06757806258388,0,0
South,Online,Fiber,Standard,New,1,1,1,1,0,102.91848403349123,0,0
East,Online,Fiber,Standard,Existing,0,1,1,1,1,128.73068428019315,0,0
East,Phone,DSL,Standard,New,1,1,1,1,1,106.58359569882035,1,0
East,Online,DSL,Premium,New,1,1,1,1,0,117.65219420278937,0,0
East,Phone,5G,Premium,Existing,1,1,1,1,1,129.77356073735098,2,0
West,Online,Fiber,Premium,Existing,1,1,1,1,1,73.74411725276609,1,0
West,Phone,5G,Basic,Existing,0,0,1,0,1,174.79356403813838,2,1
North,Online,DSL,Premium,New,1,1,1,1,0,82.61525245998939,1,0
South,Online,Fiber,Standard,Existing,0,1,1,1,1,199.70965637524637,0,0
East,Store,5G,Premium,New,0,1,1,1,1,195.98954176250678,0,0
North,Store,5G,Basic,New,1,1,0,1,1,89.88049757749081,0,0
North,Online,DSL,Basic,New,1,1,1,0,0,124.70227602688041,0,0
North,Online,DSL,Basic,Existing,1,1,0,1,1,188.38762732100747,2,0
West,Online,DSL,Basic,Existing,1,1,0,1,1,129.104663008425,0,0
East,Online,DSL,Basic,New,1,1,1,1,1,165.20753908204074,1,0
East,Store,5G,Standard,New,1,1,1,1,0,114.61146595962687,0,0
South,Phone,DSL,Premium,New,0,1,1,1,0,115.26729774184174,1,0
East,Online,DSL,Standard,New,1,1,1,1,1,99.425895492193,0,0
East,Store,5G,Standard,Existing,1,1,1,1,0,117.65441720934996,0,0
North,Online,5G,Basic,Existing,1,1,1,1,0,49.12767686596554,1,0
South,Online,Fiber,Premium,New,1,0,0,1,1,194.92015912817666,1,1
East,Phone,5G,Premium,New,1,1,1,1,0,175.94829113520197,0,0
West,Online,Fiber,Premium,New,1,1,1,1,0,176.0103334765793,1,0
East,Online,DSL,Basic,Existing,1,1,1,1,1,148.62392634440909,1,0
North,Phone,Fiber,Standard,Existing,1,1,1,1,0,70.87588136057673,0,0
West,Phone,Fiber,Premium,New,1,1,1,1,0,74.20602359462961,1,0
North,Phone,DSL,Standard,Existing,1,1,1,1,0,54.062140736456605,4,0
East,Phone,DSL,Premium,Existing,1,1,0,1,0,165.04774962331155,0,0
West,Store,DSL,Premium,New,1,1,1,1,0,183.47931667007046,1,0
South,Store,Fiber,Premium,Existing,1,1,1,1,0,138.57661649683928,1,0
South,Store,5G,Premium,Existing,1,1,1,1,1,175.97903993900948,0,0
West,Online,5G,Basic,Existing,0,1,1,1,0,184.93735604389659,3,0
West,Phone,5G,Basic,Existing,1,1,1,1,1,63.47855665117972,0,0
North,Phone,DSL,Standard,Existing,1,0,1,1,1,101.80824157114864,3,1
West,Store,DSL,Basic,Existing,1,1,1,1,0,62.1992972128656,0,0
North,Online,5G,Premium,New,1,1,1,1,0,103.44802253107352,1,0
East,Online,DSL,Standard,New,1,1,0,1,0,115.06583366142699,1,0
North,Online,Fiber,Standard,New,0,1,1,1,1,153.60764917124249,0,0
West,Store,Fiber,Standard,Existing,1,1,1,1,0,147.18363773899873,0,0
West,Online,DSL,Premium,Existing,1,1,1,1,1,198.22687698369631,1,0
East,Online,5G,Premium,Existing,1,0,1,1,1,76.17830456595829,0,0
West,Online,5G,Standard,New,0,1,1,1,0,64.77810582985781,0,0
West,Phone,Fiber,Basic,New,1,1,1,1,1,156.43123221448835,0,0
South,Store,DSL,Premium,Existing,1,1,1,1,0,152.46505854298738,0,0
South,Phone,5G,Premium,Existing,1,1,1,1,1,61.63211914318115,0,0
East,Phone,5G,Basic,Existing,1,1,1,1,0,170.8417486733037,0,0
North,Store,DSL,Standard,Existing,1,1,1,1,1,94.87953010262315,2,0
South,Phone,DSL,Basic,Existing,1,1,1,1,0,115.38081321885883,1,0
North,Online,5G,Premium,New,1,1,1,1,1,149.89463035102312,0,0
West,Online,DSL,Standard,New,1,1,1,1,1,137.17371280997426,0,0
South,Online,DSL,Standard,Existing,1,1,0,1,1,146.8021600570681,1,0
East,Online,DSL,Basic,New,1,1,1,1,1,58.34889102110027,2,0
East,Store,5G,Premium,Existing,1,1,1,1,0,86.08891345424253,2,0
East,Phone,Fiber,Premium,New,1,1,1,1,0,169.96505587234458,2,0
South,Phone,DSL,Standard,Existing,0,1,1,1,0,188.82074432834932,1,0
North,Online,5G,Premium,Existing,1,1,1,1,1,106.16830187442568,0,0
West,Online,Fiber,Standard,Existing,1,1,1,1,0,193.9539317773724,0,0
North,Phone,5G,Standard,Existing,1,1,1,1,0,189.03511934079404,0,0
North,Store,5G,Standard,New,1,1,1,1,0,176.148673477824,1,0
West,Phone,5G,Premium,Existing,1,1,1,1,1,160.0740999925007,0,0
West,Online,Fiber,Basic,Existing,1,1,1,1,0,124.924818444493,1,0
South,Online,5G,Standard,Existing,1,1,1,1,1,74.04179086126715,1,0
South,Store,Fiber,Basic,Existing,1,0,1,1,1,80.68696429212142,0,0
South,Phone,DSL,Basic,New,1,1,1,1,0,65.79059367495839,0,0
South,Store,Fiber,Basic,New,1,1,1,1,0,175.73868274898948,0,0
South,Store,5G,Basic,New,1,1,1,1,0,41.02195224321246,0,0
West,Online,Fiber,Basic,Existing,1,0,1,1,0,82.69805027429464,0,0
North,Phone,5G,Standard,New,0,0,1,1,1,136.8603644016601,1,1
South,Online,DSL,Premium,Existing,1,1,1,1,1,197.7404531828791,0,0
South,Phone,Fiber,Basic,New,0,0,1,1,0,87.6746904886684,1,1
North,Online,DSL,Premium,New,1,1,1,1,0,73.69144698027513,2,0
South,Online,Fiber,Premium,Existing,1,0,0,1,1,52.06383505569914,1,1
North,Phone,5G,Standard,New,0,1,1,1,0,85.4500962037359,1,0
North,Phone,Fiber,Basic,Existing,1,1,1,1,0,172.28779694815682,0,0
West,Online,DSL,Premium,New,0,1,1,1,0,60.96731970481027,0,0
East,Phone,Fiber,Premium,Existing,0,1,1,1,0,63.75393683559178,2,0
West,Online,DSL,Basic,Existing,1,1,1,1,1,62.84448249406431,2,0
East,Phone,DSL,Standard,Existing,1,1,1,1,0,58.61635950075989,0,0
East,Online,5G,Standard,Existing,0,1,1,1,1,112.48022143285252,0,0
East,Online,Fiber,Basic,New,1,0,1,1,1,172.41046292981662,1,0
South,Online,DSL,Premium,Existing,1,1,1,1,0,113.53338964037063,1,0
West,Store,5G,Standard,New,1,1,0,1,0,127.0386479736169,1,0
East,Phone,5G,Standard,Existing,1,0,1,1,1,131.49538796422598,0,0
North,Online,5G,Premium,Existing,1,1,1,0,0,101.66084630429906,1,0
South,Store,DSL,Premium,Existing,1,1,0,1,0,94.26138720726564,2,0
West,Online,Fiber,Premium,Existing,1,1,1,1,0,141.24104460811816,0,0
East,Store,DSL,Premium,New,1,1,1,1,0,96.03257661812529,0,0
North,Online,5G,Basic,New,1,1,1,1,1,58.718938757410925,0,0
West,Online,DSL,Premium,Existing,1,0,1,1,1,178.03524664772434,0,0
West,Store,DSL,Standard,New,1,0,1,0,1,133.8504196505192,0,1
South,Store,5G,Premium,New,1,1,0,1,0,172.575682123678,3,0
West,Phone,Fiber,Premium,Existing,1,1,1,1,0,116.35901435233396,0,0
South,Phone,5G,Basic,New,1,1,1,1,0,142.95519820391664,1,0
East,Store,5G,Basic,Existing,1,1,1,1,0,187.1177798585998,1,0
South,Phone,DSL,Premium,Existing,1,1,1,1,1,159.81039095376616,1,0
North,Store,5G,Basic,New,1,1,1,1,0,96.12559626512197,1,0
South,Phone,DSL,Basic,New,1,1,1,1,1,92.54020487884577,0,0
North,Online,5G,Basic,Existing,1,0,1,1,0,83.5901098165665,1,0
South,Phone,5G,Basic,Existing,1,1,1,1,1,116.14899103526413,0,0
West,Online,Fiber,Premium,Existing,1,1,1,1,1,187.21654036570075,1,0
East,Online,5G,Basic,New,1,1,1,1,0,42.828513209171874,0,0
North,Phone,Fiber,Basic,Existing,0,1,1,1,0,161.70418516541173,2,0
South,Store,5G,Standard,Existing,0,1,0,1,0,96.39007226699184,1,0
South,Online,5G,Premium,Existing,1,1,1,1,0,169.61771390939967,1,0
South,Online,5G,Basic,Existing,1,1,1,1,1,109.41756319568137,0,0
West,Phone,Fiber,Standard,Existing,1,1,1,1,0,155.5321886572932,2,0
West,Store,DSL,Basic,New,1,1,1,1,0,174.05901266640495,0,0
North,Store,Fiber,Premium,New,1,1,1,1,1,115.25038328810453,2,0
North,Phone,5G,Standard,New,0,1,1,1,1,157.15405924143096,1,0
West,Store,DSL,Standard,New,1,1,1,1,0,50.94180448928198,0,0
North,Phone,5G,Premium,New,1,1,1,1,0,87.66598250232677,2,0
East,Phone,Fiber,Standard,Existing,0,1,1,1,0,91.5785805132569,1,0
East,Phone,Fiber,Standard,New,0,1,1,1,1,116.0924031515897,1,0
West,Online,DSL,Basic,Existing,0,1,1,1,0,143.49678478298,0,0
North,Online,Fiber,Standard,New,1,1,1,1,0,115.22199831819327,1,0
South,Online,5G,Premium,New,1,1,1,1,0,174.90572810649482,2,0
East,Phone,DSL,Basic,Existing,1,1,1,1,0,81.31041188818195,0,0
West,Online,5G,Standard,New,1,1,1,1,0,61.57864610532954,1,0
North,Online,DSL,Basic,New,1,1,1,1,0,99.33346296214665,1,0
West,Online,DSL,Premium,Existing,0,1,0,1,1,78.7958378211822,0,0
South,Phone,5G,Standard,New,1,1,1,1,0,134.95700721791044,1,0
East,Phone,Fiber,Premium,New,1,1,1,1,0,131.24713519360654,0,0
West,Phone,5G,Premium,New,1,1,1,0,1,157.89199407832223,0,0
West,Online,Fiber,Standard,Existing,1,1,1,1,0,165.76810073114376,0,0
West,Store,Fiber,Standard,New,1,1,1,1,0,62.70566890215407,0,0
South,Online,5G,Basic,New,1,1,1,1,1,95.11910611473999,0,0
West,Online,DSL,Premium,Existing,0,1,1,1,1,52.59109326290588,0,0
South,Phone,5G,Standard,New,1,1,1,1,1,148.75571975240396,1,0
South,Phone,DSL,Premium,Existing,1,1,1,1,0,168.22708414143094,0,0
South,Online,Fiber,Standard,Existing,1,1,1,1,1,193.83707488760092,0,0
East,Online,DSL,Premium,Existing,1,1,1,1,0,193.12149568348727,0,0
East,Store,5G,Basic,Existing,1,0,1,1,1,141.08957797771654,2,1
West,Store,DSL,Premium,New,1,1,0,1,0,158.29317160263122,0,0
West,Phone,Fiber,Standard,New,1,1,1,1,1,73.39262423109173,0,0
East,Store,Fiber,Basic,Existing,1,1,1,1,0,133.27707473449618,0,0
North,Store,DSL,Basic,New,1,1,1,1,0,92.9330658416638,0,0
East,Phone,Fiber,Standard,New,1,1,1,1,0,57.446044862265055,0,0
South,Store,Fiber,Basic,New,1,1,1,1,0,118.48828508434609,0,0
East,Online,DSL,Premium,Existing,0,0,1,1,1,107.37313393423787,0,1
South,Store,Fiber,Premium,New,1,1,1,1,1,51.07006507776431,0,0
West,Phone,DSL,Standard,Existing,1,1,1,1,1,192.70314836178233,1,0
North,Online,DSL,Premium,Existing,1,1,0,1,1,193.03011155952026,1,0
West,Store,Fiber,Standard,New,1,1,0,1,0,129.4009080763829,1,0
South,Online,DSL,Basic,New,1,1,1,1,1,191.10171723492516,1,0
South,Online,Fiber,Premium,Existing,1,1,1,1,0,81.31262244672997,1,0
South,Store,Fiber,Standard,Existing,1,0,1,1,0,166.64187742467203,0,0
North,Store,Fiber,Premium,Existing,1,1,0,1,0,191.8654659976279,1,0
East,Phone,5G,Basic,New,0,1,1,1,0,103.24650306312242,1,0
West,Phone,Fiber,Basic,Existing,1,1,0,1,0,88.39873508834559,1,0
West,Online,DSL,Premium,New,1,1,0,1,0,151.13189392317744,0,0
East,Phone,DSL,Basic,New,1,1,1,1,0,115.80312854961326,0,0
West,Online,DSL,Standard,New,1,1,1,1,0,100.56580130678671,0,0
North,Online,5G,Premium,New,1,1,1,1,1,164.4471782054252,0,0
West,Phone,5G,Premium,Existing,1,1,0,1,0,78.28343094866199,0,0
South,Phone,DSL,Basic,Existing,1,1,1,1,1,150.10798943887733,0,0
East,Phone,DSL,Standard,Existing,1,1,1,0,0,102.0176416313341,0,0
North,Store,5G,Premium,Existing,1,1,1,1,0,81.81072562367251,2,0
East,Online,DSL,Premium,Existing,0,1,0,1,1,188.96611229506442,0,0
North,Online,Fiber,Basic,Existing,1,1,1,1,0,79.66463401745233,0,0
South,Online,Fiber,Basic,Existing,0,1,1,1,1,101.89342639192427,3,0
East,Phone,DSL,Standard,New,1,1,1,1,0,139.37465942989795,0,0
West,Phone,Fiber,Standard,Existing,0,1,1,1,0,49.77422519046647,0,0
North,Phone,DSL,Basic,New,1,1,1,1,0,56.34309144423517,0,0
East,Phone,5G,Standard,New,1,1,1,1,1,140.63050416239435,3,0
West,Phone,DSL,Basic,Existing,1,1,1,1,0,134.59071071583597,0,0
East,Store,5G,Premium,Existing,1,1,1,1,0,136.42650231133535,0,0
East,Phone,Fiber,Basic,Existing,1,1,1,1,0,134.90964143685088,0,0
East,Online,Fiber,Basic,Existing,1,1,0,1,1,173.54378283768656,0,0
North,Phone,Fiber,Basic,New,1,0,1,1,0,92.86397613998716,1,0
West,Online,DSL,Premium,New,1,1,1,1,1,68.09453104939807,1,0
South,Phone,5G,Standard,New,1,1,1,1,1,183.58827896427138,3,0
North,Phone,5G,Standard,New,1,1,1,1,1,129.5163110856527,0,0
North,Online,Fiber,Standard,Existing,0,1,1,1,1,166.2347749648637,1,0
North,Online,Fiber,Basic,New,1,1,1,1,1,70.71195537718337,0,0
South,Online,5G,Basic,New,1,1,1,1,1,114.19180387098918,0,0
West,Online,DSL,Standard,Existing,1,1,1,1,1,58.91696529778174,0,0
West,Store,Fiber,Premium,Existing,1,1,1,1,0,55.82687578125304,5,0
West,Online,DSL,Premium,Existing,1,1,1,1,0,112.67280743945234,0,0
East,Phone,Fiber,Premium,New,0,1,1,1,0,135.21336075850456,0,0
East,Phone,Fiber,Premium,Existing,1,1,1,1,0,188.40936947709312,0,0
East,Store,DSL,Basic,Existing,1,1,1,1,0,47.812725319830136,0,0
South,Online,DSL,Standard,New,1,1,1,1,0,99.62267494341832,1,0
East,Phone,DSL,Premium,Existing,1,0,1,1,0,158.34257306204503,1,0
South,Store,DSL,Basic,New,0,1,1,1,1,88.63574522761468,0,0
West,Phone,5G,Basic,Existing,1,1,0,1,0,160.46829345576307,0,0
East,Store,5G,Basic,Existing,0,1,1,1,0,192.06846951503502,0,0
East,Store,Fiber,Standard,Existing,1,1,1,1,0,134.16594701689533,0,0
North,Online,Fiber,Basic,Existing,1,1,1,0,0,80.1065128633992,2,1
South,Store,Fiber,Standard,New,1,1,1,1,1,135.22179285754956,0,0
West,Phone,5G,Standard,New,1,1,0,1,1,88.53000649475618,0,0
North,Phone,DSL,Standard,New,1,1,1,1,0,67.10118013063999,0,0
North,Online,Fiber,Standard,Existing,0,1,1,1,0,166.8226902115004,0,0
West,Online,5G,Basic,New,1,1,1,1,1,146.0649609442812,1,0
North,Store,Fiber,Basic,New,1,1,1,1,1,176.0017575126952,0,0
South,Online,5G,Basic,Existing,1,1,0,1,0,179.5248368336235,3,0
South,Phone,DSL,Premium,New,1,1,1,0,1,97.06373858862429,0,0
East,Phone,5G,Premium,New,1,1,0,1,1,58.00398325610773,1,0
North,Online,DSL,Standard,New,1,1,1,1,0,115.4385826313445,1,0
East,Online,Fiber,Standard,Existing,1,1,1,1,0,96.7249658634394,2,0
North,Online,DSL,Standard,New,1,1,1,1,0,141.32777137905788,0,0
South,Store,5G,Standard,Existing,1,1,1,1,0,174.87650878323552,0,0
South,Store,Fiber,Standard,Existing,1,1,1,1,1,137.84504458712374,0,0
South,Phone,Fiber,Premium,New,0,1,1,1,0,41.72411342659604,2,0
North,Store,5G,Standard,New,1,0,1,0,0,136.54803385681203,0,1
South,Store,DSL,Basic,New,1,1,1,1,0,60.65629340171544,0,0
North,Store,5G,Standard,Existing,1,1,1,1,0,90.66958208688199,0,0
East,Store,DSL,Basic,New,1,1,0,1,1,78.44690381380259,0,0
North,Phone,DSL,Basic,Existing,0,1,1,1,1,120.45397515097223,0,0
East,Online,Fiber,Basic,New,1,1,1,1,0,165.96217562032442,0,0
North,Phone,DSL,Basic,Existing,1,1,1,1,1,46.10590988169889,0,0
East,Store,Fiber,Standard,New,0,1,1,1,0,49.23705976188826,1,0
South,Online,5G,Standard,Existing,0,1,1,1,0,193.45533548863608,3,0
East,Online,5G,Standard,Existing,0,1,1,0,0,110.31400394030217,1,1
South,Online,Fiber,Standard,Existing,0,0,1,1,0,158.4351636051549,0,1
South,Phone,Fiber,Standard,New,1,1,1,1,1,180.1584793240203,0,0
East,Online,DSL,Premium,Existing,0,1,1,1,0,101.0782525170093,0,0
North,Phone,Fiber,Basic,Existing,0,1,1,1,1,127.70746825069821,0,0
North,Phone,5G,Basic,Existing,1,1,1,1,1,178.49162637143564,0,0
West,Store,Fiber,Premium,New,1,1,1,1,1,135.92368109390566,1,0
North,Store,Fiber,Premium,Existing,1,1,1,1,0,70.14361127492315,1,0
West,Online,Fiber,Standard,Existing,1,1,1,1,1,135.81274911112698,2,0
North,Online,DSL,Standard,New,1,1,1,1,0,194.59763685328025,0,0
North,Store,Fiber,Basic,Existing,0,1,1,1,0,197.81113949966561,2,0
South,Phone,DSL,Standard,New,1,1,1,1,1,185.3679024106562,1,0
West,Phone,DSL,Basic,New,1,0,1,1,1,155.50954443645878,1,0
North,Store,Fiber,Standard,New,1,1,1,0,1,181.11436285887996,0,0
West,Phone,DSL,Standard,New,1,1,1,1,0,105.63728494052073,0,0
South,Store,Fiber,Basic,Existing,1,1,0,1,1,94.67848627118593,1,0
South,Store,5G,Premium,New,1,1,1,1,1,199.1935531108481,1,0
West,Online,5G,Premium,Existing,1,1,1,1,1,181.14471417900742,1,0
South,Online,DSL,Standard,New,0,1,1,1,0,58.33367885264495,0,0
East,Store,5G,Premium,Existing,0,1,1,1,1,169.6162322672125,1,0
East,Online,Fiber,Standard,Existing,1,1,1,1,1,41.94048796458431,0,0
South,Store,DSL,Premium,Existing,1,1,1,0,1,108.23297832480779,0,0
East,Phone,Fiber,Premium,Existing,1,1,1,1,1,53.47794070799779,0,0
North,Phone,DSL,Basic,Existing,1,1,1,1,1,98.94218675127914,0,0
West,Phone,DSL,Premium,New,1,1,1,1,1,169.62944676094122,1,0
North,Phone,DSL,Standard,Existing,1,1,0,0,0,64.00969605913133,3,1
West,Store,DSL,Basic,Existing,1,1,1,1,1,96.27723549879173,1,0
South,Phone,5G,Premium,Existing,1,1,0,1,0,80.85426781088458,1,0
North,Phone,5G,Basic,New,1,1,1,1,1,60.80387911135362,0,0
South,Phone,5G,Premium,New,1,1,1,1,0,195.0665885203448,1,0
South,Phone,DSL,Standard,New,1,1,1,1,1,109.467090833078,1,0
West,Store,5G,Standard,New,1,1,1,1,1,43.48915765378359,2,0
West,Phone,DSL,Basic,New,1,1,1,1,0,148.40595069762662,1,0
West,Online,5G,Premium,New,1,1,0,1,0,123.98058217887512,3,0
North,Online,DSL,Premium,Existing,1,1,1,1,0,171.16961537982542,0,0
East,Online,5G,Basic,New,1,1,1,1,0,98.18514867436484,1,0
West,Online,5G,Basic,Existing,1,1,1,0,0,185.66996533624092,0,0
West,Online,5G,Standard,Existing,1,1,0,1,1,44.46134786013323,1,0
North,Online,DSL,Basic,Existing,1,0,1,1,0,123.88385389673046,0,0
West,Store,DSL,Premium,Existing,1,1,1,1,1,118.20333044611503,2,0
North,Online,5G,Basic,Existing,0,1,1,1,1,41.88848198583065,2,0
South,Phone,DSL,Standard,Existing,1,0,0,1,0,50.13275505382573,1,1
West,Online,Fiber,Basic,New,1,1,1,1,1,86.04659184250609,2,0
West,Store,5G,Premium,Existing,0,1,1,0,1,131.961700016732,1,1
South,Online,5G,Basic,New,1,1,1,1,1,73.04501705299793,1,0
South,Phone,Fiber,Basic,Existing,0,1,1,1,0,69.43553585118109,0,0
South,Phone,DSL,Basic,Existing,1,1,1,1,0,61.733145330081655,1,0
West,Store,DSL,Standard,Existing,1,1,1,1,0,188.466197902319,0,0
East,Store,DSL,Standard,Existing,0,1,1,1,0,130.35369082068175,1,0
East,Store,5G,Standard,New,1,1,0,1,0,79.40782014750675,1,0
East,Store,5G,Standard,New,1,1,0,1,1,195.39444466678688,1,0
West,Online,5G,Premium,New,1,1,1,1,0,105.33798667864613,0,0
South,Online,5G,Premium,New,1,1,1,1,0,57.94596465344327,1,0
West,Phone,5G,Standard,Existing,1,1,1,0,0,121.76744295957633,1,0
South,Store,DSL,Standard,Existing,1,0,1,1,1,109.60391509461405,0,0
West,Store,Fiber,Standard,New,1,1,0,1,0,138.8162231905289,0,0
West,Online,DSL,Basic,Existing,1,1,1,1,1,151.8553213924574,1,0
South,Store,DSL,Premium,Existing,1,1,1,1,0,95.35972134461134,2,0
East,Phone,5G,Basic,New,0,1,1,1,1,67.38958109457218,2,0
South,Phone,Fiber,Standard,New,0,1,0,0,0,106.16992278108292,0,1
North,Store,Fiber,Premium,Existing,1,1,1,1,0,120.78288580577484,2,0
North,Phone,DSL,Standard,New,1,1,0,1,0,114.61075744208881,1,0
South,Phone,Fiber,Basic,Existing,1,1,0,1,1,45.41592185877892,2,0
West,Online,DSL,Premium,Existing,0,1,1,1,1,167.08104588620267,0,0
North,Phone,DSL,Basic,Existing,1,0,0,1,1,94.9067470467903,1,1
North,Store,DSL,Premium,Existing,1,1,1,1,0,86.86779496034364,1,0
West,Store,DSL,Standard,Existing,1,1,1,1,0,74.14775978390253,0,0
West,Phone,5G,Premium,Existing,1,1,1,1,1,133.26038489374253,2,0
East,Store,Fiber,Basic,Existing,1,0,1,1,0,134.253047594262,0,0
West,Online,5G,Basic,New,1,1,1,1,0,108.93919343439605,0,0
South,Phone,5G,Basic,New,1,0,0,1,0,147.62705255345622,1,1
South,Phone,5G,Basic,New,1,1,1,1,1,46.10870892509201,0,0
East,Phone,DSL,Standard,New,1,1,1,1,0,168.39447184645925,1,0
North,Store,DSL,Basic,New,1,1,1,0,1,80.99397752009256,1,0
North,Store,5G,Standard,Existing,1,1,0,1,0,114.98459431026771,0,0
West,Phone,5G,Premium,Existing,1,1,1,1,1,159.20466210892158,2,0
South,Store,Fiber,Basic,New,1,1,0,1,0,67.85810635554088,0,0
North,Store,5G,Premium,Existing,1,1,0,1,1,184.44593097261986,1,0
East,Phone,DSL,Premium,New,1,1,0,1,0,61.71789413288133,0,0
East,Phone,5G,Standard,Existing,1,1,1,1,1,170.046089954521,2,0
South,Store,Fiber,Basic,Existing,1,1,1,1,1,103.79106896736994,2,0
East,Phone,Fiber,Standard,Existing,1,0,1,1,1,66.26409295783284,0,0
East,Phone,5G,Basic,New,1,1,1,1,0,179.12582328698062,1,0
South,Phone,Fiber,Premium,Existing,1,1,0,1,0,157.1739090252155,1,0
West,Phone,Fiber,Standard,New,1,1,1,0,0,76.73896294523642,1,0
West,Store,DSL,Basic,Existing,1,1,1,1,1,146.43567885408635,0,0
East,Phone,Fiber,Premium,New,1,1,1,1,0,64.95167587237695,1,0
West,Online,Fiber,Standard,New,1,1,1,1,1,196.08340456185354,0,0
West,Phone,5G,Standard,New,1,1,1,1,1,127.7699192331759,0,0
East,Online,DSL,Standard,Existing,1,1,1,1,0,64.06361354995968,1,0
West,Phone,Fiber,Standard,Existing,1,1,1,1,0,50.57897097845988,1,0
East,Online,5G,Premium,Existing,0,1,1,1,0,140.68191646243824,0,0
North,Online,5G,Premium,Existing,1,1,0,1,0,143.1416849767558,0,0
South,Phone,5G,Premium,New,1,1,1,1,0,196.62817126663924,1,0
South,Phone,5G,Premium,Existing,1,1,1,1,1,119.47651166873692,0,0
West,Phone,5G,Basic,New,1,1,1,1,1,94.26511630321264,0,0
West,Online,5G,Premium,New,1,1,0,1,1,153.6173226902469,0,0
West,Store,Fiber,Standard,Existing,1,1,0,1,0,168.36807902698763,1,0
South,Store,DSL,Standard,New,1,1,1,0,1,149.83531197008392,1,0
North,Phone,DSL,Standard,Existing,1,1,1,1,0,158.9309274743411,1,0
North,Store,5G,Standard,Existing,1,1,1,1,0,150.76938869248926,2,0
South,Store,5G,Basic,Existing,1,1,1,1,1,67.80459819743946,1,0
North,Phone,DSL,Standard,New,1,1,1,1,0,169.6974956941984,2,0
South,Online,Fiber,Standard,Existing,1,0,1,1,1,140.10577931609393,0,0
North,Phone,5G,Standard,New,1,1,1,1,0,102.64383092369671,1,0
East,Store,DSL,Premium,Existing,1,1,1,1,1,146.0962785327939,1,0
East,Online,DSL,Premium,Existing,0,1,1,1,1,175.47861517410757,0,0
South,Store,5G,Basic,Existing,1,1,1,1,0,177.95998137999914,1,0
North,Online,DSL,Basic,New,1,1,1,1,1,93.40966429263837,1,0
West,Store,Fiber,Basic,New,1,1,1,1,0,58.891107524987056,2,0
North,Phone,DSL,Standard,New,0,1,0,1,0,75.7225591907978,2,1
East,Store,5G,Basic,Existing,1,1,1,1,1,137.10789383776074,2,0
East,Store,5G,Premium,Existing,1,1,1,1,0,122.6427221203624,1,0
North,Online,DSL,Premium,New,1,1,0,1,0,119.08409778958443,0,0
North,Store,DSL,Premium,Existing,1,1,1,1,1,88.53313097043397,2,0
West,Phone,5G,Standard,Existing,1,1,1,0,1,52.10821547769861,1,0
West,Phone,Fiber,Standard,Existing,1,1,1,1,0,88.1577906378238,1,0
North,Phone,DSL,Basic,Existing,1,1,1,1,0,150.7037790160837,1,0
North,Online,Fiber,Basic,New,1,1,1,1,0,139.5182665395114,0,0
North,Online,Fiber,Basic,New,1,1,1,1,1,84.26001420236375,1,0
North,Store,5G,Basic,New,1,1,1,1,1,163.5071628615621,0,0
South,Store,5G,Standard,New,1,1,1,1,0,193.4405219787622,0,0
North,Store,5G,Premium,Existing,1,1,1,1,0,80.40943740617037,0,0
West,Online,Fiber,Standard,New,1,0,1,1,0,165.86788112470836,2,1
East,Online,5G,Basic,New,1,1,1,1,0,165.8300293655534,0,0
South,Store,5G,Standard,Existing,1,1,1,1,0,125.50998633931172,0,0
North,Online,Fiber,Premium,New,1,1,1,1,1,41.604390847925146,1,0
East,Online,Fiber,Standard,Existing,1,1,1,1,0,87.08189435521771,1,0
South,Phone,Fiber,Premium,Existing,1,0,1,1,0,46.25851269354573,0,0
East,Phone,Fiber,Basic,New,0,1,1,1,0,105.38310089067866,0,0
North,Store,DSL,Standard,New,0,1,1,1,1,131.04109172166957,0,0
North,Store,5G,Basic,New,1,1,1,1,1,110.03089895218876,0,0
West,Phone,DSL,Basic,Existing,1,1,1,1,0,151.03525422959157,3,0
North,Online,Fiber,Premium,Existing,1,1,1,1,0,77.61895030671283,0,0
North,Store,Fiber,Premium,New,1,1,0,1,0,52.486064677250006,0,0
South,Store,Fiber,Basic,Existing,1,1,1,1,1,67.02930787679605,0,0
West,Store,Fiber,Premium,New,1,0,0,1,0,82.7734075860769,0,1
South,Online,Fiber,Premium,Existing,0,1,1,1,0,78.92652047319018,1,0
East,Phone,5G,Basic,New,0,1,1,1,1,122.14608090791052,2,0
North,Store,DSL,Basic,Existing,0,0,1,1,0,183.69639268551916,1,1
East,Phone,DSL,Premium,Existing,1,1,1,1,1,97.04645129526186,0,0
South,Phone,5G,Basic,New,0,1,1,1,0,53.50072388517482,0,0
North,Online,5G,Basic,Existing,1,1,1,1,0,171.19605086111963,2,0
North,Online,5G,Premium,New,0,1,1,1,0,42.58657981404806,0,0
South,Online,DSL,Standard,Existing,1,1,0,1,0,122.48466594719689,1,0
South,Online,DSL,Standard,New,1,1,1,1,0,169.4485141647548,1,0
South,Online,Fiber,Basic,New,1,1,1,1,1,130.6306621124031,1,0
South,Online,DSL,Premium,New,1,1,1,1,0,188.82606993164342,0,0
South,Store,DSL,Basic,Existing,1,1,1,1,0,44.797441324197,0,0
North,Phone,5G,Premium,New,0,1,1,1,1,190.68866220592744,0,0
South,Online,DSL,Basic,Existing,1,1,1,1,1,159.95409138764552,0,0
North,Store,Fiber,Basic,New,1,0,1,1,1,92.40884209184493,1,0
North,Phone,DSL,Premium,Existing,1,1,1,1,1,140.42579268432746,0,0
South,Online,5G,Basic,New,1,1,1,1,0,129.9173118633253,1,0
South,Online,5G,Standard,Existing,1,1,1,1,0,185.67490180437056,0,0
West,Store,Fiber,Standard,Existing,1,1,1,1,0,106.04914503358208,0,0
North,Phone,Fiber,Premium,Existing,1,1,1,1,1,55.917117023937394,1,0
South,Online,DSL,Basic,New,0,1,1,1,0,50.99104428495232,1,0
South,Phone,Fiber,Standard,New,0,1,1,1,1,106.18514825932998,1,0
South,Store,Fiber,Premium,Existing,1,1,1,1,0,197.7099187633611,1,0
West,Online,5G,Premium,Existing,0,1,1,1,0,139.02294979301007,1,0
West,Phone,5G,Premium,Existing,1,1,1,1,1,158.6893496487798,2,0
East,Store,DSL,Standard,New,1,1,1,1,0,194.0003116218384,0,0
North,Store,DSL,Standard,New,1,1,1,1,1,146.10013512190693,1,0
East,Online,DSL,Standard,Existing,1,1,1,1,1,136.3122465809576,1,0
South,Phone,DSL,Standard,New,1,1,1,1,0,70.15084602104098,1,0
West,Online,5G,Basic,New,0,1,0,1,1,86.33065660527002,1,0
West,Online,DSL,Standard,New,1,1,0,0,0,180.78829688794673,0,1
East,Phone,DSL,Premium,New,1,1,1,1,0,121.23923179087785,1,0
West,Phone,Fiber,Basic,New,0,1,1,1,1,178.1830118772516,0,0
South,Phone,DSL,Standard,Existing,1,1,1,1,1,42.52916892947161,0,0
West,Store,Fiber,Basic,Existing,1,1,1,1,1,120.96081062463486,1,0
East,Store,5G,Premium,New,0,1,0,1,1,90.44584668726513,1,0
South,Phone,DSL,Standard,Existing,0,0,1,1,1,84.87822287009216,2,1
East,Store,Fiber,Basic,New,0,1,1,1,0,177.75686674531238,1,0
West,Online,DSL,Standard,Existing,1,0,1,1,0,174.11422228815215,2,1
East,Phone,Fiber,Basic,New,1,0,1,1,1,183.36241714921246,1,0
East,Online,DSL,Basic,New,1,1,1,1,1,108.71838985920749,0,0
North,Phone,5G,Premium,New,1,1,1,1,0,193.85331827772666,0,0
West,Online,5G,Premium,Existing,1,1,1,1,0,91.30297551900783,1,0
West,Phone,Fiber,Standard,Existing,0,0,0,1,0,198.26575833866764,3,1
East,Online,Fiber,Standard,Existing,0,1,1,1,1,161.14233400235597,0,0
North,Phone,5G,Basic,New,1,1,0,1,0,144.69505032363566,1,0
West,Phone,DSL,Premium,New,1,1,0,1,1,182.5684536707944,1,0
South,Store,Fiber,Premium,Existing,1,1,0,1,0,141.05742036725067,0,0
East,Online,5G,Basic,Existing,1,1,1,1,1,107.19163360716927,0,0
West,Store,Fiber,Premium,New,1,1,0,1,1,97.8122943443291,1,0
South,Online,5G,Premium,New,1,1,1,1,0,62.507241674332796,1,0
West,Store,5G,Basic,New,1,1,1,1,0,116.90873116793703,1,0
South,Phone,Fiber,Standard,Existing,1,1,1,1,0,166.32581079766493,3,0
East,Store,Fiber,Standard,New,1,1,1,1,1,62.03233913377582,0,0
West,Store,5G,Standard,New,1,1,0,1,0,188.38517177628535,0,0
West,Phone,DSL,Basic,New,1,1,1,1,0,75.2502877421842,0,0
North,Store,5G,Standard,New,1,1,1,1,0,193.7075714448947,3,0
East,Phone,DSL,Basic,Existing,1,1,0,1,0,113.07872183226206,2,0
South,Online,DSL,Basic,New,1,1,1,1,0,62.1781546304404,0,0
West,Store,DSL,Premium,Existing,1,1,1,1,1,57.93826607196589,1,0
West,Phone,Fiber,Premium,New,1,1,1,1,1,145.952597125724,2,0
South,Phone,5G,Standard,Existing,1,1,1,1,0,169.73620539897206,0,0
East,Store,5G,Basic,Existing,0,1,1,0,0,49.1727407465895,0,1
North,Online,DSL,Standard,Existing,1,1,1,1,1,186.5122674544922,1,0
North,Store,DSL,Standard,Existing,1,1,1,1,0,46.16183438913939,1,0
West,Phone,DSL,Premium,New,1,1,0,1,0,127.20230436906371,1,0
South,Online,5G,Standard,Existing,1,1,1,1,1,122.49826207912545,0,0
West,Store,DSL,Standard,Existing,1,1,1,1,1,168.88321843521365,2,0
South,Phone,5G,Premium,New,0,1,1,1,1,133.1042469498637,0,0
North,Store,5G,Standard,Existing,1,1,1,1,1,93.9052632553947,1,0
East,Online,Fiber,Standard,Existing,0,1,1,1,0,132.85102529554516,0,0
South,Online,DSL,Basic,New,1,1,1,1,0,192.1974315128188,0,0
North,Online,DSL,Standard,Existing,1,1,0,1,0,59.63498614370502,2,0
West,Online,DSL,Premium,New,1,1,0,0,0,145.07435405126293,0,1
South,Online,Fiber,Premium,Existing,0,1,1,1,0,66.90149199458098,0,0
East,Store,DSL,Basic,Existing,1,1,1,0,0,72.72889367807801,1,0
West,Online,5G,Premium,Existing,1,1,1,1,1,195.60002895398472,0,0
West,Online,DSL,Premium,New,1,1,1,1,1,172.15585035888392,0,0
North,Phone,5G,Premium,Existing,1,1,1,0,0,185.77844217867948,0,0
South,Online,5G,Standard,New,1,1,1,1,1,64.31087341238984,2,0
West,Phone,5G,Basic,Existing,0,1,1,1,0,106.09962415037663,2,0
East,Phone,5G,Basic,Existing,1,1,0,1,1,162.71754815370713,2,0
South,Phone,DSL,Basic,Existing,1,1,1,1,0,143.71713628288376,2,0
East,Store,Fiber,Basic,Existing,1,1,1,1,0,64.16587934624434,1,0
West,Store,Fiber,Premium,New,1,1,0,1,1,110.26397456384299,1,0
East,Phone,5G,Standard,New,1,1,1,1,0,78.83248911525114,0,0
North,Store,DSL,Premium,New,1,1,0,1,0,94.08837757753548,3,0
East,Online,Fiber,Premium,Existing,1,1,1,1,1,186.08243643254687,2,0
South,Store,DSL,Premium,New,1,1,1,1,1,79.39855395243595,1,0
East,Online,Fiber,Premium,New,1,1,1,1,0,100.16047927327321,2,0
East,Online,5G,Basic,Existing,0,1,1,1,1,122.80515065664554,1,0
North,Store,5G,Basic,New,0,1,1,1,1,51.35834942824779,1,0
East,Store,5G,Standard,Existing,1,1,1,1,0,182.20098957637094,0,0
East,Phone,Fiber,Premium,Existing,1,1,1,1,0,114.2854080792408,1,0
West,Store,DSL,Basic,New,1,1,1,1,1,97.63416419934052,0,0
West,Store,5G,Standard,New,1,1,1,1,1,116.40218813007728,0,0
South,Store,DSL,Premium,Existing,1,1,1,1,0,147.9854821823719,1,0
West,Online,DSL,Premium,Existing,1,1,1,1,0,137.80871612031154,1,0
West,Online,5G,Basic,Existing,1,1,1,1,1,132.37569816451392,0,0
West,Online,Fiber,Premium,Existing,0,1,1,1,1,88.81448736809112,0,0
West,Phone,5G,Premium,New,1,1,1,1,0,109.56901094089139,0,0
North,Phone,5G,Basic,Existing,1,0,1,1,0,151.56470903453317,0,0
West,Phone,Fiber,Standard,New,0,1,1,1,0,179.78720334510706,0,0
North,Online,DSL,Standard,Existing,0,1,1,1,1,61.86723170666545,0,0
North,Store,Fiber,Basic,New,1,0,1,0,1,174.30723049071457,1,1
West,Phone,Fiber,Basic,Existing,1,1,1,1,1,167.48080285444158,0,0
East,Phone,5G,Standard,Existing,1,1,1,1,0,158.79160450727,0,0
North,Online,Fiber,Standard,New,1,1,0,1,0,114.19881599077966,1,0
East,Phone,Fiber,Basic,Existing,1,1,0,1,0,130.19068991130746,2,0
East,Store,Fiber,Basic,New,1,1,0,1,1,116.52753699072633,0,0
West,Online,DSL,Basic,Existing,0,1,1,1,0,121.79411254023731,0,0
South,Online,DSL,Premium,Existing,1,1,1,1,0,138.65032753220083,1,0
West,Store,5G,Basic,Existing,1,1,0,1,0,118.88573080282256,1,0
South,Store,5G,Premium,New,1,1,1,1,1,128.9809848621072,0,0
South,Store,DSL,Standard,Existing,1,0,1,1,0,145.9003709404804,1,0
West,Phone,Fiber,Standard,New,1,1,1,1,0,83.47083561855149,1,0
West,Store,5G,Basic,Existing,1,1,1,1,1,154.42830330560486,0,0
South,Online,5G,Basic,New,0,1,1,1,1,195.24547520895223,4,0
West,Store,Fiber,Standard,New,0,1,1,1,0,71.37064986207464,0,0
South,Online,Fiber,Standard,Existing,1,1,0,1,1,186.95893733311115,0,0
East,Online,Fiber,Standard,Existing,0,1,1,1,0,107.81853711819032,0,0
West,Phone,Fiber,Standard,Existing,1,1,1,1,0,186.52038886615935,1,0
East,Store,Fiber,Basic,Existing,1,1,1,1,0,107.0967961342129,0,0
North,Phone,DSL,Premium,New,1,1,1,1,1,154.28743341321228,0,0
East,Store,Fiber,Standard,New,1,1,1,1,1,129.23923520886547,1,0
East,Store,5G,Standard,Existing,0,1,1,1,0,159.9732438491892,0,0
South,Store,DSL,Premium,New,1,1,0,1,1,152.23288700371137,1,0
East,Store,5G,Basic,Existing,1,1,1,1,0,193.4459211905191,1,0
West,Store,Fiber,Premium,Existing,1,1,1,1,1,86.2472627269006,0,0
South,Online,5G,Basic,Existing,1,1,1,1,0,188.80249508461287,0,0
North,Online,Fiber,Basic,Existing,1,1,0,1,1,80.37166706744765,2,0
West,Store,5G,Basic,Existing,1,1,1,1,0,165.82546464275435,1,0
North,Online,5G,Basic,New,1,0,1,0,0,118.3511302797345,1,1
East,Phone,Fiber,Basic,Existing,0,1,1,1,0,51.53587097185344,1,0
West,Phone,5G,Standard,New,0,1,1,1,0,45.52918524878267,0,0
West,Phone,DSL,Basic,Existing,1,1,1,1,0,123.26111622164501,1,0
North,Store,5G,Standard,Existing,1,1,1,0,0,45.55698003962231,2,1
West,Store,DSL,Basic,Existing,0,0,1,1,0,191.4217829751374,1,1
West,Online,DSL,Standard,Existing,1,1,1,1,0,66.4132948940086,0,0
West,Online,5G,Premium,New,1,1,1,1,0,117.60932092908251,0,0
East,Online,DSL,Premium,New,1,1,1,1,0,100.39169774967469,0,0
North,Phone,DSL,Standard,Existing,1,1,1,1,0,123.92702447953936,0,0
West,Phone,5G,Basic,Existing,1,1,1,1,0,73.35201277055742,0,0
South,Phone,Fiber,Standard,Existing,0,1,1,1,1,178.61493668512077,0,0
South,Phone,Fiber,Standard,Existing,1,1,1,1,1,42.046764693431555,0,0
South,Online,DSL,Basic,New,1,1,0,1,1,131.44710004100997,0,0
South,Store,DSL,Premium,New,1,1,1,0,1,95.56836846473651,1,0
East,Store,Fiber,Standard,Existing,1,0,1,1,0,74.27402748358666,0,0
West,Phone,DSL,Premium,New,1,0,1,1,0,74.17939503106538,1,0
North,Store,Fiber,Premium,New,1,1,1,1,1,69.36697426988829,2,0
West,Store,5G,Premium,Existing,1,1,1,0,1,136.42365222723055,0,0
East,Store,DSL,Standard,New,1,1,1,1,1,182.63397397703736,0,0
South,Phone,5G,Standard,Existing,1,1,1,1,0,103.64180189280083,2,0
East,Online,Fiber,Basic,New,0,1,1,0,0,66.37178169544761,0,1
West,Online,Fiber,Basic,New,1,1,0,1,0,48.41527068255873,0,0
North,Store,5G,Standard,Existing,1,0,1,1,0,171.0283954890302,1,0
East,Online,DSL,Basic,New,1,1,1,1,0,75.5703219999154,1,0
North,Online,5G,Premium,New,1,1,1,1,0,157.63143555332888,0,0
East,Phone,5G,Premium,New,1,1,0,1,0,124.74293373846437,0,0
North,Phone,DSL,Standard,New,1,1,1,1,0,141.88651858059802,1,0
North,Store,Fiber,Premium,New,1,1,0,1,0,132.15920025232154,1,0
South,Store,5G,Standard,Existing,0,1,1,1,0,192.31036208195783,2,0
North,Store,5G,Standard,Existing,1,1,1,1,1,56.39670810491907,1,0
South,Phone,Fiber,Standard,New,1,1,1,1,1,145.32373993526227,1,0
West,Online,5G,Premium,Existing,1,0,1,1,0,58.386053169779615,1,0
West,Phone,Fiber,Standard,New,1,1,1,1,1,71.06493033520827,1,0
South,Phone,DSL,Standard,New,1,1,0,1,0,147.84845859686146,1,0
South,Online,Fiber,Basic,Existing,0,1,1,0,1,139.0269688112778,1,1
East,Online,Fiber,Premium,New,1,1,1,1,1,117.74752421936084,2,0
East,Store,5G,Standard,Existing,1,1,1,1,0,163.7313776506078,2,0
East,Online,Fiber,Basic,New,1,1,0,1,1,150.77242193720832,0,0
West,Online,Fiber,Standard,New,1,1,1,1,1,49.38870249379613,0,0
East,Online,5G,Premium,Existing,1,1,1,1,0,144.71203162345842,1,0
North,Online,Fiber,Basic,New,1,1,1,1,0,101.94568794262595,2,0
North,Store,5G,Basic,Existing,1,0,1,1,0,115.39689839293517,1,0
East,Store,DSL,Standard,Existing,1,1,0,1,0,123.74616206419226,1,0
North,Online,Fiber,Standard,New,1,1,1,1,0,93.63053094946237,0,0
West,Online,DSL,Premium,New,1,0,1,1,0,111.68613747281073,1,0
North,Store,Fiber,Premium,Existing,1,0,0,1,1,129.7814360596748,2,1
West,Store,Fiber,Standard,New,1,1,1,1,0,49.446988161756536,0,0
South,Online,DSL,Basic,New,1,1,1,1,0,131.6897066200985,0,0
South,Phone,DSL,Premium,Existing,0,0,1,1,1,95.6899607758734,0,1
South,Store,5G,Premium,New,1,1,1,1,0,131.60820775256389,0,0
South,Store,5G,Basic,New,1,1,1,1,1,111.23585655826291,0,0
North,Store,DSL,Standard,Existing,1,1,1,1,0,69.31153774092914,4,0
East,Online,Fiber,Premium,New,1,1,1,1,1,57.459942716511975,1,0
North,Online,5G,Basic,New,1,1,1,0,0,179.9659613587811,2,1
West,Store,Fiber,Premium,New,1,1,1,1,1,103.24685155393416,1,0
North,Online,5G,Basic,New,1,1,1,1,0,138.57520961249327,2,0
North,Online,5G,Premium,New,1,1,1,0,0,53.62359575981021,1,0
West,Store,5G,Standard,New,1,1,1,0,0,105.77699884543351,0,0
South,Online,DSL,Basic,Existing,1,1,1,1,0,153.19261924758368,2,0
South,Phone,Fiber,Premium,New,1,1,1,1,0,195.04244271534475,1,0
South,Online,DSL,Premium,New,1,0,1,1,1,128.8272876987537,1,0
East,Online,5G,Basic,New,1,1,1,0,0,68.06638516546357,2,1
West,Store,DSL,Basic,Existing,1,0,1,1,1,42.02645747174522,0,0
West,Store,DSL,Standard,New,1,1,1,1,0,96.6676731869047,2,0
North,Phone,DSL,Basic,Existing,1,0,1,1,0,104.97364814757023,0,0
East,Online,Fiber,Premium,Existing,1,1,1,0,1,119.73074989327357,0,0
South,Phone,DSL,Standard,Existing,1,0,1,1,0,40.63750605614972,0,0
East,Phone,DSL,Basic,Existing,1,1,1,1,1,155.77767086077932,0,0
West,Store,DSL,Premium,Existing,0,1,0,1,0,144.83130403613325,1,0
West,Online,DSL,Basic,New,0,1,1,1,0,42.868791367324235,2,0
North,Store,DSL,Premium,New,1,0,1,1,1,93.37621292540419,1,0
North,Phone,DSL,Premium,New,0,1,1,1,0,98.88731766123018,1,0
West,Phone,DSL,Standard,New,1,0,1,1,0,85.4305885276957,0,0
South,Store,5G,Standard,Existing,1,1,1,0,0,87.3746167706295,2,1
South,Store,DSL,Basic,Existing,1,1,1,1,0,109.36403110249415,0,0
East,Store,DSL,Standard,Existing,1,1,1,1,1,152.34796748963348,0,0
West,Store,Fiber,Basic,Existing,1,1,1,1,1,148.12530606347346,0,0
West,Store,5G,Standard,Existing,1,1,1,1,0,105.65302183981537,0,0
South,Phone,DSL,Standard,Existing,1,1,1,1,0,139.3705052089898,1,0
South,Store,Fiber,Basic,New,1,1,1,1,1,51.17495366350585,0,0
West,Online,DSL,Standard,New,1,1,1,1,0,163.10871832259323,1,0
North,Phone,DSL,Standard,New,1,1,1,1,0,110.6419451809876,0,0
West,Phone,DSL,Standard,New,1,1,0,1,1,54.346330772094674,0,0
West,Online,DSL,Standard,Existing,1,1,0,1,0,99.78989139008361,0,0
South,Online,DSL,Basic,Existing,1,0,1,1,1,153.33919366226246,1,0
South,Phone,Fiber,Premium,Existing,1,1,1,1,0,59.724428122909714,0,0
North,Store,DSL,Basic,New,0,1,1,1,0,170.3615521669485,0,0
North,Phone,Fiber,Basic,New,1,1,1,1,0,153.31391256097928,0,0
East,Phone,DSL,Basic,New,1,1,1,1,0,53.30133294516044,1,0
West,Online,Fiber,Standard,New,1,1,0,0,1,196.57622132602654,0,1
South,Phone,5G,Standard,New,1,0,1,1,0,190.96715828392138,0,0
North,Store,DSL,Premium,New,1,1,1,1,0,61.14197613262179,1,0
East,Online,5G,Standard,Existing,1,1,1,1,0,72.46214854171365,0,0
East,Phone,5G,Premium,New,1,1,1,0,0,95.57549529626215,1,0
South,Phone,5G,Premium,New,1,1,1,1,0,198.35166249417657,1,0
South,Store,DSL,Standard,New,0,1,1,0,0,152.8658669032358,0,1
East,Phone,5G,Premium,Existing,1,1,1,1,0,186.32366026860663,0,0
North,Phone,Fiber,Basic,New,1,1,1,1,0,84.1466109672418,1,0
East,Phone,DSL,Basic,New,1,1,1,1,0,179.20146730629315,2,0
West,Phone,5G,Basic,Existing,1,1,1,1,1,57.673438892114284,0,0
West,Store,DSL,Premium,New,1,1,1,1,0,199.27763178554284,0,0
South,Phone,5G,Premium,New,1,1,1,1,0,57.06459042154432,0,0
North,Phone,Fiber,Basic,Existing,0,1,1,1,0,109.80390505170165,0,0
North,Phone,DSL,Standard,Existing,1,0,1,1,0,171.17661827431584,0,0
West,Online,DSL,Basic,New,0,1,1,1,1,176.16550550222715,0,0
East,Store,5G,Standard,Existing,0,1,0,1,1,178.09000391464258,3,1
South,Online,Fiber,Standard,Existing,1,1,1,1,0,85.87280616646069,1,0
East,Online,DSL,Premium,New,0,1,0,1,1,145.67765593658777,1,0
East,Store,5G,Premium,Existing,1,1,0,1,0,73.63514722542863,1,0
East,Online,Fiber,Standard,Existing,1,0,1,1,0,119.07045545902,1,0
North,Online,Fiber,Standard,New,1,1,1,1,0,175.68148341992506,0,0
West,Online,Fiber,Standard,Existing,1,1,1,1,1,105.60474724295361,2,0
North,Store,Fiber,Premium,New,1,1,1,1,0,57.589810170732534,1,0
West,Phone,DSL,Basic,Existing,1,1,0,1,0,43.81015763524477,0,0
South,Store,DSL,Standard,Existing,1,1,1,1,1,183.98236415280343,0,0
South,Store,Fiber,Premium,New,1,1,1,1,1,59.73477716622497,1,0
East,Store,5G,Basic,Existing,1,1,1,1,1,180.16715524807836,0,0
West,Online,5G,Premium,Existing,1,1,0,1,0,55.0132545194659,2,0
West,Phone,Fiber,Basic,Existing,1,1,1,1,1,78.6611374004805,2,0
West,Store,Fiber,Premium,Existing,1,1,1,1,0,156.53172490501768,0,0
East,Store,5G,Basic,Existing,1,1,1,1,1,67.95597582102158,1,0
East,Phone,Fiber,Standard,New,0,1,1,1,0,181.34988146145378,1,0
South,Phone,Fiber,Premium,Existing,1,1,0,1,0,75.99547553797572,0,0
North,Phone,DSL,Basic,New,0,0,1,1,0,98.89899393031189,1,1
West,Online,DSL,Basic,Existing,1,1,1,1,0,178.71499076816113,0,0
West,Phone,Fiber,Basic,Existing,1,1,1,1,0,94.87037146136132,0,0
North,Online,Fiber,Standard,New,1,1,1,1,1,134.18482330916433,0,0
West,Store,DSL,Premium,Existing,0,1,1,1,1,91.82980728073491,1,0
East,Online,Fiber,Basic,Existing,1,1,1,1,0,116.58504395200744,0,0
East,Phone,DSL,Standard,Existing,1,1,0,1,1,115.275387112887,0,0
West,Online,DSL,Standard,Existing,1,0,1,1,0,116.10763042251016,0,0
East,Phone,5G,Standard,New,1,1,1,0,0,98.70352450387176,1,0
East,Online,DSL,Standard,New,1,0,1,1,1,155.60378655371073,1,0
West,Store,5G,Standard,Existing,1,1,0,1,0,94.87125101840248,1,0
South,Online,5G,Standard,New,1,1,1,1,0,61.80835985450629,1,0
North,Store,DSL,Standard,New,1,0,0,1,0,135.57549583566262,0,1
East,Phone,Fiber,Premium,Existing,1,1,1,1,0,84.49473192442542,1,0
South,Store,DSL,Premium,Existing,1,0,1,1,0,46.202565273596505,0,0
East,Phone,5G,Standard,New,1,1,1,1,0,47.228111305699,2,0
East,Phone,DSL,Basic,New,1,0,1,1,0,118.07727055092914,3,1
North,Store,DSL,Basic,New,1,1,1,1,1,194.91411944064626,1,0
East,Store,5G,Basic,New,0,1,1,1,0,52.45414981849976,1,0
North,Online,DSL,Standard,New,0,1,0,1,0,93.01124214994438,1,0
North,Online,DSL,Basic,New,1,1,1,1,0,46.282513154186034,1,0
North,Store,5G,Premium,Existing,1,1,0,1,0,141.01528715043898,2,0
South,Store,Fiber,Premium,Existing,1,1,1,1,0,132.55412222556225,1,0
West,Store,5G,Premium,New,1,1,1,1,0,85.34370845762763,2,0
South,Store,5G,Premium,Existing,1,1,0,1,0,161.5731359719153,1,0
West,Phone,DSL,Standard,Existing,1,1,1,0,0,44.661073431415744,0,0
West,Store,5G,Premium,New,1,0,1,1,0,60.11259948337898,2,1
North,Store,DSL,Basic,New,0,1,1,1,0,49.30339973490517,1,0
East,Store,DSL,Basic,New,1,1,0,1,0,94.09208923854548,1,0
North,Store,DSL,Premium,Existing,1,1,0,0,1,120.84313287011003,1,1
East,Phone,5G,Premium,New,1,1,1,1,1,86.36107862035799,0,0
West,Online,5G,Premium,Existing,1,1,1,1,0,90.37362867316376,0,0
North,Online,DSL,Basic,Existing,1,1,1,1,0,131.81253735951424,0,0
East,Online,Fiber,Basic,New,1,1,1,1,0,78.57009604680948,1,0
South,Online,Fiber,Premium,Existing,1,1,1,1,0,84.39034472542676,0,0
East,Online,5G,Basic,New,1,1,1,1,1,184.23072387398304,0,0
North,Phone,DSL,Basic,New,1,1,1,1,0,156.3966865450788,2,0
South,Online,DSL,Standard,Existing,1,0,1,1,1,120.77441611664062,3,1
East,Phone,5G,Premium,New,1,1,1,1,0,152.62215398718308,1,0
East,Phone,Fiber,Premium,New,1,1,1,1,1,110.61834169185192,2,0
East,Online,5G,Standard,New,1,1,1,1,1,185.96093144228112,0,0
East,Online,5G,Standard,New,1,1,0,1,0,68.237235248801,1,0
East,Online,DSL,Basic,New,1,1,1,1,0,67.35371509267881,0,0
South,Store,5G,Standard,New,1,1,0,1,0,49.50994503374844,1,0
West,Phone,Fiber,Premium,Existing,1,1,1,1,0,68.80159248778841,0,0
South,Online,5G,Premium,New,1,0,0,0,1,75.27317367530873,0,1
South,Store,DSL,Premium,Existing,0,1,1,1,0,177.69762867504022,1,0
South,Phone,Fiber,Basic,New,1,1,0,1,0,121.36080282399047,0,0
West,Store,DSL,Basic,New,1,1,1,1,1,72.93689210087373,0,0
North,Store,5G,Premium,Existing,1,1,0,1,0,176.26918339295034,1,0
West,Online,5G,Premium,Existing,1,1,1,1,0,52.1674738722256,0,0
South,Phone,5G,Basic,New,1,1,1,1,0,85.44336976948871,0,0
East,Store,DSL,Basic,New,1,1,0,1,0,190.16816083511006,1,0
East,Phone,5G,Standard,Existing,1,1,1,1,0,194.95002261487505,1,0
South,Online,Fiber,Basic,Existing,1,0,1,1,0,99.25777829176559,1,0
East,Phone,Fiber,Basic,Existing,1,0,0,1,0,168.75694944740633,1,1
South,Store,DSL,Premium,Existing,0,1,1,1,0,64.94327800789466,0,0
East,Store,DSL,Premium,New,1,1,0,1,0,182.57590814015543,0,0
West,Phone,DSL,Premium,Existing,0,1,1,1,0,166.79784440369275,2,0
North,Store,5G,Standard,New,1,1,1,1,0,145.36263370670184,1,0
North,Store,Fiber,Basic,Existing,1,1,1,1,1,174.03521139752672,2,0
West,Store,Fiber,Standard,New,1,1,1,1,0,129.9984232026182,0,0
West,Online,Fiber,Basic,Existing,1,0,1,1,1,93.18192154291958,0,0
South,Online,DSL,Basic,New,0,1,1,1,0,146.39404035569683,0,0
South,Store,DSL,Premium,Existing,1,1,1,1,1,146.2550145075524,0,0
South,Phone,5G,Basic,Existing,1,1,1,1,1,132.77441666125512,0,0
East,Online,DSL,Standard,Existing,0,1,1,1,1,165.96269347089745,1,0
South,Phone,Fiber,Premium,Existing,1,1,0,1,1,48.547286377797754,1,0
West,Store,5G,Standard,New,1,1,1,1,0,142.24852539890134,0,0
North,Store,DSL,Standard,Existing,1,1,1,1,0,132.28791394051407,0,0
East,Phone,DSL,Premium,Existing,1,1,0,1,0,75.29210801352883,1,0
South,Online,Fiber,Basic,Existing,1,1,1,1,1,53.954619078229754,0,0
East,Phone,5G,Standard,New,1,1,1,1,1,115.18473484945534,0,0
East,Phone,DSL,Basic,New,1,0,1,1,0,80.64599420160809,1,0
South,Store,DSL,Premium,Existing,1,1,1,1,1,163.59992233216542,0,0
East,Online,5G,Basic,New,1,1,0,1,1,118.46312262726995,2,0
North,Phone,5G,Basic,New,1,1,1,1,1,193.8659398119289,0,0
West,Online,DSL,Premium,New,0,1,1,1,0,192.9205633882787,1,0
West,Store,DSL,Basic,Existing,1,1,1,1,0,181.01226957994135,1,0
North,Online,Fiber,Standard,New,1,1,1,1,0,140.76043914032957,0,0
East,Store,5G,Standard,New,1,1,1,1,0,135.77586442443737,2,0
South,Online,DSL,Standard,Existing,1,1,1,1,1,74.86773569779305,0,0
East,Phone,DSL,Basic,Existing,1,1,1,1,0,154.78597926123845,0,0
North,Store,DSL,Standard,Existing,0,0,0,1,0,186.30128291319286,0,1
East,Phone,DSL,Basic,New,1,1,0,1,1,90.16101194992727,1,0
West,Store,Fiber,Basic,Existing,1,1,1,1,0,174.94637140485023,0,0
East,Online,5G,Basic,New,1,1,1,1,0,105.64555838684454,0,0
North,Online,DSL,Basic,New,1,1,1,1,0,192.78658029365255,0,0
West,Store,5G,Premium,Existing,1,1,1,1,0,103.76252855233,0,0
East,Store,5G,Standard,Existing,0,1,1,1,1,163.5774079895943,1,0
East,Store,DSL,Standard,Existing,1,1,0,1,1,169.55074179325695,1,0
West,Online,DSL,Basic,Existing,1,1,0,1,0,153.8039011095105,3,0
South,Store,DSL,Premium,Existing,1,1,0,1,0,101.19601789521045,0,0
West,Store,Fiber,Basic,Existing,1,1,1,1,1,64.96815368928543,1,0
South,Phone,DSL,Standard,New,1,1,1,1,0,56.00916272665435,0,0
North,Store,5G,Standard,Existing,1,1,1,1,0,54.98542221779347,0,0
North,Phone,5G,Premium,New,1,0,0,1,0,163.12173106468066,2,1
West,Phone,Fiber,Basic,New,0,1,1,1,0,100.98482639758693,1,0
West,Phone,DSL,Premium,New,1,1,1,1,0,100.85046817346516,2,0
North,Online,DSL,Basic,New,1,1,1,1,1,72.28017882584561,1,0
South,Phone,Fiber,Premium,New,1,1,1,1,0,74.32684693624947,1,0
North,Store,Fiber,Standard,New,1,1,0,0,1,100.94111062507355,0,1
West,Online,DSL,Premium,Existing,1,1,1,1,1,73.9291750177381,0,0
North,Online,DSL,Standard,New,0,1,1,1,0,141.46038420402115,0,0
West,Online,5G,Standard,New,0,1,1,0,0,176.2057454283131,1,1
West,Online,DSL,Basic,New,1,1,1,1,1,148.55705422094667,0,0
North,Online,DSL,Premium,Existing,1,1,1,1,0,87.4462813786638,1,0
South,Online,5G,Premium,New,1,0,1,1,0,91.55025189736322,0,0
East,Online,5G,Premium,New,1,0,1,1,0,138.56915713546678,1,0
North,Phone,5G,Premium,Existing,1,1,1,1,0,138.90545922334212,1,0
East,Store,5G,Basic,Existing,0,1,0,1,0,160.17014767637212,0,0
North,Store,Fiber,Basic,Existing,1,1,1,1,1,189.7821278084779,0,0
East,Phone,5G,Basic,New,1,1,1,1,0,76.11304866717147,0,0
South,Phone,Fiber,Standard,Existing,1,1,1,1,0,86.42638467823065,0,0
South,Online,5G,Standard,Existing,1,1,1,1,0,155.27192028780092,2,0
North,Online,5G,Standard,Existing,1,1,1,1,1,59.293023423731235,1,0
West,Phone,5G,Basic,New,1,1,1,1,1,78.65220605342651,1,0
East,Online,DSL,Standard,Existing,1,1,1,1,1,76.87067493212005,2,0
West,Store,Fiber,Premium,New,1,1,1,1,0,74.04179399586612,0,0
West,Store,5G,Standard,New,0,1,1,0,1,152.75411647854105,2,1
West,Online,DSL,Basic,Existing,1,1,1,1,0,70.89162576891995,0,0
South,Online,Fiber,Basic,New,1,1,1,1,0,177.59153191121746,1,0
North,Online,Fiber,Basic,New,0,1,1,1,0,129.8985635920751,0,0
North,Store,DSL,Basic,New,1,1,0,1,0,122.99713581827513,0,0
South,Online,Fiber,Premium,Existing,1,1,1,1,0,102.11325277249018,0,0
South,Phone,DSL,Standard,New,0,0,1,1,0,77.61134344138034,1,1
North,Online,5G,Standard,Existing,1,1,1,0,0,65.65397142095489,2,1
West,Phone,DSL,Basic,New,1,1,1,1,0,71.4666432445413,1,0
East,Online,Fiber,Standard,Existing,1,1,1,1,0,189.83818249774163,0,0
East,Online,Fiber,Premium,New,1,1,1,1,1,139.31718246246794,0,0
East,Store,5G,Basic,New,1,1,1,1,1,117.67652027216626,0,0
West,Phone,DSL,Standard,Existing,1,1,1,1,1,44.0963093459431,0,0
North,Phone,5G,Standard,New,1,1,1,1,0,191.33587201243176,0,0
South,Phone,DSL,Standard,Existing,1,1,1,1,1,159.9771730429237,0,0
North,Store,DSL,Standard,Existing,1,1,1,1,0,69.69440446519317,2,0
West,Phone,DSL,Basic,New,1,1,1,1,0,105.83692444605634,1,0
South,Store,5G,Basic,Existing,0,1,0,1,0,140.9805523174773,0,0
West,Online,5G,Premium,New,1,1,0,1,1,68.0912394830149,2,0
East,Online,Fiber,Basic,Existing,1,1,1,1,1,117.95613164484998,1,0
East,Phone,5G,Standard,Existing,1,0,0,1,1,153.72919142674948,0,1
West,Online,DSL,Standard,Existing,1,1,1,1,1,63.83750378279096,1,0
South,Online,DSL,Standard,New,0,1,0,1,1,79.95825333449108,0,0
South,Phone,DSL,Premium,New,1,1,1,1,0,118.80456844449405,2,0
North,Online,5G,Basic,New,1,1,1,1,0,151.56529560486194,0,0
East,Phone,Fiber,Basic,New,1,1,1,1,1,129.85175529395974,1,0
North,Phone,5G,Basic,Existing,1,1,1,1,1,73.9240129102668,0,0
North,Online,Fiber,Standard,New,1,0,1,1,0,171.7598844580814,2,1
West,Online,5G,Standard,New,1,1,1,1,1,123.34292553180893,0,0
West,Online,DSL,Standard,Existing,1,1,1,1,0,57.85292966359387,1,0
North,Online,Fiber,Premium,New,1,1,1,1,1,76.23799454126066,0,0
East,Online,5G,Premium,New,1,1,0,1,1,194.90477948342442,0,0
West,Store,DSL,Standard,Existing,1,1,1,1,1,151.33046389079345,0,0
North,Online,Fiber,Premium,New,1,1,0,1,0,93.20942964411103,1,0
North,Store,Fiber,Premium,New,1,1,1,1,0,78.93982631068414,1,0
North,Phone,DSL,Premium,New,0,1,1,1,1,114.36414823476751,0,0
North,Online,DSL,Basic,New,1,1,1,1,0,65.69978106045608,0,0
North,Online,5G,Premium,New,1,1,1,1,1,77.23960686162803,0,0
North,Online,5G,Standard,Existing,1,1,1,1,1,151.4143449777448,0,0
West,Phone,DSL,Basic,New,1,1,0,1,1,176.62054023474508,1,0
East,Store,5G,Premium,New,1,1,1,1,0,49.93133057909107,0,0
North,Store,DSL,Standard,New,1,1,1,1,1,134.84539246135716,0,0
South,Online,DSL,Premium,New,0,1,0,1,1,135.10675846229387,0,0
West,Online,5G,Standard,New,1,1,1,1,0,101.22984470095402,0,0
West,Online,5G,Standard,New,1,1,1,1,1,165.53549091376016,0,0
North,Online,Fiber,Premium,New,1,1,1,1,0,119.94761587579207,2,0
West,Phone,Fiber,Premium,New,1,1,1,0,0,62.901295595615224,0,0
North,Online,5G,Basic,Existing,1,1,1,0,1,140.62248031096647,1,0
East,Phone,5G,Premium,New,1,1,1,1,0,136.05964256036415,0,0
East,Online,5G,Standard,New,1,1,1,1,0,198.89160122160067,0,0
West,Store,Fiber,Basic,New,1,1,1,1,0,75.09794699074953,2,0
West,Store,5G,Standard,Existing,0,1,1,1,0,137.0209819728339,2,0
South,Online,Fiber,Standard,New,1,1,1,1,1,131.55671524303034,0,0
West,Online,Fiber,Premium,Existing,0,1,1,1,0,91.79937087464492,0,0
South,Phone,Fiber,Standard,New,1,1,0,1,1,162.29645775778468,0,0
East,Online,Fiber,Premium,New,1,1,1,1,0,99.52542556342871,0,0
East,Online,DSL,Standard,New,1,1,1,1,1,145.55048585428358,0,0
North,Online,5G,Basic,New,1,1,1,0,0,103.25355137395276,1,0
East,Store,5G,Premium,Existing,0,1,1,1,1,166.9384049166373,0,0
South,Phone,DSL,Basic,Existing,1,1,1,1,0,199.66189107665846,2,0
West,Store,5G,Premium,New,1,1,1,1,0,150.11599067158102,0,0
North,Phone,Fiber,Basic,New,1,0,1,1,1,165.10963227676348,1,0
South,Store,DSL,Premium,New,1,1,1,1,0,49.182573492966185,0,0
West,Online,Fiber,Basic,New,1,1,1,1,0,182.7733048316204,1,0
North,Store,DSL,Basic,Existing,1,1,1,1,1,173.2830521314859,2,0
East,Store,Fiber,Premium,New,1,0,1,1,0,62.17897988119631,1,0
South,Phone,5G,Premium,Existing,1,1,1,1,0,138.72779478143008,2,0
West,Phone,5G,Standard,Existing,0,1,1,1,0,178.3018105497398,0,0
North,Store,5G,Standard,Existing,1,0,1,1,1,140.7116310955783,0,0
North,Phone,DSL,Premium,New,1,1,0,1,0,181.1731648720434,2,0
East,Phone,5G,Premium,New,1,0,1,0,0,153.663833066412,0,1
West,Phone,DSL,Basic,Existing,1,1,1,1,0,110.36829725564886,0,0
East,Phone,Fiber,Basic,Existing,1,1,0,1,0,193.18684274037972,0,0
East,Phone,5G,Standard,Existing,1,1,1,1,0,187.6152224541232,1,0
West,Store,Fiber,Standard,New,1,0,1,1,1,50.603406421803214,0,0
West,Phone,5G,Standard,New,1,1,1,1,0,65.6884710780187,1,0
West,Online,Fiber,Basic,Existing,1,1,1,1,0,132.67517288769608,0,0
South,Store,DSL,Basic,New,0,1,1,1,0,138.995056095934,1,0
West,Store,5G,Basic,New,1,1,1,1,0,183.9149624961324,1,0
North,Store,DSL,Standard,New,0,1,1,1,0,64.79774419587093,1,0
East,Phone,DSL,Premium,Existing,0,1,1,1,0,100.54047414426415,0,0
South,Online,Fiber,Standard,New,1,1,1,0,1,196.4315960620204,1,0
West,Phone,5G,Basic,New,0,1,1,1,0,177.6197279007098,0,0
South,Store,DSL,Standard,Existing,1,1,1,1,0,185.36994547857316,0,0
West,Store,Fiber,Standard,Existing,1,1,1,1,0,45.05637189418829,1,0
South,Store,Fiber,Standard,New,1,1,1,1,0,75.20933838754003,0,0
East,Store,Fiber,Standard,Existing,1,1,1,1,1,114.11142683035987,0,0
East,Phone,5G,Basic,Existing,1,1,0,0,0,179.79673817891705,2,1
North,Online,5G,Standard,New,1,1,1,0,1,111.40904836549622,1,0
North,Online,Fiber,Basic,Existing,1,1,0,1,0,65.70658175050461,0,0
West,Store,5G,Standard,Existing,1,1,1,1,0,138.11613800413164,0,0
East,Online,Fiber,Basic,New,1,1,1,1,1,182.97964173404893,0,0
South,Store,5G,Premium,New,1,1,1,1,0,50.87890056648911,1,0
South,Store,5G,Basic,New,1,1,1,1,0,119.30093247943157,0,0
South,Online,Fiber,Basic,Existing,1,1,1,1,0,196.82342903347777,1,0
North,Store,Fiber,Premium,New,1,1,1,1,1,52.128464197588954,1,0
South,Online,5G,Premium,Existing,0,1,1,1,1,104.43748051142876,0,0
North,Store,Fiber,Premium,New,1,1,1,1,0,74.98877469294938,1,0
North,Online,Fiber,Premium,New,1,1,0,1,1,58.72340728797349,0,0
West,Store,Fiber,Premium,Existing,1,1,1,1,0,155.78666879068493,2,0
South,Online,Fiber,Premium,Existing,1,1,1,1,1,50.190073315453816,0,0
South,Store,5G,Standard,New,1,1,1,1,0,186.30178236164636,0,0
East,Store,DSL,Standard,Existing,1,0,1,1,1,192.07112193544577,0,0
West,Store,5G,Premium,New,1,1,1,1,1,132.9529208732402,1,0
East,Online,Fiber,Basic,Existing,1,0,1,1,1,139.20575224239107,0,0
West,Phone,Fiber,Basic,New,1,1,0,0,0,185.32919464542235,2,1
South,Store,5G,Premium,New,1,1,0,1,0,131.5205913319905,0,0
North,Store,Fiber,Standard,Existing,1,1,0,1,0,73.31820657936284,1,0
North,Online,5G,Standard,New,1,0,1,1,0,97.38455335613266,0,0
North,Store,DSL,Basic,New,1,1,1,1,1,118.26057861839116,0,0
North,Store,Fiber,Premium,Existing,1,1,1,1,0,153.02687526480818,1,0
North,Store,DSL,Standard,Existing,0,1,1,1,0,114.48487948831578,0,0
East,Store,DSL,Premium,New,0,1,1,1,0,191.61222516283462,0,0
West,Phone,Fiber,Premium,Existing,1,0,1,1,0,135.51142290295553,0,0
South,Phone,Fiber,Basic,New,1,1,1,1,0,126.64274675182178,0,0
East,Store,5G,Premium,New,1,1,1,1,0,164.10640219297903,0,0
West,Store,5G,Premium,Existing,1,0,0,1,0,72.94176197898796,3,1
North,Store,Fiber,Basic,New,1,1,1,1,1,121.25627089916327,3,0
West,Phone,5G,Standard,New,1,1,1,1,0,42.732886540832254,1,0
West,Phone,DSL,Premium,New,1,1,1,0,1,110.65134311541385,2,1
North,Online,DSL,Basic,New,1,1,1,1,1,64.47948578796428,0,0
North,Online,Fiber,Standard,New,0,1,1,1,1,167.80569136757867,0,0
North,Store,5G,Premium,Existing,1,1,0,1,1,100.41115519370419,1,0
South,Store,Fiber,Standard,Existing,0,1,1,1,0,114.88551825543895,0,0
North,Phone,DSL,Basic,New,0,1,1,1,0,45.12326544222789,0,0
South,Store,Fiber,Premium,Existing,1,1,1,1,1,45.36058699851825,0,0
North,Store,Fiber,Basic,Existing,1,1,1,1,0,81.88885584098949,1,0
South,Phone,Fiber,Basic,Existing,1,1,1,1,0,151.9634190366241,0,0
West,Phone,Fiber,Premium,Existing,1,1,1,0,0,160.79613153248664,0,0
East,Phone,DSL,Basic,New,1,1,1,1,1,198.93150761611398,0,0
West,Phone,Fiber,Standard,Existing,1,1,0,1,1,165.32552047482878,0,0
West,Online,Fiber,Basic,Existing,0,1,0,1,1,143.34489596475225,1,0
North,Phone,5G,Premium,Existing,0,1,1,1,0,152.16943891397662,1,0
South,Phone,Fiber,Premium,Existing,1,1,1,1,1,104.11771089676051,2,0
East,Store,5G,Standard,Existing,1,1,1,1,1,194.38234273804628,0,0
North,Store,Fiber,Premium,Existing,1,1,1,0,1,138.7673617640943,2,1
North,Store,5G,Basic,New,1,1,1,1,0,43.02986894632195,1,0
North,Online,Fiber,Basic,Existing,1,1,1,1,1,95.70844810438044,0,0
West,Phone,5G,Premium,Existing,1,0,1,1,0,62.56800595191366,0,0
South,Phone,Fiber,Standard,Existing,1,1,1,1,0,77.70287668552706,2,0
South,Online,Fiber,Standard,Existing,1,1,1,1,0,130.54108279925347,0,0
East,Phone,5G,Premium,New,1,1,1,1,0,110.3569853609498,1,0
South,Store,Fiber,Basic,New,1,1,1,1,0,112.14561602236955,0,0
South,Online,Fiber,Premium,Existing,0,1,1,1,1,108.98445823757353,0,0
North,Phone,Fiber,Premium,Existing,1,1,1,1,0,71.95967716011853,0,0
North,Online,Fiber,Standard,Existing,1,1,1,1,0,57.06142489788468,0,0
West,Online,DSL,Basic,Existing,1,1,1,1,1,109.40519868138227,1,0
North,Phone,Fiber,Standard,New,0,1,1,1,0,83.0611875966423,1,0
North,Store,DSL,Standard,Existing,1,1,0,1,1,89.37729816850788,1,0
North,Phone,DSL,Basic,New,0,1,1,1,0,56.95749990777172,2,0
North,Phone,Fiber,Basic,New,1,1,1,1,1,164.314275041087,0,0
West,Store,5G,Basic,Existing,1,1,1,1,0,49.89378667763315,1,0
North,Phone,5G,Premium,Existing,1,1,0,1,1,152.38106698487914,1,0
East,Phone,Fiber,Basic,New,1,1,1,1,1,141.1343751409916,0,0
East,Phone,DSL,Premium,Existing,1,1,0,1,0,47.26189304454836,1,0
East,Online,5G,Standard,New,1,1,1,1,1,172.6232262686064,0,0
East,Online,Fiber,Basic,Existing,1,1,1,1,0,131.95555471183422,0,0
North,Online,Fiber,Premium,Existing,1,1,1,1,1,155.12799378409386,1,0
East,Phone,DSL,Premium,Existing,0,1,1,1,0,133.77958741509264,2,0
North,Store,5G,Premium,Existing,1,1,1,1,1,78.90618214192352,1,0
West,Online,Fiber,Premium,New,0,1,0,1,0,88.6050199007879,0,0
East,Store,5G,Standard,Existing,1,0,1,0,1,199.56820006260276,1,1
South,Phone,Fiber,Basic,Existing,1,1,0,0,0,169.1371087236939,2,1
East,Online,Fiber,Basic,Existing,0,1,1,1,0,174.1301626430737,0,0
East,Phone,Fiber,Basic,New,1,1,0,1,0,81.43614887228614,0,0
North,Store,DSL,Basic,Existing,0,1,1,1,0,165.1334529530357,1,0
East,Online,DSL,Basic,New,1,1,1,1,0,94.90077932563615,1,0
South,Online,DSL,Basic,New,1,0,1,1,1,92.70161205822392,3,1
North,Online,5G,Premium,Existing,1,1,0,0,0,90.2153683610709,3,1
North,Online,DSL,Basic,New,0,1,1,1,0,57.43054808326556,0,0
West,Store,DSL,Premium,Existing,0,1,0,1,1,56.62604907364246,1,0
West,Online,5G,Standard,Existing,1,1,1,1,1,150.86689119519914,1,0
East,Phone,5G,Premium,Existing,1,1,1,1,0,121.05270557522395,1,0
West,Online,5G,Standard,New,1,1,1,1,0,169.7086046007652,0,0
West,Store,5G,Basic,New,1,1,1,1,0,165.4891852777355,0,0
West,Online,DSL,Standard,New,1,1,1,1,0,94.89942309546676,0,0
North,Store,DSL,Standard,Existing,1,1,1,1,1,61.38308332346382,3,0
North,Store,5G,Premium,Existing,1,1,1,1,0,84.52009532827074,0,0
North,Phone,DSL,Premium,New,1,1,1,1,1,127.39995747277663,2,0
West,Online,Fiber,Standard,New,1,0,1,1,1,168.14611474559044,1,0
North,Online,DSL,Standard,Existing,1,1,0,1,0,111.34624447945907,1,0
West,Online,Fiber,Basic,New,1,1,1,1,0,135.02928382997135,2,0
North,Phone,5G,Premium,Existing,1,1,1,1,0,128.56271516535375,1,0
North,Phone,5G,Standard,Existing,1,1,1,1,0,74.4211021265649,1,0
South,Store,DSL,Premium,New,1,1,0,1,0,110.2589431414463,0,0
East,Store,5G,Basic,Existing,1,1,1,1,1,146.1882377458078,3,0
West,Store,DSL,Basic,Existing,1,1,1,1,0,48.01055189595001,1,0
South,Phone,DSL,Standard,New,1,1,1,1,0,136.16337215128564,1,0
North,Phone,DSL,Basic,New,1,1,1,1,0,183.9038213759957,1,0
West,Phone,DSL,Standard,New,0,1,1,1,0,186.27343701486032,0,0
North,Store,Fiber,Premium,Existing,1,1,1,1,1,176.1636459719655,1,0
East,Phone,Fiber,Premium,Existing,1,1,0,1,0,75.17057197137296,0,0
South,Store,5G,Standard,New,1,1,0,1,1,177.43096873081814,0,0
East,Store,Fiber,Standard,Existing,1,1,1,1,0,57.79686144793723,3,0
South,Online,5G,Standard,New,1,1,1,1,0,91.6417976824209,0,0
North,Online,5G,Premium,Existing,1,1,1,1,0,103.53090703011425,0,0
East,Online,DSL,Premium,Existing,1,1,0,1,1,72.96505898274606,0,0
East,Store,DSL,Basic,Existing,1,0,0,1,0,179.8201082244284,0,1
North,Online,DSL,Basic,Existing,0,1,1,1,0,157.79005204345538,0,0
East,Online,DSL,Premium,Existing,1,1,1,1,1,154.28084946145512,0,0
West,Online,DSL,Premium,New,0,1,1,1,1,188.38590442125474,0,0
South,Phone,DSL,Standard,New,1,1,1,1,1,161.77131185118702,0,0
South,Store,Fiber,Premium,Existing,1,1,1,0,1,108.44990527275384,1,0
South,Online,5G,Premium,New,1,1,1,1,0,61.282176736495764,1,0
West,Phone,5G,Basic,New,1,1,1,1,0,172.5075833665347,0,0
South,Phone,DSL,Basic,Existing,1,1,1,1,0,154.17462717683676,1,0
North,Phone,Fiber,Standard,Existing,1,1,1,0,1,136.89579324525624,1,0
East,Online,DSL,Basic,Existing,1,1,0,1,1,159.2204104069479,1,0
West,Phone,Fiber,Standard,New,1,1,1,1,0,160.7996656094277,0,0
South,Store,Fiber,Premium,New,1,1,0,1,0,158.82920449138328,5,0
North,Phone,5G,Premium,New,1,1,1,1,0,112.65293742151586,0,0
East,Phone,5G,Standard,Existing,0,1,1,1,1,125.50960700244846,0,0
East,Phone,Fiber,Basic,Existing,0,1,1,1,0,168.51428319681912,1,0
West,Phone,5G,Basic,Existing,1,1,0,1,0,188.64055872585996,2,0
West,Store,Fiber,Premium,Existing,1,1,1,1,0,122.53384274924939,0,0
West,Online,Fiber,Basic,Existing,1,1,1,1,0,150.88561452556232,1,0
North,Store,Fiber,Standard,New,1,1,1,1,0,121.16019209428882,1,0
North,Store,5G,Premium,New,1,1,1,1,1,106.70428977024875,1,0
West,Online,DSL,Basic,New,0,1,1,1,0,164.9229027095504,1,0
South,Phone,5G,Premium,Existing,0,1,1,1,1,63.638994077227565,1,0
East,Online,DSL,Premium,Existing,1,1,1,1,0,111.14689263902048,0,0
East,Online,5G,Basic,New,1,1,0,1,0,134.1552173942519,1,0
North,Store,5G,Standard,New,1,0,0,1,0,153.26516959708198,0,1
East,Online,DSL,Basic,Existing,1,1,1,1,1,181.48811831218853,1,0
South,Phone,Fiber,Basic,New,1,1,1,1,1,65.81378146270721,1,0
East,Store,DSL,Basic,Existing,1,1,1,1,0,106.29317177673596,0,0
North,Phone,Fiber,Basic,New,1,1,1,1,0,76.36089299562644,2,0
North,Store,Fiber,Basic,New,1,1,1,1,1,127.72469459424465,3,0
South,Phone,5G,Basic,New,1,1,1,1,1,72.72145348463874,1,0
South,Online,5G,Standard,New,1,1,1,1,1,78.36791226253092,2,0
East,Online,5G,Premium,Existing,1,1,1,1,1,59.41951773476809,1,0
East,Online,5G,Standard,Existing,1,1,1,1,0,130.3979921495845,1,0
North,Phone,5G,Basic,Existing,1,1,1,1,0,168.15714939859743,1,0
South,Store,DSL,Standard,New,1,1,1,1,1,60.046204438629154,1,0
South,Store,DSL,Premium,Existing,1,1,0,0,1,166.96394776280104,0,1
South,Store,DSL,Standard,New,1,1,1,1,0,194.42844532903985,1,0
East,Online,DSL,Basic,Existing,1,1,1,1,1,116.46049481960983,0,0
South,Phone,5G,Premium,New,1,1,1,1,0,125.581358186896,1,0
North,Store,DSL,Basic,Existing,1,1,1,1,1,161.93266796967308,1,0
North,Phone,DSL,Basic,Existing,1,1,1,1,1,160.19087750715295,1,0
East,Store,Fiber,Premium,New,1,1,0,1,0,57.29287537783796,3,0
West,Online,5G,Premium,Existing,1,0,1,1,1,172.5304548962106,1,0
East,Phone,DSL,Basic,New,1,1,1,1,0,57.491303472222,1,0
West,Store,DSL,Standard,New,1,1,1,1,0,130.60906411284054,0,0
South,Store,DSL,Premium,New,1,1,1,1,1,120.42915133709728,1,0
East,Store,5G,Standard,Existing,1,1,1,1,1,172.37492292082067,2,0
North,Store,DSL,Standard,Existing,0,1,1,1,0,61.70349564487046,0,0
South,Online,Fiber,Premium,Existing,1,0,1,1,0,143.18084378677995,1,0
North,Store,5G,Standard,Existing,1,1,0,1,1,183.18588135598813,0,0
South,Store,Fiber,Premium,Existing,1,1,1,1,0,128.3704920726737,0,0
East,Online,5G,Premium,New,0,1,1,1,1,178.55271741315653,0,0
West,Store,DSL,Premium,Existing,1,1,1,1,1,181.350541533092,1,0
South,Phone,5G,Premium,Existing,1,1,1,1,0,80.45735779128916,1,0
West,Phone,5G,Standard,Existing,1,1,0,1,1,180.783768935355,2,0
South,Store,5G,Standard,New,1,1,1,1,0,149.16992511099963,1,0
North,Online,Fiber,Premium,New,0,1,1,1,0,177.68345006514008,1,0
North,Online,5G,Premium,New,1,1,1,1,0,82.29864317537319,0,0
South,Online,DSL,Premium,New,1,1,1,0,0,100.58050132007084,0,0
West,Store,5G,Premium,Existing,1,1,1,1,0,136.44928801688297,0,0
East,Store,5G,Basic,New,1,0,0,1,0,160.6292595239068,0,1
East,Phone,DSL,Standard,Existing,1,1,1,0,0,197.22278922255077,2,1
North,Online,DSL,Standard,Existing,0,1,1,1,0,50.94198105727705,1,0
East,Store,Fiber,Premium,Existing,1,1,1,1,0,126.67246826625416,0,0
North,Store,DSL,Basic,New,1,1,1,1,0,127.68640402344091,0,0
East,Store,DSL,Basic,Existing,1,1,1,1,0,184.94967843583441,2,0
South,Online,DSL,Basic,New,1,1,1,1,1,77.74761582019443,0,0
North,Online,5G,Premium,New,1,1,1,1,0,65.4847852223785,0,0
North,Phone,Fiber,Basic,New,1,1,1,1,1,117.18973508304471,0,0
South,Online,DSL,Premium,New,1,1,0,1,0,156.1678799188996,2,0
North,Store,DSL,Basic,New,1,1,0,1,1,195.5106580385141,0,0
East,Phone,DSL,Premium,New,1,1,1,1,1,131.48803531570286,1,0
East,Online,5G,Premium,New,1,1,1,1,0,156.0802875467728,1,0
North,Online,5G,Standard,Existing,1,1,1,1,0,84.54303447526875,1,0
East,Online,Fiber,Premium,New,0,1,0,1,0,148.22832130696992,2,1
West,Online,Fiber,Basic,Existing,1,1,1,1,1,78.81749505276277,1,0
North,Store,5G,Standard,New,1,1,1,1,0,119.29236091059084,1,0
South,Online,DSL,Basic,Existing,1,1,1,1,0,47.45029968033256,1,0
West,Store,DSL,Premium,Existing,1,0,1,1,1,91.76174087083288,3,1
North,Store,Fiber,Standard,Existing,1,1,0,1,0,165.08544253674864,2,0
South,Store,DSL,Premium,Existing,1,1,0,1,0,50.85319365115487,0,0
East,Phone,5G,Premium,New,1,1,0,0,0,90.96364654844054,0,1
South,Store,Fiber,Basic,Existing,1,1,1,1,0,67.31176193361648,1,0
West,Online,5G,Basic,New,1,1,1,1,1,140.39519102990278,0,0
East,Phone,5G,Basic,New,1,1,1,1,0,159.0039581154817,1,0
North,Online,DSL,Standard,New,0,1,1,1,1,57.586623367490205,2,0
East,Store,5G,Basic,Existing,1,1,1,1,1,123.67722903441694,1,0
North,Online,5G,Premium,New,1,1,1,1,1,149.03386213353147,1,0
North,Phone,DSL,Standard,Existing,1,1,1,1,1,198.38272240039618,1,0
South,Phone,5G,Basic,New,1,1,1,0,1,74.85611932837145,1,0
South,Online,DSL,Basic,Existing,1,1,1,0,1,51.767352928073635,2,1
South,Online,5G,Basic,New,1,1,1,0,0,81.2626945732397,1,0
West,Online,DSL,Premium,Existing,1,1,1,1,0,129.71743532468793,0,0
West,Phone,DSL,Basic,Existing,1,1,0,1,0,141.3045591286068,3,0
South,Store,Fiber,Premium,New,1,0,1,1,0,100.58676124477401,1,0
West,Online,5G,Standard,New,1,0,1,1,0,109.42758021866359,0,0
East,Store,5G,Basic,Existing,1,1,1,1,1,127.66588886107567,1,0
East,Phone,Fiber,Premium,Existing,1,1,1,0,0,64.88370109790347,0,0
West,Online,DSL,Basic,Existing,1,1,1,1,0,193.9009811030847,0,0
West,Online,DSL,Basic,Existing,0,1,1,1,0,147.71012576544047,0,0
East,Phone,Fiber,Standard,Existing,1,1,1,1,0,123.39521731630114,0,0
North,Online,Fiber,Standard,Existing,1,1,1,1,0,157.1252113286664,0,0
East,Store,DSL,Premium,New,1,1,1,1,1,55.84198532021688,1,0
East,Phone,DSL,Premium,New,1,1,1,1,0,165.85994605827892,1,0
West,Phone,Fiber,Premium,Existing,1,1,1,1,0,70.83768550076785,0,0
East,Online,5G,Standard,New,1,1,1,1,0,52.81374624340182,0,0
West,Phone,DSL,Premium,Existing,1,1,1,1,1,181.54494271233494,1,0
West,Online,Fiber,Standard,New,1,1,0,1,0,152.40607545476053,0,0
South,Online,5G,Standard,Existing,0,1,1,1,0,46.131244432013716,0,0
East,Phone,5G,Basic,Existing,0,1,1,1,1,189.05128948198626,1,0
North,Online,5G,Basic,New,1,1,1,1,0,199.68482919480377,1,0
South,Store,5G,Premium,New,1,1,1,1,0,138.96500710223387,0,0
West,Store,Fiber,Standard,New,1,1,1,1,0,63.42863691042535,0,0
West,Online,DSL,Standard,Existing,1,1,1,0,0,122.58706923347403,1,0
North,Store,5G,Standard,New,0,1,1,1,1,148.38670915615384,1,0
West,Online,5G,Basic,Existing,1,1,1,1,0,69.61446307813011,0,0
East,Store,Fiber,Standard,New,0,1,1,1,0,101.97213121385367,0,0
South,Phone,5G,Premium,New,0,1,1,1,0,57.42419595408549,0,0
West,Online,Fiber,Premium,New,0,1,1,1,0,132.9087150631297,0,0
West,Online,Fiber,Basic,Existing,1,1,1,1,0,94.95528999221806,0,0
North,Online,DSL,Premium,Existing,1,0,1,1,0,96.43226878183091,2,1
East,Online,5G,Standard,New,1,1,0,1,0,113.588144119677,0,0
West,Online,DSL,Standard,Existing,1,1,1,1,0,80.46955901928256,1,0
North,Online,Fiber,Premium,Existing,1,0,1,1,1,138.6947541942146,0,0
West,Phone,5G,Basic,New,0,1,1,1,1,147.46277804708882,1,0
North,Phone,Fiber,Standard,New,1,1,1,1,1,80.1722962672619,0,0
North,Store,Fiber,Standard,New,1,1,0,1,0,163.28231330347035,1,0
East,Online,Fiber,Basic,New,1,1,1,1,1,48.574645894036536,0,0
West,Store,5G,Standard,Existing,1,0,1,1,0,150.68633320464858,0,0
East,Store,Fiber,Premium,New,1,1,1,1,1,109.55716628380219,1,0
North,Phone,Fiber,Premium,Existing,0,1,1,1,1,139.48077329583973,0,0
South,Store,5G,Basic,New,1,1,1,1,0,103.6800941693442,0,0
West,Phone,DSL,Basic,New,1,1,1,1,0,100.44206165058347,0,0
South,Store,Fiber,Premium,New,1,1,1,1,0,62.9961845363063,0,0
West,Online,DSL,Basic,New,1,1,1,1,1,154.05124251552166,0,0
East,Store,DSL,Premium,New,1,1,1,1,0,88.01765110108887,1,0
East,Phone,DSL,Basic,New,1,1,1,1,1,108.85224534683448,0,0
East,Phone,DSL,Premium,Existing,1,1,1,1,0,161.31175996238812,2,0
East,Phone,DSL,Standard,Existing,1,1,1,1,0,76.79460326996697,1,0
East,Store,DSL,Standard,Existing,1,1,1,1,0,112.12190602382817,1,0
South,Store,5G,Premium,Existing,1,1,1,1,1,91.07109874393744,0,0
East,Phone,5G,Standard,Existing,1,1,0,1,0,154.44222067676276,0,0
North,Online,DSL,Premium,Existing,1,1,1,1,0,194.01065061991662,0,0
North,Online,5G,Basic,Existing,1,1,1,1,1,192.0882231870758,1,0
South,Store,5G,Standard,New,1,0,1,1,0,119.52732611580788,1,0
West,Store,DSL,Standard,Existing,1,1,1,1,0,67.04059594695178,0,0
North,Phone,DSL,Standard,New,1,1,1,1,1,194.57731598554426,1,0
West,Store,Fiber,Premium,Existing,1,0,0,1,1,182.58416534506415,0,1
South,Store,5G,Standard,Existing,1,1,1,1,0,65.35977359083189,0,0
West,Phone,DSL,Basic,New,1,1,1,1,0,83.73354896372203,1,0
West,Phone,5G,Standard,New,1,1,1,1,1,57.75823069334969,1,0
West,Store,5G,Basic,New,0,1,1,1,0,192.96474376265007,1,0
West,Online,5G,Standard,New,1,1,0,1,0,51.32588675112247,0,0
South,Store,Fiber,Standard,New,1,1,0,1,1,103.08204990411078,0,0
North,Online,DSL,Basic,Existing,1,1,1,1,1,174.0754689546543,1,0
East,Online,5G,Standard,New,1,1,1,1,0,126.89249947167698,0,0
West,Online,DSL,Basic,New,1,0,1,1,1,122.62565163477022,2,1
North,Phone,5G,Basic,New,0,1,1,1,0,101.3059370257585,1,0
North,Phone,DSL,Basic,Existing,1,1,0,1,1,41.419365411992146,0,0
South,Phone,DSL,Standard,New,1,1,0,1,0,63.88623830007374,1,0
North,Store,DSL,Standard,New,1,1,1,1,0,132.38544238639432,0,0
South,Phone,5G,Basic,New,0,1,1,1,1,168.3587858241526,0,0
West,Phone,Fiber,Standard,Existing,1,0,1,1,0,143.52520771219287,1,0
West,Store,DSL,Premium,New,0,1,0,1,1,161.58434489729171,0,0
East,Store,Fiber,Basic,Existing,1,1,1,1,0,73.02470507106462,0,0
East,Online,DSL,Basic,Existing,1,1,0,1,1,129.98594759033494,0,0
East,Store,Fiber,Premium,New,1,1,1,1,1,99.3436451041898,0,0
North,Store,DSL,Premium,Existing,1,1,1,1,0,93.49377467204158,0,0
West,Phone,Fiber,Basic,Existing,1,1,1,1,0,107.93789019678327,0,0
South,Online,DSL,Premium,Existing,1,1,1,1,0,179.41729576351636,0,0
East,Online,DSL,Basic,Existing,1,1,1,1,1,181.60779281004073,1,0
South,Store,Fiber,Standard,Existing,1,1,1,1,0,166.13777120707596,2,0
South,Phone,DSL,Premium,Existing,0,1,1,1,1,100.14129655493048,0,0
East,Phone,5G,Basic,New,1,0,0,1,0,43.904478322993015,1,1
West,Phone,DSL,Basic,Existing,1,1,1,1,1,98.73486589415855,1,0
East,Phone,DSL,Basic,Existing,1,1,1,0,0,172.09056944244855,2,1
South,Store,5G,Premium,New,1,1,1,1,0,55.69244979651431,1,0
East,Phone,5G,Standard,Existing,0,1,1,1,1,146.96353790386416,0,0
South,Online,5G,Standard,New,1,1,1,1,1,177.4219530196591,1,0
South,Online,Fiber,Premium,New,1,1,0,1,1,114.86303362977776,0,0
East,Store,5G,Basic,Existing,1,1,1,1,1,46.76436619079412,0,0
North,Phone,Fiber,Basic,Existing,1,1,1,0,1,120.4914447204429,1,0
East,Phone,5G,Basic,Existing,1,1,0,1,0,150.80950652924886,0,0
North,Phone,Fiber,Premium,New,1,1,1,1,1,145.03493342562194,0,0
South,Phone,5G,Premium,Existing,1,0,1,1,0,121.9080832183033,0,0
South,Store,5G,Basic,New,0,1,0,1,0,136.45496596029494,2,1
North,Phone,DSL,Basic,Existing,1,1,1,1,0,84.28148639397051,1,0
South,Store,5G,Basic,Existing,0,1,1,1,0,73.97411733436826,0,0
North,Phone,DSL,Premium,Existing,1,1,1,1,0,181.83312967348843,2,0
North,Phone,5G,Premium,New,1,1,1,1,1,86.16601403662608,2,0
South,Online,5G,Standard,New,1,1,1,1,1,150.78786625946134,1,0
West,Store,DSL,Basic,Existing,1,1,1,1,0,69.41887293995325,1,0
North,Online,DSL,Basic,New,1,1,1,1,1,108.80826045052275,3,0
East,Store,Fiber,Standard,Existing,1,1,1,1,1,62.68032903515385,2,0
East,Phone,DSL,Basic,New,1,1,1,1,0,87.13118838756911,1,0
South,Phone,Fiber,Standard,New,1,1,1,0,1,68.69249953724037,0,0
West,Store,5G,Premium,Existing,1,0,1,1,0,192.9253768591473,0,0
South,Online,DSL,Standard,Existing,1,1,1,0,0,42.534143250009095,1,0
West,Store,DSL,Standard,New,0,1,1,0,1,95.62725441420918,2,1
North,Store,5G,Premium,New,1,1,1,1,0,140.70584370025375,2,0
North,Phone,5G,Basic,New,1,1,1,1,1,180.53049422330164,1,0
North,Online,5G,Standard,Existing,1,1,1,1,1,199.4373675710311,2,0
North,Store,5G,Standard,Existing,1,0,0,1,0,137.39905990546356,0,1
East,Online,DSL,Basic,New,1,1,1,1,0,186.89659266347866,0,0
East,Online,5G,Standard,Existing,1,0,1,1,0,191.7619715724992,2,1
South,Store,5G,Premium,New,1,1,1,1,1,125.91301821931691,0,0
West,Online,DSL,Standard,Existing,1,1,1,1,1,58.53776664349841,1,0
North,Phone,Fiber,Basic,Existing,0,0,1,0,0,120.29385092615234,0,1
North,Phone,DSL,Basic,New,0,1,1,1,1,117.43978192756114,0,0
West,Phone,Fiber,Standard,Existing,0,1,0,1,0,127.68613813510648,0,0
West,Phone,5G,Basic,New,1,0,1,1,1,96.41170577271501,1,0
South,Online,DSL,Basic,Existing,1,1,1,1,1,146.97449125129847,0,0
West,Phone,5G,Standard,New,1,1,1,1,0,114.37108361693276,0,0
North,Store,DSL,Standard,Existing,1,1,1,1,1,131.39288586774308,1,0
North,Phone,Fiber,Basic,Existing,1,1,1,0,0,88.28138820986419,0,0
North,Store,DSL,Standard,Existing,1,1,1,1,0,110.44334320417826,0,0
North,Store,5G,Premium,New,0,0,1,1,0,154.13844861982318,1,1
North,Phone,DSL,Standard,New,1,1,1,0,1,57.17215620129693,3,1
South,Phone,5G,Basic,Existing,1,1,1,0,0,168.184673542134,0,0
North,Online,DSL,Premium,Existing,1,0,1,1,0,107.69911953982337,3,1
South,Store,Fiber,Basic,New,0,1,1,0,0,196.02193747672268,1,1
North,Phone,DSL,Basic,New,1,1,0,1,0,124.9997312701816,1,0
East,Online,DSL,Premium,Existing,0,1,1,1,0,49.08960606950444,2,0
East,Phone,DSL,Standard,Existing,0,1,1,1,0,121.78653247049483,0,0
East,Phone,DSL,Basic,New,1,1,1,1,0,124.66640343626187,0,0
East,Phone,Fiber,Standard,New,0,1,0,1,1,146.61999521391252,0,0
South,Store,5G,Standard,New,1,1,1,1,0,66.34305295974919,1,0
South,Phone,DSL,Premium,Existing,1,1,1,1,1,116.26897423837494,0,0
West,Online,DSL,Basic,Existing,1,1,1,1,1,101.93221278194292,0,0
North,Phone,DSL,Premium,New,0,1,1,1,1,186.8019812754236,0,0
East,Phone,Fiber,Premium,New,1,1,1,1,0,87.37048839879733,1,0
South,Online,5G,Basic,Existing,1,1,1,1,0,42.910799354344356,1,0
North,Online,5G,Basic,Existing,1,1,1,0,0,119.56573714343408,0,0
North,Store,DSL,Premium,Existing,1,1,1,1,1,194.04709137229122,0,0
South,Store,DSL,Premium,Existing,1,1,1,1,0,142.78973464202096,0,0
East,Store,5G,Premium,New,0,1,1,1,0,136.13034027717717,1,0
West,Store,DSL,Basic,Existing,1,1,1,1,0,173.16770174404093,2,0
North,Online,DSL,Basic,Existing,1,1,1,1,0,64.82390990997517,1,0
West,Phone,DSL,Premium,Existing,1,1,0,1,0,96.5959859789385,0,0
East,Phone,Fiber,Basic,New,1,1,1,1,0,73.33258141125044,1,0
East,Phone,Fiber,Basic,New,1,1,1,1,0,101.4776455684668,0,0
West,Store,5G,Basic,New,1,1,0,1,0,48.99311870852653,0,0
East,Online,Fiber,Standard,Existing,0,1,0,1,1,105.66532225738526,1,0
North,Online,Fiber,Standard,Existing,1,1,1,1,0,63.667997123637306,1,0
West,Online,5G,Premium,Existing,1,1,1,1,0,139.31808736646735,0,0
East,Phone,Fiber,Standard,Existing,0,0,1,1,1,116.85366060093052,0,1
West,Store,5G,Premium,New,1,1,1,0,1,146.81021998106436,0,0
North,Online,DSL,Premium,Existing,1,1,1,0,0,110.65419394603717,0,0
East,Store,5G,Basic,New,1,1,1,1,0,140.19581783017088,1,0
North,Online,5G,Premium,Existing,1,1,1,1,0,55.96862612723642,1,0
East,Store,5G,Premium,Existing,1,1,1,1,0,66.39584481838202,0,0
South,Online,DSL,Premium,Existing,1,1,1,1,0,194.7766352346718,4,0
East,Store,DSL,Premium,Existing,1,1,1,1,0,174.43060755423886,2,0
West,Online,DSL,Basic,Existing,1,1,1,1,0,129.4330322093907,1,0
East,Online,5G,Basic,Existing,1,1,1,1,0,199.7926653289502,1,0
North,Store,5G,Premium,New,1,1,1,1,0,45.74847526275859,0,0
North,Store,5G,Standard,New,1,1,1,0,0,196.455605444707,0,0
East,Phone,5G,Standard,New,1,1,1,1,0,49.585214171808616,1,0
West,Store,5G,Premium,New,1,1,1,1,1,142.79129225215934,1,0
South,Online,5G,Basic,New,1,0,1,1,0,133.3515422579199,1,0
West,Online,5G,Premium,Existing,0,1,1,1,1,180.05404054591756,0,0
South,Store,Fiber,Premium,Existing,1,1,1,1,1,133.4339502728731,0,0
North,Phone,DSL,Basic,New,1,1,1,1,0,75.32968769356913,0,0
West,Store,Fiber,Standard,Existing,0,1,1,1,1,74.45608944316383,0,0
South,Online,DSL,Premium,Existing,1,0,0,1,0,157.42091343210464,1,1
East,Online,5G,Basic,Existing,1,1,1,1,1,173.4811793405994,0,0
North,Phone,Fiber,Basic,Existing,1,1,1,0,1,117.77546518442718,0,0
East,Store,5G,Premium,New,1,1,1,1,1,169.0299190143833,0,0
North,Online,Fiber,Basic,Existing,1,1,0,1,0,65.02250276132341,2,0
West,Online,Fiber,Premium,New,1,1,1,1,0,125.10413148418506,1,0
West,Online,5G,Standard,New,1,1,1,1,1,116.46728235130078,0,0
North,Store,Fiber,Premium,Existing,1,1,1,1,0,172.68689790808116,0,0
North,Store,Fiber,Standard,Existing,1,1,1,1,0,187.05648217740418,0,0
North,Phone,DSL,Basic,Existing,1,1,1,1,0,58.126869752706796,0,0
West,Online,5G,Premium,New,1,1,1,1,0,133.22550685284023,1,0
South,Online,5G,Basic,Existing,1,1,0,1,1,106.56461107221597,1,0
East,Phone,Fiber,Premium,New,0,1,1,1,0,116.31078964356843,0,0
East,Online,5G,Basic,Existing,1,1,1,1,0,173.46413148960391,2,0
West,Phone,DSL,Standard,New,1,1,1,0,1,147.3386020738037,2,1
East,Phone,DSL,Premium,New,1,1,1,1,0,121.28460962574123,2,0
North,Online,5G,Basic,New,1,1,0,0,1,129.88102762226296,0,1
South,Store,5G,Premium,New,1,1,1,1,1,176.71536716888735,0,0
East,Store,DSL,Premium,New,1,1,1,1,1,173.93689905933226,0,0
South,Store,5G,Standard,New,1,1,1,1,0,94.75689579683937,0,0
North,Store,Fiber,Basic,New,0,0,1,1,0,58.130872529133235,2,1
East,Online,5G,Premium,Existing,1,1,1,1,0,65.06507560876223,1,0
West,Phone,Fiber,Premium,New,1,1,1,1,0,91.59064614405487,1,0
South,Phone,DSL,Premium,Existing,1,1,1,1,1,194.46779429746567,0,0
North,Online,5G,Premium,Existing,1,1,1,1,0,189.14371486498115,0,0
South,Store,DSL,Premium,Existing,1,1,0,1,1,184.20297095727338,0,0
East,Phone,5G,Basic,New,1,1,1,1,0,130.1938740356041,0,0
East,Online,Fiber,Premium,New,1,1,1,1,1,119.66418526387963,1,0
West,Online,5G,Premium,Existing,1,1,1,1,0,79.8194279907525,0,0
North,Store,DSL,Premium,New,1,1,0,1,1,148.56659414298358,1,0
North,Online,Fiber,Basic,New,1,1,1,1,0,180.93105488078623,0,0
West,Phone,5G,Premium,Existing,1,1,1,1,1,174.51208586694497,1,0
West,Phone,DSL,Premium,Existing,1,0,1,1,0,161.7005154815955,0,0
North,Online,DSL,Standard,Existing,1,1,0,1,0,79.0429965265922,0,0
South,Phone,5G,Standard,Existing,1,1,1,1,0,132.1520194992702,1,0
South,Online,DSL,Premium,Existing,1,1,1,1,0,75.98826638670488,0,0
West,Phone,Fiber,Premium,Existing,1,1,1,1,1,168.61231764876203,0,0
South,Store,5G,Standard,Existing,0,1,1,1,0,187.5636655232965,1,0
North,Phone,Fiber,Basic,New,0,1,1,1,0,190.05481140121003,1,0
East,Store,DSL,Basic,New,1,1,1,1,0,187.21112618406553,1,0
East,Store,DSL,Standard,New,1,1,1,1,0,85.58799292912934,0,0
South,Online,DSL,Premium,Existing,0,1,1,1,1,73.56891115108054,0,0
West,Store,Fiber,Standard,New,0,1,0,1,0,53.19204587309622,1,0
West,Phone,DSL,Basic,Existing,1,1,1,1,0,159.8759395279483,0,0
West,Phone,5G,Standard,Existing,1,1,1,1,1,193.9339034993642,1,0
West,Store,5G,Basic,Existing,1,1,1,0,1,59.028713260347004,1,0
West,Online,DSL,Premium,New,1,0,1,1,0,116.42426616201355,1,0
South,Store,5G,Premium,Existing,1,1,0,1,0,83.68553636098552,0,0
East,Phone,Fiber,Premium,Existing,1,1,1,1,0,156.71300970306632,1,0
East,Phone,Fiber,Basic,Existing,0,1,0,0,1,178.32109179704156,0,1
South,Store,DSL,Standard,New,1,1,1,1,0,96.12968208340462,3,0
West,Store,5G,Premium,New,1,1,1,1,0,149.4727159493729,1,0
South,Store,5G,Basic,Existing,1,1,1,1,1,103.74755702951956,0,0
East,Phone,DSL,Premium,Existing,1,1,1,1,0,191.78278101640072,0,0
North,Phone,Fiber,Standard,Existing,1,1,0,1,0,40.34400331420835,0,0
South,Phone,DSL,Premium,New,1,1,1,1,1,162.94363095934253,0,0
West,Online,5G,Basic,Existing,1,1,1,1,1,46.90857299694393,1,0
East,Phone,5G,Basic,Existing,1,1,0,1,0,155.9873910112693,0,0
East,Phone,DSL,Premium,New,1,1,1,1,0,191.99366784421903,0,0
East,Online,Fiber,Premium,New,1,1,0,1,1,181.62950849641382,3,0
East,Online,Fiber,Basic,New,1,1,1,1,1,59.01309418815227,1,0
West,Online,DSL,Premium,New,1,1,1,1,0,51.627120328039865,0,0
North,Online,5G,Premium,New,1,1,0,1,1,187.05077735916564,0,0
East,Online,Fiber,Premium,New,1,1,1,1,0,83.91789421337272,1,0
South,Online,DSL,Standard,Existing,0,1,1,1,0,68.16146587559898,0,0
North,Store,5G,Standard,New,1,0,0,1,0,77.3266537143084,0,1
East,Store,Fiber,Standard,New,1,1,1,1,0,125.73173490155983,0,0
North,Store,Fiber,Premium,Existing,0,1,1,1,0,50.87961155456205,0,0
South,Store,DSL,Basic,Existing,0,1,1,1,0,44.22469088691949,1,0
East,Phone,5G,Premium,Existing,1,1,0,1,0,133.82091393433984,1,0
South,Online,Fiber,Premium,New,0,1,0,1,0,109.85507803904939,0,0
West,Phone,DSL,Standard,New,1,0,1,0,0,183.87116239309708,0,1
East,Online,Fiber,Basic,New,1,1,1,1,1,129.3743490867048,1,0
East,Online,5G,Standard,New,1,1,1,1,0,133.0575668212171,0,0
East,Phone,Fiber,Basic,New,1,1,1,1,0,187.03557703559437,0,0
East,Store,5G,Premium,Existing,1,1,1,1,0,55.16509059995491,1,0
West,Phone,Fiber,Premium,Existing,0,1,1,1,0,113.33529559205414,0,0
East,Phone,Fiber,Premium,New,1,1,1,1,0,104.40028194179854,0,0
North,Online,DSL,Basic,New,0,1,1,1,1,164.97617849542206,1,0
East,Online,Fiber,Standard,Existing,1,1,1,1,1,107.20295709671367,0,0
West,Online,5G,Standard,New,1,1,1,1,1,117.41311349415116,1,0
East,Store,DSL,Standard,Existing,1,1,1,0,0,115.42830653642346,0,0
North,Phone,5G,Basic,Existing,1,1,1,1,1,166.66107206806322,1,0
West,Phone,5G,Basic,Existing,1,1,0,0,1,147.6216437806964,0,1
West,Store,DSL,Premium,Existing,1,1,1,1,1,108.28850348780719,0,0
North,Phone,5G,Standard,Existing,1,1,1,1,0,51.44719415113453,1,0
North,Phone,Fiber,Basic,Existing,1,1,1,1,0,173.4598136579583,0,0
North,Online,DSL,Standard,Existing,1,1,1,0,1,198.87081318186873,0,0
North,Store,Fiber,Standard,Existing,1,0,1,1,0,158.97996039236745,2,1
North,Online,Fiber,Basic,New,1,1,1,1,0,109.24349673587565,0,0
West,Store,5G,Basic,Existing,1,1,1,1,1,102.9718350360482,0,0
West,Online,5G,Premium,Existing,1,1,1,1,1,135.63091096456586,1,0
East,Phone,Fiber,Premium,Existing,0,1,1,1,0,74.19299186711088,1,0
East,Store,DSL,Premium,Existing,1,1,1,1,0,65.05804455213766,1,0
South,Store,Fiber,Standard,Existing,1,1,0,1,1,58.00710516810126,0,0
East,Online,Fiber,Standard,New,1,0,1,1,1,195.0381005066048,0,0
East,Store,5G,Premium,Existing,1,1,1,1,0,145.59068767851107,1,0
North,Phone,5G,Standard,New,1,1,1,1,0,128.88028871913133,0,0
North,Phone,Fiber,Standard,Existing,1,1,1,1,0,181.23217635706445,1,0
East,Phone,Fiber,Standard,Existing,1,1,1,1,0,92.62385624303988,0,0
South,Online,5G,Standard,New,1,1,1,1,0,121.57574077784844,1,0
North,Store,Fiber,Basic,New,1,1,0,1,0,62.521861153205634,1,0
East,Online,5G,Basic,Existing,1,1,1,1,0,137.00774558225928,2,0
East,Phone,Fiber,Premium,Existing,1,1,1,1,0,183.73369950042192,1,0
West,Store,DSL,Premium,New,0,1,1,1,0,159.49461763338357,1,0
South,Phone,DSL,Standard,New,1,1,1,1,0,131.6811975193851,1,0
West,Store,Fiber,Standard,Existing,1,1,1,1,0,123.28088207175779,2,0
South,Store,5G,Basic,New,1,0,0,1,1,136.2891636679834,1,1
North,Online,Fiber,Standard,New,1,1,1,1,1,140.59338588822197,1,0
South,Store,Fiber,Standard,New,1,1,1,1,0,138.00822205613466,0,0
East,Phone,5G,Premium,New,1,1,1,1,0,114.70713149226208,0,0
East,Store,Fiber,Standard,New,1,1,1,1,0,140.13745089467528,0,0
South,Phone,5G,Basic,Existing,1,0,1,1,0,123.34188569637928,0,0
South,Online,Fiber,Standard,Existing,1,1,1,1,0,107.55828975772054,1,0
South,Phone,5G,Standard,Existing,0,0,1,1,1,123.50013613398815,0,1
West,Store,Fiber,Standard,Existing,1,1,1,1,0,171.2472281461222,1,0
South,Phone,DSL,Standard,Existing,0,1,1,1,0,185.17911577178643,1,0
North,Phone,5G,Standard,Existing,1,1,1,1,0,142.17897926101728,0,0
West,Store,DSL,Basic,New,0,0,0,0,1,177.87822853210943,1,1
West,Phone,5G,Premium,New,1,1,1,1,1,40.71166402584274,0,0
South,Store,5G,Standard,New,1,1,0,1,1,190.5001124532244,0,0
North,Online,5G,Premium,Existing,1,1,1,1,1,41.28696625281039,2,0
West,Phone,5G,Premium,New,0,1,1,1,0,189.6034296281321,0,0
East,Online,Fiber,Basic,New,1,1,1,1,1,68.74798009405725,0,0
West,Phone,Fiber,Premium,New,1,1,0,1,0,54.91499067762318,0,0
South,Phone,5G,Standard,New,0,1,0,1,0,181.65789284678903,0,0
North,Online,Fiber,Standard,New,1,1,1,1,0,42.65955172921334,1,0
South,Phone,5G,Standard,Existing,1,1,1,1,1,172.35921008729096,1,0
East,Phone,5G,Standard,Existing,1,1,1,1,0,72.4134172849506,0,0
East,Online,DSL,Basic,New,1,1,0,1,1,103.90125169510691,2,0
East,Phone,5G,Premium,New,1,1,1,1,0,41.32719154225018,0,0
South,Store,5G,Basic,Existing,1,1,0,1,0,195.44438954263546,0,0
West,Phone,Fiber,Premium,Existing,0,1,0,1,1,110.8464452624834,0,0
South,Phone,5G,Basic,New,1,1,1,1,0,109.36905391118319,0,0
North,Phone,5G,Basic,New,0,1,1,1,0,43.710987127118926,1,0
West,Online,DSL,Basic,Existing,1,1,1,1,1,69.76733699846405,1,0
East,Store,Fiber,Standard,Existing,1,0,1,1,0,71.22332316089226,0,0
South,Store,Fiber,Standard,New,1,1,1,1,0,41.752288702927665,2,0
East,Phone,DSL,Basic,New,1,1,1,1,1,67.25335893045632,0,0
East,Online,5G,Premium,Existing,1,1,1,1,0,190.36587737422812,2,0
North,Online,DSL,Premium,New,1,1,1,1,0,133.24073520315147,1,0
West,Store,Fiber,Standard,Existing,1,1,1,1,0,42.82991111540623,0,0
North,Online,DSL,Basic,New,1,1,1,1,1,74.4358798335056,4,0
North,Phone,Fiber,Standard,New,1,1,0,1,0,106.25785150494187,0,0
North,Phone,DSL,Standard,Existing,1,1,1,1,0,67.45478198150329,0,0
East,Online,5G,Standard,New,1,1,0,1,1,65.14427887976795,0,0
North,Phone,5G,Basic,New,1,1,1,1,0,193.38002473623231,1,0
North,Store,Fiber,Basic,Existing,0,1,1,1,0,198.8175164497157,0,0
West,Phone,DSL,Standard,Existing,1,1,1,1,0,139.75220689268383,1,0
West,Online,Fiber,Basic,Existing,0,1,1,1,1,178.67656249867795,0,0
North,Store,5G,Premium,New,1,1,1,1,0,109.64044173139501,0,0
West,Phone,Fiber,Premium,Existing,0,1,1,1,1,40.956561558458944,0,0
West,Store,5G,Standard,Existing,1,1,1,1,0,133.35882655836673,1,0
North,Online,Fiber,Premium,Existing,1,1,0,1,0,66.57214821387866,0,0
East,Phone,DSL,Standard,Existing,1,1,0,0,1,132.2078091237818,4,1
North,Phone,5G,Standard,New,0,0,1,1,0,182.7031500022772,1,1
West,Store,Fiber,Standard,Existing,1,1,1,1,1,159.97418855699067,0,0
East,Phone,5G,Basic,New,1,1,1,1,1,81.35881966449558,0,0
South,Phone,DSL,Basic,New,1,1,1,1,0,169.51975478860012,1,0
East,Phone,5G,Basic,Existing,1,0,1,1,0,153.81914953979683,0,0
West,Phone,DSL,Basic,Existing,1,1,1,1,0,189.6352814261028,0,0
East,Online,5G,Standard,Existing,1,1,0,1,0,139.37283863782056,1,0
North,Phone,DSL,Basic,New,1,0,0,1,0,196.93141152932353,0,1
South,Store,5G,Premium,Existing,1,1,0,1,0,124.43979289683391,0,0
South,Online,DSL,Premium,Existing,1,1,1,1,0,124.02211680341176,0,0
South,Store,Fiber,Basic,Existing,1,0,1,1,0,43.03449097231466,1,0
West,Store,Fiber,Premium,New,1,1,0,1,0,189.8398903339468,2,0
West,Store,5G,Premium,Existing,1,1,1,1,1,108.95251921091943,0,0
South,Online,DSL,Basic,New,1,1,1,1,0,178.92726671576642,1,0
East,Online,Fiber,Standard,New,1,1,1,1,0,101.7235937109366,1,0
South,Online,5G,Standard,New,1,1,1,1,0,188.37790422250637,1,0
East,Phone,Fiber,Standard,Existing,1,1,1,1,0,191.8760456783432,0,0
East,Store,DSL,Basic,Existing,1,1,0,0,1,43.35304763937201,0,1
West,Online,5G,Standard,New,1,1,0,1,0,153.44799401751652,1,0
East,Store,DSL,Standard,Existing,1,1,1,1,1,45.1357997334706,2,0
South,Online,DSL,Premium,New,1,1,1,1,1,55.74540390542314,1,0
West,Online,DSL,Standard,Existing,1,0,1,1,1,46.473592110369886,1,0
North,Online,Fiber,Basic,Existing,1,1,1,1,1,44.851068437097496,2,0
North,Store,5G,Standard,Existing,1,1,1,1,1,105.82054839205216,0,0
West,Phone,DSL,Premium,New,1,1,1,1,0,112.35069726155982,1,0
South,Online,Fiber,Premium,Existing,1,1,1,1,0,115.0219176021794,0,0
North,Online,DSL,Premium,New,1,1,1,1,1,64.9156538869442,0,0
North,Online,Fiber,Premium,Existing,1,1,1,1,0,82.86416060651331,1,0
East,Phone,5G,Standard,Existing,1,1,0,1,1,160.56712278898715,1,0
East,Store,5G,Premium,Existing,1,1,1,1,0,95.98025761810042,0,0
South,Store,5G,Premium,Existing,1,1,0,1,0,81.6854762114864,1,0
West,Store,5G,Premium,New,1,1,1,1,1,94.09278175268642,1,0
South,Store,DSL,Standard,New,1,1,0,1,1,183.1686483195647,0,0
West,Online,Fiber,Basic,Existing,1,1,1,1,1,182.57878142951475,1,0
North,Phone,5G,Premium,New,1,1,1,1,0,110.05370816789895,1,0
East,Online,DSL,Premium,New,1,1,1,1,0,177.31788837627806,2,0
South,Phone,5G,Premium,New,1,1,1,1,1,98.72820027140313,2,0
South,Store,5G,Standard,Existing,0,1,1,1,1,52.50742865065696,1,0
West,Phone,5G,Standard,Existing,1,1,1,1,0,112.5714975396383,0,0
West,Online,Fiber,Premium,Existing,1,1,1,1,0,184.80782966206735,0,0
South,Online,Fiber,Basic,Existing,1,1,1,1,1,50.95402410999691,3,0
West,Store,Fiber,Premium,New,1,1,1,1,0,79.72820104303317,0,0
South,Online,5G,Basic,New,0,0,1,1,0,48.04215142783349,2,1
South,Online,DSL,Basic,Existing,1,1,1,1,0,161.56428883878493,0,0
South,Phone,DSL,Standard,Existing,1,1,1,1,1,169.78717494006233,0,0
North,Online,DSL,Standard,Existing,0,1,1,1,1,182.88391609934544,1,0
West,Store,5G,Standard,New,1,1,1,1,0,52.94380217955273,0,0
East,Store,Fiber,Basic,Existing,1,1,0,1,0,144.4204335360621,2,0
East,Online,DSL,Basic,Existing,1,1,0,1,0,124.32894065348842,0,0
West,Store,5G,Basic,Existing,1,1,1,0,1,81.38518268407108,2,1
South,Phone,5G,Standard,New,1,1,1,1,0,148.51751660303694,0,0
East,Phone,DSL,Standard,Existing,1,1,1,1,0,42.735405653783864,1,0
East,Online,DSL,Standard,New,1,1,1,1,0,60.115749052377,1,0
West,Online,5G,Premium,Existing,1,1,1,1,0,186.06926619665035,1,0
East,Phone,DSL,Basic,Existing,1,1,1,1,0,142.1893696300209,1,0
South,Store,5G,Basic,Existing,1,1,1,1,0,57.286865747371856,1,0
West,Online,DSL,Premium,New,0,1,1,1,1,145.11311802991514,0,0
South,Online,Fiber,Basic,Existing,1,1,1,1,0,81.06022054062102,2,0
East,Store,5G,Basic,New,1,1,1,1,0,93.91638309393834,2,0
East,Online,Fiber,Premium,Existing,0,1,1,1,0,57.477081679775424,0,0
South,Store,DSL,Basic,New,1,1,1,1,0,156.35069115414137,0,0
North,Store,5G,Standard,Existing,1,1,1,1,1,86.27309953802744,0,0
East,Store,DSL,Premium,Existing,1,1,0,0,0,64.85783818270892,0,1
North,Store,5G,Basic,New,1,1,1,0,1,196.40338644449062,1,0
East,Store,DSL,Standard,New,1,1,0,0,0,67.05487558530791,1,1
North,Phone,Fiber,Basic,Existing,0,1,1,1,1,139.86585379340278,3,0
North,Store,Fiber,Premium,Existing,1,1,1,1,1,60.68926274765958,0,0
North,Phone,DSL,Standard,Existing,1,1,1,1,0,193.12402379125783,1,0
South,Store,Fiber,Basic,New,1,1,1,1,0,113.29274257886924,0,0
North,Online,Fiber,Premium,Existing,1,0,1,1,0,136.95592467049346,0,0
North,Phone,DSL,Basic,New,1,1,0,1,0,48.872039214598324,2,0
North,Online,5G,Basic,New,0,1,1,1,0,191.28593134290463,1,0
East,Store,DSL,Standard,New,1,1,1,1,0,146.13840809302317,0,0
North,Store,5G,Basic,Existing,1,1,1,1,0,62.612519069277326,0,0
East,Online,Fiber,Premium,Existing,1,0,1,0,0,124.2146369844059,1,1
North,Store,Fiber,Premium,Existing,1,1,1,1,1,173.43329601048404,0,0
North,Online,Fiber,Standard,Existing,1,1,0,0,0,159.8367397955626,1,1
South,Store,Fiber,Standard,New,1,1,1,1,0,186.62230419475856,1,0
East,Store,Fiber,Basic,Existing,1,1,1,1,0,191.78971892795218,1,0
North,Phone,5G,Premium,New,1,1,1,1,1,45.20385576014515,1,0
East,Online,5G,Standard,New,1,1,0,1,0,142.26900553455295,0,0
East,Store,5G,Basic,New,1,1,1,1,0,49.08245890624221,1,0
West,Online,DSL,Basic,Existing,1,1,1,0,0,40.869204500721885,1,0
South,Phone,Fiber,Premium,Existing,1,1,1,0,1,52.989867159404426,1,0
South,Online,Fiber,Premium,Existing,1,1,1,1,1,198.61351334429062,0,0
South,Phone,Fiber,Basic,New,1,0,1,0,0,40.20893756018607,0,1
West,Online,DSL,Premium,New,1,1,1,1,1,145.55032710998603,1,0
West,Online,DSL,Basic,Existing,1,1,1,1,1,138.10099872752457,1,0
South,Phone,DSL,Basic,New,1,1,1,1,0,166.31073010216792,0,0
West,Store,Fiber,Premium,New,1,1,0,1,0,147.40996837999188,0,0
West,Store,5G,Standard,New,1,1,1,1,0,190.46628086928018,1,0
West,Store,DSL,Basic,Existing,1,1,1,1,1,176.6956205360003,0,0
South,Online,DSL,Premium,Existing,1,1,1,1,0,85.00798828591472,2,0
South,Online,5G,Basic,Existing,1,1,1,1,1,180.29849271765318,0,0
South,Store,DSL,Basic,New,1,1,1,1,1,84.67786249778814,0,0
West,Online,5G,Basic,Existing,0,1,1,1,0,145.46843345322097,1,0
South,Online,Fiber,Premium,Existing,1,1,1,0,1,79.26208458489556,0,0
West,Store,5G,Premium,New,0,1,1,1,0,190.1242764409318,1,0
North,Phone,5G,Premium,New,1,1,0,1,0,152.8646460041115,0,0
West,Online,Fiber,Standard,Existing,0,1,1,1,1,116.7372508582008,0,0
East,Online,DSL,Basic,Existing,1,1,1,1,1,168.4321997859445,0,0
South,Online,Fiber,Standard,Existing,1,1,1,1,0,44.34250997514299,1,0
South,Online,DSL,Basic,New,1,1,1,1,0,141.73543964597167,0,0
East,Phone,DSL,Premium,Existing,1,1,1,1,0,44.998381209492884,0,0
West,Store,5G,Basic,New,1,1,1,1,0,76.48240042343431,1,0
North,Online,Fiber,Basic,Existing,1,1,1,0,0,90.00055999204092,1,0
East,Store,5G,Basic,Existing,1,1,0,1,0,160.0988006206018,0,0
East,Online,Fiber,Standard,New,1,1,1,1,1,186.96163488859938,2,0
West,Phone,Fiber,Premium,Existing,1,1,1,1,0,99.00595956791653,1,0
South,Store,5G,Premium,New,1,1,1,1,0,138.88422719856587,2,0
West,Phone,DSL,Basic,Existing,1,1,1,1,1,164.38078186370745,1,0
East,Online,DSL,Premium,Existing,1,1,1,1,0,175.33526743459834,1,0
East,Phone,Fiber,Standard,Existing,1,1,1,1,0,194.03805890956082,0,0
South,Phone,DSL,Standard,Existing,1,1,1,1,1,165.18011315045487,0,0
South,Online,5G,Premium,Existing,1,1,1,1,0,45.200394088322554,0,0
South,Online,5G,Standard,New,1,1,1,1,0,56.31639758779745,0,0
West,Store,5G,Standard,Existing,1,1,1,0,0,173.41317269185234,0,0
South,Online,Fiber,Premium,Existing,1,1,1,1,1,84.74961863806197,0,0
East,Store,Fiber,Premium,New,1,1,1,1,0,53.19881111663424,0,0
East,Phone,DSL,Basic,Existing,0,1,1,1,0,193.2245535513101,0,0
North,Phone,5G,Basic,New,0,1,1,1,0,100.81111481145598,0,0
West,Store,5G,Standard,Existing,1,1,0,1,0,98.60802880033842,0,0
North,Online,Fiber,Premium,Existing,0,1,1,1,1,58.46025821244625,1,0
East,Online,Fiber,Standard,New,1,0,0,1,0,172.0833553121133,0,1
North,Phone,Fiber,Premium,New,1,1,1,1,0,112.27565353963212,1,0
East,Store,5G,Standard,Existing,1,1,1,1,0,88.39951340064873,2,0
North,Phone,5G,Standard,New,1,1,1,1,1,172.37677320083668,2,0
South,Phone,DSL,Standard,Existing,0,1,0,1,1,176.6100487459746,0,0
North,Online,5G,Basic,New,1,1,1,1,0,154.2266360367681,1,0
South,Store,DSL,Premium,New,1,1,1,1,0,108.03190293548045,1,0
South,Phone,DSL,Standard,New,1,1,1,1,1,87.9231219031505,0,0
West,Online,5G,Basic,New,0,1,1,1,0,122.38372725626957,1,0
South,Phone,DSL,Standard,New,1,1,1,1,0,129.29536548967127,1,0
South,Phone,DSL,Standard,Existing,1,1,1,1,0,130.69589924740697,0,0
North,Online,Fiber,Premium,Existing,1,1,1,1,1,159.5861616121852,0,0
East,Online,5G,Standard,New,0,1,1,1,0,49.57825615488743,2,0
West,Store,DSL,Premium,Existing,1,1,1,1,0,143.75796730955418,0,0
South,Phone,DSL,Basic,New,1,1,1,1,1,178.9904574645046,1,0
West,Store,DSL,Basic,Existing,1,1,1,1,0,61.016724188959174,1,0
North,Online,5G,Standard,New,1,1,1,1,1,128.61240378462364,0,0
South,Online,Fiber,Basic,New,1,0,1,1,0,150.10397417745656,1,0
North,Phone,Fiber,Premium,Existing,1,1,1,1,0,193.73428738537154,1,0
West,Store,5G,Premium,New,1,1,1,1,0,55.39958900969317,0,0
North,Store,5G,Basic,Existing,1,0,0,1,1,156.3068829353756,1,1
West,Phone,5G,Premium,New,1,1,1,1,0,133.26343955927655,0,0
North,Phone,5G,Premium,New,1,0,1,1,0,94.63916557051952,1,0
West,Store,Fiber,Standard,New,1,1,1,1,0,48.11209019981371,0,0
East,Online,DSL,Standard,Existing,1,1,1,1,0,92.69344486474398,0,0
North,Online,DSL,Premium,New,0,0,1,1,0,172.19930226543306,1,1
North,Phone,5G,Basic,Existing,1,1,1,0,1,141.55580144880545,0,0
East,Store,5G,Premium,Existing,1,1,1,1,0,76.51917983151891,0,0
East,Store,DSL,Standard,Existing,1,0,1,1,1,198.8756248943773,0,0
North,Store,Fiber,Basic,Existing,1,1,1,1,0,159.36076430397685,0,0
East,Online,5G,Premium,New,1,1,1,1,1,70.21930288521102,1,0
South,Online,5G,Basic,New,1,1,1,1,0,164.98686722048927,0,0
West,Store,Fiber,Basic,New,0,1,0,1,0,172.99327012669553,2,1
West,Store,Fiber,Basic,New,1,1,1,1,1,179.30304169745492,2,0
West,Phone,Fiber,Premium,Existing,1,1,1,1,0,158.33710594614374,2,0
South,Phone,5G,Standard,Existing,1,1,1,1,1,52.857428566669284,2,0
East,Store,Fiber,Basic,Existing,0,1,1,1,0,170.19222544611148,0,0
East,Store,5G,Basic,New,1,1,1,1,1,188.43062545956334,1,0
North,Online,5G,Premium,Existing,1,1,1,1,1,119.94822365436329,0,0
East,Store,Fiber,Standard,Existing,1,1,1,1,0,161.77421282735764,0,0
North,Phone,DSL,Standard,New,1,1,1,1,0,120.68231529790171,1,0
South,Online,Fiber,Premium,New,0,1,1,1,0,142.5162308226017,1,0
West,Phone,DSL,Basic,New,1,1,1,1,0,143.51703424169827,0,0
West,Phone,Fiber,Premium,New,1,1,1,1,0,112.44187900494639,2,0
West,Online,Fiber,Standard,New,0,1,1,1,0,96.75189197692866,1,0
East,Phone,5G,Basic,New,1,1,1,1,0,109.74214601766802,1,0
North,Store,5G,Basic,New,1,1,1,0,0,132.97123798952447,1,0
North,Phone,5G,Standard,Existing,1,1,1,1,1,124.3408556591995,0,0
South,Online,5G,Basic,Existing,1,1,1,1,0,142.70349816290923,1,0
East,Online,5G,Premium,Existing,1,1,1,1,0,47.4008543003508,0,0
South,Online,5G,Standard,New,1,1,0,1,0,113.60327021060928,0,0
North,Phone,5G,Standard,New,1,1,1,0,0,51.28426230292084,0,0
North,Store,DSL,Basic,Existing,1,1,1,1,1,160.8429187176921,0,0
West,Online,DSL,Standard,New,0,1,1,1,0,82.85363642511491,2,0
East,Store,5G,Premium,Existing,1,1,0,1,0,95.33177640784541,1,0
North,Online,DSL,Standard,New,1,1,1,1,1,144.66971612078004,0,0
West,Store,Fiber,Basic,Existing,1,1,1,1,1,95.45929112334963,0,0
East,Store,DSL,Standard,Existing,1,1,1,1,1,156.7547472306427,1,0
South,Store,5G,Basic,New,1,1,1,1,1,177.8987585746412,0,0
East,Online,DSL,Basic,New,0,1,1,1,1,141.89809884331686,1,0
East,Phone,Fiber,Premium,New,1,1,1,1,1,65.00707753808884,1,0
North,Phone,DSL,Standard,New,1,1,1,1,0,111.93013236096704,1,0
North,Phone,5G,Premium,Existing,0,1,1,1,1,157.21281478185745,1,0
East,Store,Fiber,Premium,Existing,1,1,1,1,0,83.58510693699475,1,0
North,Online,Fiber,Standard,Existing,1,1,1,1,1,191.76699321844595,1,0
North,Store,DSL,Premium,Existing,0,1,1,1,0,190.94953230468627,1,0
North,Online,Fiber,Premium,Existing,1,1,1,1,1,94.14611742018167,0,0
West,Store,Fiber,Basic,Existing,0,1,1,1,1,138.23200785873752,0,0
West,Online,Fiber,Premium,New,1,1,1,1,1,102.12942828367547,0,0
East,Online,5G,Standard,Existing,1,1,1,1,1,156.16510126381118,0,0
North,Online,Fiber,Basic,New,1,1,1,0,0,166.88618452925755,0,0
West,Store,DSL,Premium,Existing,1,1,1,1,1,66.65960972321668,1,0
East,Phone,DSL,Premium,New,1,1,0,1,0,123.28608689084655,1,0
North,Store,Fiber,Standard,New,0,1,1,1,1,95.38279535237342,0,0
South,Store,DSL,Premium,Existing,1,1,0,1,0,188.0406569700032,2,0
North,Online,Fiber,Standard,New,1,1,1,1,1,71.50146420712998,0,0
North,Online,DSL,Premium,Existing,1,1,1,1,1,191.43887632269656,0,0
West,Phone,Fiber,Premium,New,1,1,1,0,0,107.08323438667493,1,0
East,Phone,Fiber,Standard,Existing,1,1,0,1,1,179.7633107998278,0,0
East,Online,Fiber,Basic,New,1,0,1,1,0,114.28856781361657,0,0
West,Phone,5G,Standard,Existing,0,1,1,1,0,138.21346623656638,0,0
North,Phone,DSL,Basic,Existing,0,1,1,1,1,198.09580228976583,0,0
South,Online,Fiber,Basic,Existing,1,1,1,1,0,157.06253881354098,1,0
North,Store,5G,Standard,New,1,1,1,0,1,71.16928650893136,0,0
North,Phone,5G,Standard,Existing,1,1,1,1,0,82.12682525199025,0,0
South,Online,Fiber,Premium,Existing,1,1,0,1,0,114.09428327006856,0,0
West,Phone,Fiber,Premium,Existing,0,1,1,1,0,133.7628993334198,0,0
East,Phone,Fiber,Basic,Existing,1,1,1,1,0,49.77258774586092,0,0
West,Online,Fiber,Premium,New,0,1,1,1,1,46.96549092945325,3,0
West,Phone,Fiber,Standard,New,1,1,0,0,0,113.18589451989426,0,1
North,Phone,DSL,Basic,New,1,1,1,1,0,123.76581774856696,1,0
East,Phone,Fiber,Premium,Existing,1,1,1,1,0,52.764054295467524,0,0
East,Store,Fiber,Premium,New,1,1,1,1,0,116.07510376202383,1,0
West,Store,DSL,Standard,New,0,1,0,1,0,164.8880579068909,0,0
South,Phone,5G,Standard,New,1,0,1,1,1,127.85579022028726,1,0
West,Online,DSL,Premium,New,0,1,1,1,0,116.44049800129623,0,0
South,Phone,5G,Basic,New,1,1,1,1,0,51.4334287572578,0,0
East,Phone,5G,Basic,New,1,0,1,1,0,196.88755093355567,1,0
West,Store,DSL,Standard,Existing,1,1,1,1,1,126.59149388037277,1,0
North,Store,Fiber,Standard,Existing,1,1,1,1,1,111.91013524733606,0,0
West,Store,5G,Standard,New,1,1,1,1,1,51.80001913002531,1,0
East,Phone,Fiber,Premium,Existing,1,1,1,1,0,157.86248444803704,0,0
North,Phone,DSL,Premium,Existing,1,1,1,1,1,84.10044641531668,1,0
North,Online,5G,Standard,Existing,0,1,1,1,0,52.84129277696911,0,0
South,Phone,Fiber,Basic,Existing,1,1,1,1,0,155.20809461696024,1,0
North,Phone,5G,Standard,Existing,1,1,1,1,0,116.91391404267176,0,0
North,Store,5G,Standard,New,1,1,1,1,0,49.01370598143448,0,0
West,Store,DSL,Basic,New,1,1,1,1,1,175.9520562669807,1,0
East,Store,Fiber,Basic,Existing,1,1,1,1,0,111.5818683213427,0,0
South,Store,Fiber,Basic,New,1,1,1,1,1,63.03025289462127,1,0
West,Store,5G,Basic,New,1,1,1,1,0,94.1854001325021,1,0
North,Online,Fiber,Premium,New,1,1,1,1,1,44.59891806759727,0,0
North,Online,5G,Premium,New,1,1,1,1,1,196.81056589838778,0,0
South,Online,DSL,Standard,New,1,1,1,1,0,159.96689787632903,0,0
East,Store,DSL,Premium,New,1,1,1,1,0,47.81775259592807,3,0
South,Store,Fiber,Standard,New,1,1,1,1,1,78.44847789180655,0,0
West,Store,DSL,Standard,Existing,1,1,1,1,0,116.21699016538363,1,0
South,Online,DSL,Basic,Existing,1,1,1,1,0,154.7220192918308,2,0
North,Store,Fiber,Basic,Existing,1,1,1,0,0,141.6066873384084,1,0
West,Online,5G,Premium,New,0,1,1,1,1,110.59609900782155,1,0
North,Store,DSL,Premium,Existing,1,1,1,1,0,127.47265271512072,0,0
East,Phone,Fiber,Premium,New,1,1,1,1,1,46.898125228840954,2,0
North,Online,Fiber,Premium,Existing,0,1,1,1,1,199.83112388755953,0,0
North,Phone,Fiber,Basic,Existing,1,1,1,1,1,178.7267396920892,2,0
South,Online,DSL,Basic,New,1,1,1,1,0,91.64628546328461,0,0
North,Store,DSL,Premium,Existing,1,1,1,0,0,57.24007503088021,0,0
West,Store,5G,Standard,New,0,1,1,1,0,140.565121084993,0,0
West,Phone,5G,Basic,Existing,1,1,1,1,1,186.6346348243985,1,0
East,Store,5G,Basic,Existing,0,1,1,1,0,149.56856931106455,0,0
West,Online,5G,Basic,New,1,1,0,1,0,50.89676366208835,2,0
South,Store,5G,Basic,Existing,1,1,1,1,1,100.70874466891436,1,0
East,Store,5G,Premium,Existing,1,1,1,1,1,154.96863903895024,1,0
West,Online,Fiber,Premium,Existing,1,1,1,1,1,78.7332308922167,0,0
South,Phone,5G,Standard,Existing,0,1,1,1,0,142.85861427653657,0,0
West,Phone,DSL,Basic,Existing,1,1,1,1,0,133.48259423658138,0,0
West,Store,5G,Premium,New,1,1,0,1,1,55.40569937707158,1,0
North,Online,DSL,Premium,New,1,1,1,1,0,157.96678332478606,0,0
West,Phone,5G,Basic,New,1,1,1,1,0,109.99973088700929,0,0
West,Phone,Fiber,Premium,New,1,1,0,1,0,65.73080753237655,0,0
South,Store,Fiber,Premium,New,1,1,1,1,1,188.30573674883496,1,0
South,Online,DSL,Premium,New,1,1,1,1,0,159.2647936681982,2,0
North,Phone,5G,Standard,Existing,1,1,0,1,1,155.76843269903662,1,0
West,Store,Fiber,Premium,New,0,1,1,1,0,111.51454106079954,0,0
North,Store,Fiber,Basic,New,1,0,1,1,0,143.01265433817474,0,0
West,Store,5G,Basic,Existing,1,1,1,1,0,142.51507005227438,0,0
East,Store,DSL,Basic,Existing,1,1,0,1,1,61.911975680962534,0,0
East,Phone,DSL,Premium,New,0,1,1,1,0,180.779156779448,0,0
North,Online,DSL,Standard,Existing,1,1,1,1,0,170.76903692256073,1,0
North,Store,Fiber,Premium,Existing,1,1,1,1,0,61.97535625690886,0,0
North,Store,5G,Basic,Existing,1,1,1,1,1,91.65177392192578,1,0
South,Phone,Fiber,Standard,Existing,1,1,0,1,0,51.04514815922046,0,0
South,Store,Fiber,Standard,New,1,1,1,1,1,95.22690522502481,1,0
South,Store,Fiber,Premium,New,1,1,0,1,0,156.7758494711507,0,0
North,Online,Fiber,Basic,Existing,1,1,1,1,1,40.57333302674724,3,0
West,Store,5G,Premium,Existing,1,1,1,1,1,121.08519522320854,0,0
East,Phone,Fiber,Basic,Existing,1,1,1,1,0,178.75739084638604,0,0
North,Online,Fiber,Standard,New,1,1,1,1,0,89.80123411310697,0,0
South,Phone,DSL,Premium,Existing,1,0,1,1,1,155.86762196178302,1,0
South,Online,Fiber,Standard,New,1,1,0,1,1,48.74480208760492,1,0
North,Online,5G,Basic,New,0,1,1,1,0,129.1509557338613,1,0
North,Store,Fiber,Standard,Existing,1,1,1,0,0,180.30633581213644,2,1
South,Store,5G,Standard,Existing,1,1,1,1,0,105.26006629753621,1,0
West,Store,5G,Standard,Existing,1,1,1,1,0,139.65064308909194,0,0
South,Phone,5G,Premium,Existing,1,1,1,0,1,141.46257984499536,0,0
South,Store,DSL,Basic,Existing,1,1,1,1,1,157.10838476607773,1,0
North,Store,DSL,Standard,Existing,1,0,1,1,1,76.54646107857728,0,0
West,Online,Fiber,Standard,Existing,1,0,0,1,0,159.66593743544342,0,1
South,Store,Fiber,Standard,New,1,1,1,1,0,78.01133574655763,0,0
South,Store,Fiber,Standard,New,1,1,0,1,0,135.66601849796348,3,0
East,Store,5G,Basic,New,1,1,1,1,0,65.61662789387617,3,0
North,Store,5G,Basic,Existing,1,1,1,1,0,157.80131301730745,1,0
East,Online,5G,Premium,New,1,1,1,1,0,85.97598457649607,3,0
East,Store,Fiber,Basic,New,1,1,1,1,0,144.22210140590323,2,0
South,Online,Fiber,Basic,Existing,1,1,1,1,0,64.98722691162314,0,0
North,Phone,Fiber,Standard,New,1,1,1,1,0,76.97626750208607,0,0
West,Store,Fiber,Premium,Existing,1,1,0,1,0,170.7566732899033,0,0
South,Store,DSL,Premium,New,1,1,1,1,0,54.88784013673328,2,0
West,Store,DSL,Standard,Existing,1,1,1,1,0,55.62311634266255,0,0
West,Online,DSL,Premium,Existing,1,1,1,1,1,163.83814001552946,1,0
North,Store,Fiber,Basic,Existing,1,1,1,0,0,59.732791702337344,0,0
East,Store,DSL,Premium,New,1,1,1,1,0,183.19998101244346,1,0
North,Phone,DSL,Standard,Existing,1,1,1,1,1,62.2819471133948,0,0
West,Online,Fiber,Premium,New,1,1,1,1,1,149.04388095596204,1,0
South,Online,DSL,Premium,New,1,1,1,1,0,135.7604406274373,0,0
West,Phone,Fiber,Premium,Existing,1,1,1,1,1,156.46409108372248,0,0
South,Online,Fiber,Standard,New,0,1,1,1,0,151.20937959418904,0,0
South,Store,Fiber,Basic,New,1,1,1,1,1,98.4958896445555,0,0
North,Store,5G,Premium,New,0,1,0,0,1,191.38301393378845,2,1
West,Phone,Fiber,Basic,Existing,1,1,1,1,0,121.33590185612292,2,0
East,Online,DSL,Basic,New,0,1,1,1,1,195.50033836436225,0,0
West,Online,DSL,Basic,New,0,1,1,1,0,100.96335943739133,0,0
West,Online,Fiber,Premium,New,1,0,1,1,0,124.35864065083992,0,0
East,Phone,5G,Basic,New,1,1,1,1,1,133.45808104784902,0,0
North,Store,5G,Premium,New,1,0,1,1,1,130.12029259245497,0,0
West,Phone,5G,Premium,New,1,1,1,1,0,145.87480163979217,1,0
West,Store,DSL,Premium,Existing,1,1,1,1,0,85.8129573282672,1,0
South,Phone,5G,Basic,Existing,1,1,1,0,0,50.39088783333136,0,0
West,Store,5G,Premium,Existing,1,1,0,0,0,71.75132630542863,0,1
East,Online,Fiber,Standard,Existing,1,1,0,1,0,129.6364531461174,1,0
South,Online,5G,Standard,New,1,1,1,1,1,177.22905321813752,0,0
North,Online,5G,Standard,New,1,1,1,1,0,116.00667868259302,1,0
South,Phone,5G,Premium,New,1,1,1,1,1,91.38398492909778,0,0
East,Phone,Fiber,Standard,New,1,0,0,1,0,156.99939148088336,1,1
East,Phone,Fiber,Premium,Existing,0,1,0,1,1,103.24358449304847,1,0
South,Online,5G,Premium,Existing,1,1,1,1,1,171.51929745896905,1,0
North,Store,DSL,Premium,New,1,1,0,0,0,41.898887823945245,0,1
South,Online,DSL,Basic,New,1,1,1,1,1,58.573217209389114,0,0
North,Online,Fiber,Standard,New,1,1,1,1,0,56.415085458721705,1,0
South,Store,5G,Premium,Existing,1,1,1,1,0,45.593807084025855,1,0
East,Store,DSL,Standard,Existing,1,1,1,1,0,66.89188626943303,1,0
West,Store,5G,Standard,Existing,1,1,1,1,1,197.92555999799717,1,0
West,Store,Fiber,Basic,New,1,0,1,1,0,117.04240914142719,0,0
North,Online,DSL,Standard,New,1,1,1,1,0,107.56413828774794,0,0
North,Phone,Fiber,Premium,New,1,0,1,1,0,185.6314754862024,1,0
North,Online,5G,Premium,Existing,1,0,1,1,1,167.19004442640437,4,1
East,Store,Fiber,Standard,Existing,1,1,1,0,0,83.5496790304205,0,0
South,Phone,Fiber,Standard,Existing,0,1,1,1,0,168.70478076703205,0,0
East,Phone,Fiber,Basic,New,1,1,1,1,0,53.22718229022399,0,0
West,Online,Fiber,Premium,Existing,1,1,1,1,0,154.53185024600063,1,0
North,Online,DSL,Standard,New,0,1,1,1,0,42.94836443320964,1,0
South,Online,5G,Standard,New,0,1,0,1,0,73.63013958230073,0,0
West,Phone,DSL,Premium,New,1,1,0,0,1,181.9925571672922,0,1
West,Phone,5G,Standard,Existing,0,1,1,1,1,99.75282912261626,3,0
West,Phone,5G,Basic,Existing,0,1,1,1,1,115.1813018999413,0,0
East,Store,5G,Standard,Existing,1,1,1,1,1,143.5030911138427,1,0
North,Store,5G,Standard,Existing,1,1,1,1,1,151.0229477860126,2,0
West,Online,5G,Basic,Existing,1,1,0,1,0,63.28794936034239,0,0
North,Phone,DSL,Basic,Existing,0,1,1,1,0,188.4341791674068,1,0
East,Online,5G,Basic,New,1,0,1,1,1,130.91648518031647,0,0
West,Phone,Fiber,Premium,Existing,1,1,0,1,0,135.8063653942527,2,0
East,Online,DSL,Standard,Existing,0,1,1,1,0,142.52158592622942,1,0
East,Store,DSL,Standard,New,0,1,1,1,1,176.47956710490428,1,0
North,Phone,5G,Basic,Existing,1,1,1,1,0,73.65320565690736,1,0
West,Store,Fiber,Premium,Existing,1,1,1,1,0,185.8207459089336,0,0
East,Phone,Fiber,Basic,New,1,1,1,1,1,164.92223167546348,0,0
West,Online,5G,Standard,Existing,0,1,1,1,0,75.81720098261654,1,0
North,Phone,5G,Premium,New,0,1,1,1,0,167.806885191195,1,0
East,Store,Fiber,Premium,New,1,1,1,0,1,120.69294312963578,1,0
North,Phone,DSL,Standard,New,0,1,1,1,0,132.0911229058475,1,0
West,Online,DSL,Premium,Existing,1,1,1,1,0,198.80531704753938,0,0
West,Phone,5G,Premium,New,1,1,1,1,1,42.102276360687355,1,0
North,Store,DSL,Basic,Existing,1,1,1,1,1,189.7923646286227,4,0
South,Online,DSL,Premium,New,1,1,1,1,0,156.0782921529812,2,0
East,Store,Fiber,Basic,Existing,1,1,0,0,0,95.75840583175768,0,1
West,Phone,DSL,Premium,New,1,1,1,1,0,156.68069671094372,0,0
West,Store,Fiber,Basic,Existing,0,1,0,1,1,72.42374032029679,2,1
East,Phone,5G,Basic,Existing,1,1,1,1,1,122.14872414553031,0,0
North,Online,5G,Premium,Existing,0,1,0,1,0,170.5567904794911,2,1
North,Store,Fiber,Basic,Existing,1,1,1,1,0,73.50964943703238,2,0
North,Store,Fiber,Standard,Existing,1,1,1,1,1,129.69138343355542,0,0
South,Phone,5G,Standard,Existing,1,1,1,1,0,46.787047899689256,0,0
South,Store,Fiber,Premium,Existing,0,1,1,1,1,173.87429467668863,0,0
West,Store,5G,Premium,Existing,1,1,1,1,0,96.05705252943636,0,0
North,Online,5G,Premium,Existing,0,1,1,1,0,92.42566415108251,2,0
East,Phone,5G,Standard,New,1,1,1,1,1,80.99509689015007,0,0
West,Phone,5G,Premium,New,1,1,1,0,0,155.04909723081107,1,0
East,Online,5G,Premium,New,0,0,1,1,1,67.87667358685778,1,1
West,Online,5G,Basic,New,1,1,1,1,0,45.42653319129579,1,0
South,Phone,DSL,Premium,New,1,1,1,0,1,84.54270348284716,4,1
West,Online,DSL,Standard,Existing,1,1,1,1,0,146.05602830091996,0,0
South,Online,5G,Standard,New,1,0,1,0,0,48.03676257018756,1,1
West,Online,DSL,Premium,New,1,1,1,1,1,108.3465449274162,0,0
North,Phone,Fiber,Standard,New,1,1,1,1,1,169.0717200557467,2,0
East,Online,Fiber,Basic,New,0,0,1,1,1,108.29932512303957,0,1
North,Store,5G,Basic,Existing,1,1,1,1,0,128.39084608174304,2,0
West,Store,DSL,Premium,Existing,1,0,1,1,1,108.39524587619314,0,0
West,Phone,Fiber,Premium,New,1,1,1,0,1,67.83619018975887,0,0
West,Online,Fiber,Basic,New,1,1,0,1,0,195.3216827412737,0,0
South,Store,Fiber,Basic,New,1,1,0,1,0,70.45470363325335,0,0
East,Phone,Fiber,Premium,New,1,1,1,1,0,139.2496871095832,1,0
East,Store,DSL,Standard,Existing,1,1,1,1,1,83.62314726061385,3,0
West,Online,Fiber,Premium,Existing,1,1,1,0,1,171.72438358615574,1,0
West,Phone,Fiber,Premium,Existing,1,1,0,1,1,167.03237479714977,0,0
South,Store,Fiber,Premium,New,0,1,1,1,0,112.94813555442069,2,0
North,Phone,5G,Premium,Existing,1,1,0,1,0,70.32734723513352,1,0
North,Store,Fiber,Premium,New,1,0,1,1,0,47.68802281009039,0,0
East,Store,Fiber,Premium,Existing,1,1,1,1,0,116.27369553904398,0,0
South,Online,DSL,Premium,Existing,1,1,1,1,1,66.25912350686622,1,0
West,Online,Fiber,Standard,New,1,1,1,1,0,191.8757585207217,0,0
East,Store,Fiber,Premium,Existing,1,1,1,1,0,61.86430888727994,1,0
South,Phone,Fiber,Basic,Existing,1,1,0,1,0,77.7039631894458,1,0
North,Phone,5G,Premium,New,1,1,1,1,1,162.9280417899543,2,0
South,Online,DSL,Standard,Existing,0,1,1,1,1,108.98232843229206,0,0
North,Store,DSL,Basic,Existing,1,1,1,1,0,97.25599327239722,0,0
South,Online,5G,Premium,New,1,1,1,1,0,98.03526490610028,2,0
East,Store,5G,Premium,Existing,1,1,1,0,0,124.72529278237445,0,0
North,Store,DSL,Basic,New,1,1,0,1,0,125.61673344132421,0,0
East,Online,Fiber,Premium,New,1,1,1,1,1,91.83997899137327,1,0
East,Phone,DSL,Standard,New,1,1,1,1,0,151.06172998625954,1,0
North,Online,5G,Premium,New,1,0,0,1,1,85.85550146033108,0,1
North,Store,Fiber,Standard,New,1,0,0,1,1,78.3672653546911,0,1
West,Online,DSL,Premium,New,1,0,0,1,1,178.76181874869974,0,1
West,Phone,Fiber,Basic,New,0,1,1,1,1,57.89278843089459,0,0
West,Phone,Fiber,Standard,New,0,1,1,1,0,195.17219861822778,1,0
East,Store,5G,Premium,New,1,1,1,1,0,130.52659015651625,0,0
East,Online,DSL,Premium,New,1,1,1,1,0,188.40707433573368,0,0
West,Phone,5G,Basic,New,1,1,1,1,0,197.1290109482071,1,0
East,Online,DSL,Basic,New,0,1,1,1,0,106.63365778572279,0,0
East,Phone,DSL,Standard,New,0,1,0,1,1,70.90692970101199,1,0
North,Store,Fiber,Standard,Existing,1,1,1,1,0,189.91369514851482,0,0
North,Store,Fiber,Standard,New,1,1,1,0,0,175.96885364969444,0,0
East,Online,Fiber,Premium,New,0,1,1,1,0,68.92006565896303,1,0
West,Store,5G,Premium,New,1,1,1,0,1,64.2474932077154,4,1
South,Phone,Fiber,Standard,Existing,1,1,1,1,1,198.49305452156509,2,0
West,Store,5G,Premium,New,1,0,1,0,1,132.51608876768682,2,1
South,Phone,Fiber,Basic,Existing,0,1,0,1,1,112.61162984806757,0,0
West,Phone,5G,Premium,New,1,1,1,1,1,139.89448779158081,2,0
North,Store,DSL,Standard,Existing,0,1,1,1,1,173.59680084848836,0,0
East,Phone,5G,Premium,Existing,1,1,0,1,1,42.318118084592896,0,0
East,Phone,5G,Basic,Existing,1,1,1,1,1,56.145989662003316,0,0
North,Online,5G,Standard,Existing,1,0,0,1,0,149.33783386072827,1,1
South,Online,DSL,Standard,Existing,1,1,0,1,1,148.6474597140149,0,0
South,Online,5G,Standard,New,1,1,0,1,0,197.65291088503776,1,0
South,Store,DSL,Standard,New,1,1,1,1,0,44.296693652889246,0,0
North,Online,Fiber,Premium,New,0,1,1,1,0,52.659058078039145,1,0
South,Phone,Fiber,Basic,Existing,0,1,1,1,0,116.83869521366232,1,0
North,Store,DSL,Premium,Existing,1,1,1,1,0,145.32163801489003,1,0
West,Store,5G,Premium,Existing,1,0,1,1,0,81.35513278386065,0,0
West,Store,Fiber,Standard,Existing,0,1,1,1,0,80.99553478282766,0,0
North,Store,5G,Basic,New,0,1,1,1,0,46.22654045002083,1,0
East,Phone,5G,Premium,Existing,0,1,1,1,1,47.41212474829504,2,0
West,Phone,DSL,Basic,New,1,1,1,1,1,54.36360741908089,1,0
South,Online,Fiber,Basic,Existing,1,1,1,1,1,51.06660820387616,0,0
North,Store,DSL,Basic,Existing,0,1,1,1,1,180.8311163077713,1,0
South,Online,DSL,Basic,Existing,1,1,1,1,0,105.15282519703655,1,0
South,Phone,DSL,Premium,Existing,1,1,1,1,0,161.36986250637415,1,0
East,Store,DSL,Basic,Existing,0,0,1,1,0,60.3630214955939,1,1
South,Phone,5G,Premium,New,1,1,1,1,1,41.76467592464558,2,0
East,Online,Fiber,Basic,Existing,1,1,1,1,0,199.71990418741603,2,0
West,Phone,Fiber,Basic,New,1,1,1,1,0,167.5285175009985,0,0
North,Store,Fiber,Premium,New,1,1,1,1,1,173.21437557175744,0,0
South,Store,5G,Standard,Existing,1,1,1,1,0,136.34838200671547,0,0
North,Online,5G,Premium,Existing,1,1,1,1,1,71.58033290189047,1,0
South,Store,DSL,Basic,Existing,1,0,1,1,1,43.796177214986315,1,0
North,Phone,DSL,Premium,Existing,0,1,0,1,0,159.4836448610288,2,1
South,Phone,DSL,Basic,Existing,1,1,1,1,1,169.79375894968837,2,0
South,Phone,DSL,Premium,Existing,1,1,0,1,1,116.96920350652994,0,0
South,Phone,Fiber,Premium,New,1,1,1,1,0,139.51230031887854,0,0
South,Online,DSL,Premium,New,1,1,1,0,1,196.56638588546065,2,1
South,Phone,5G,Standard,Existing,1,1,1,1,0,93.99530091496858,0,0
South,Online,5G,Premium,Existing,1,1,1,1,0,175.99625232275397,0,0
South,Phone,5G,Premium,New,1,1,1,1,1,179.66688450443945,2,0
South,Online,DSL,Standard,New,0,0,1,1,1,53.33871751840913,0,1
South,Phone,Fiber,Standard,New,1,0,1,1,0,116.02401664204126,1,0
North,Phone,Fiber,Basic,Existing,1,1,1,1,1,132.72447402285033,0,0
East,Online,DSL,Basic,New,0,1,0,1,1,63.14295275894084,1,0
South,Store,DSL,Premium,Existing,1,1,0,1,0,105.79909296842618,1,0
East,Store,5G,Basic,Existing,1,1,1,1,0,112.48011970036319,1,0
South,Store,5G,Premium,New,1,1,1,1,0,84.43860926143432,1,0
South,Online,Fiber,Standard,New,1,1,1,0,0,54.43403075175681,1,0
North,Store,5G,Standard,New,1,1,1,1,0,95.76459475214412,2,0
West,Store,5G,Premium,Existing,1,1,0,1,0,137.82607262813522,1,0
West,Online,DSL,Basic,Existing,1,1,1,1,1,99.43531865151881,0,0
North,Store,Fiber,Basic,New,1,1,1,0,0,77.61421524608066,0,0
East,Store,DSL,Basic,Existing,1,1,1,1,1,71.74135815751396,0,0
West,Store,Fiber,Premium,New,1,1,1,1,1,105.17684333381337,0,0
North,Online,DSL,Basic,Existing,0,1,1,1,1,194.89564712430558,3,0
North,Online,Fiber,Standard,New,1,1,1,1,0,140.90456435748834,0,0
West,Store,5G,Standard,Existing,1,1,1,1,0,56.89240553318511,2,0
East,Store,Fiber,Standard,New,1,1,1,1,1,62.083360210999246,1,0
North,Online,Fiber,Standard,Existing,1,1,1,1,1,135.26473225584053,0,0
South,Store,DSL,Standard,Existing,1,0,0,1,0,79.70842225478847,1,1
East,Online,Fiber,Standard,Existing,1,1,1,1,0,173.24271409108863,0,0
East,Store,Fiber,Standard,New,1,1,1,1,0,51.10027593439643,0,0
West,Online,Fiber,Standard,Existing,1,1,1,1,0,77.80068706179642,0,0
West,Phone,DSL,Standard,Existing,1,1,1,1,1,141.56048179630068,0,0
South,Phone,Fiber,Premium,New,1,1,1,1,1,145.06323223984117,1,0
North,Online,DSL,Premium,New,1,1,1,0,1,154.1637779634478,1,0
West,Phone,5G,Standard,Existing,1,1,1,1,0,178.69275175863507,0,0
West,Store,DSL,Standard,Existing,1,1,1,1,1,195.03110244283508,1,0
East,Online,Fiber,Standard,New,1,1,1,1,1,72.14336027638466,0,0
West,Online,5G,Basic,Existing,1,1,0,1,0,81.43572534150984,0,0
West,Store,Fiber,Premium,Existing,1,1,1,1,0,103.10030272078718,3,0
West,Store,DSL,Standard,New,1,1,0,0,0,101.25259979598626,0,1
West,Online,5G,Premium,New,1,1,1,1,1,96.54902582496112,1,0
East,Store,5G,Standard,New,1,1,0,1,1,49.950613987584674,0,0
South,Online,5G,Basic,Existing,1,1,1,1,0,178.04188996589122,2,0
South,Store,Fiber,Standard,Existing,1,0,1,1,0,146.15013972235664,0,0
North,Online,5G,Premium,New,1,1,1,0,0,165.96998485354726,1,0
West,Store,5G,Premium,New,1,1,1,1,0,199.96132291030617,0,0
East,Store,5G,Premium,Existing,1,0,1,0,1,118.31148797922498,0,1
North,Phone,5G,Premium,New,1,1,1,1,1,61.2933094628038,1,0
North,Phone,DSL,Standard,Existing,0,1,1,0,0,173.28699392378186,0,1
South,Phone,Fiber,Basic,New,1,1,1,1,0,158.81207700638942,1,0
East,Store,Fiber,Basic,New,1,0,1,1,0,162.90975516042374,2,1
East,Online,5G,Standard,Existing,1,1,1,0,0,65.7669805004991,0,0
East,Store,DSL,Standard,Existing,1,1,1,1,0,160.7418642071866,0,0
South,Phone,5G,Premium,New,1,1,1,1,0,134.80523592005272,0,0
South,Store,Fiber,Standard,Existing,1,1,0,0,0,48.095194663303516,1,1
South,Phone,Fiber,Basic,Existing,1,1,1,1,1,86.74203611192168,2,0
South,Phone,Fiber,Standard,New,1,1,1,1,0,75.24827111557408,0,0
South,Online,5G,Standard,Existing,1,1,1,1,1,86.58185795885899,0,0
West,Online,5G,Basic,Existing,0,1,1,1,1,71.9661711836266,0,0
West,Phone,DSL,Basic,Existing,1,1,1,1,0,103.65709383882519,2,0
East,Phone,DSL,Standard,Existing,0,1,0,1,0,74.72166324670951,1,0
North,Store,Fiber,Premium,New,0,1,1,1,0,103.37669319928179,0,0
East,Phone,Fiber,Premium,New,1,1,1,1,0,42.654093213073224,2,0
North,Store,DSL,Premium,New,0,1,1,1,1,157.74929841330646,0,0
South,Phone,Fiber,Basic,New,1,1,1,1,1,95.52864084645503,1,0
North,Online,DSL,Basic,New,0,1,1,1,0,86.00596575380803,2,0
East,Online,5G,Premium,Existing,0,1,1,1,1,177.4251361939933,1,0
East,Phone,Fiber,Standard,Existing,0,1,0,1,0,159.7904068569123,0,0
North,Store,Fiber,Standard,Existing,1,1,1,1,1,178.09569124084828,1,0
West,Store,DSL,Standard,New,1,1,1,1,1,179.66370193762054,0,0
South,Store,5G,Basic,New,1,1,0,0,1,156.74583921364658,0,1
South,Phone,Fiber,Basic,New,1,1,1,1,1,49.210421067271724,1,0
East,Phone,Fiber,Premium,Existing,1,1,1,1,1,55.302847509952606,3,0
West,Online,DSL,Standard,Existing,1,1,1,1,1,51.73271932014547,0,0
North,Online,5G,Basic,Existing,1,1,0,1,1,79.67047576223263,1,0
South,Phone,DSL,Basic,New,1,1,1,1,0,178.21588875940773,1,0
West,Online,5G,Premium,New,0,1,1,1,0,46.12602583831104,0,0
South,Store,5G,Standard,Existing,1,1,1,1,0,49.05262753071865,0,0
West,Store,DSL,Basic,Existing,1,1,1,1,0,58.81762817046139,2,0
West,Phone,DSL,Basic,Existing,1,1,1,0,0,132.5360410379417,1,0
East,Store,5G,Basic,New,1,1,1,1,1,91.06446291615454,0,0
South,Phone,DSL,Basic,New,1,1,1,1,0,190.5300889941336,1,0
North,Store,Fiber,Standard,Existing,1,1,1,1,0,61.65094846446497,1,0
East,Phone,Fiber,Premium,Existing,0,1,1,0,1,168.73291371803793,0,1
East,Store,Fiber,Standard,New,0,1,1,1,1,143.17687993213084,0,0
North,Store,Fiber,Premium,Existing,1,1,1,1,0,144.50626975341862,0,0
East,Online,Fiber,Basic,Existing,1,1,1,1,0,96.2842617725923,0,0
West,Online,DSL,Standard,New,1,1,1,1,1,40.724203796574315,0,0
West,Online,5G,Premium,Existing,0,0,1,1,1,98.64299245078053,1,1
South,Online,DSL,Premium,Existing,1,1,1,1,1,136.2205440757772,1,0
South,Online,Fiber,Basic,Existing,1,1,1,1,0,157.9760666632024,0,0
North,Online,Fiber,Premium,New,1,1,1,1,1,128.48334793756007,0,0
South,Phone,DSL,Premium,Existing,0,1,1,1,0,196.97208441331628,0,0
West,Phone,DSL,Premium,Existing,1,1,1,1,0,133.84819568891464,1,0
North,Online,5G,Basic,New,1,1,1,1,0,53.2900514297406,1,0
North,Phone,Fiber,Standard,Existing,1,1,1,1,1,176.8002270985031,3,0
South,Online,DSL,Basic,Existing,1,1,1,1,0,144.4472084388937,0,0
West,Phone,5G,Premium,New,0,1,1,1,0,122.73509638240954,0,0
North,Store,Fiber,Premium,Existing,1,1,1,1,1,164.65930780276076,1,0
West,Phone,Fiber,Standard,Existing,0,0,0,1,1,150.44612098954337,0,1
West,Phone,Fiber,Premium,Existing,1,1,0,1,1,191.81249178826195,0,0
West,Phone,DSL,Standard,New,1,1,1,1,0,114.26940595026483,1,0
South,Store,Fiber,Premium,Existing,0,1,1,1,0,153.7173410209034,0,0
East,Online,Fiber,Premium,New,1,1,1,1,0,113.4618984503234,1,0
East,Phone,5G,Basic,New,1,1,0,1,1,84.4883559182668,1,0
North,Phone,DSL,Basic,New,1,1,1,1,0,91.11865919705124,0,0
West,Store,5G,Standard,New,1,1,1,1,0,134.7230621668599,0,0
South,Online,DSL,Basic,New,1,1,1,1,0,68.8748115627599,0,0
West,Phone,Fiber,Standard,New,1,1,1,1,1,120.86249880834528,2,0
West,Store,5G,Basic,New,1,1,1,1,1,150.9437004288747,0,0
South,Online,DSL,Standard,Existing,1,1,1,1,1,125.83154330399756,0,0
East,Online,DSL,Premium,Existing,1,1,1,1,1,130.00354074529184,0,0
West,Phone,Fiber,Standard,New,1,1,1,1,0,74.0035552578046,1,0
West,Phone,Fiber,Basic,Existing,1,1,1,1,1,145.22466150362038,0,0
East,Phone,5G,Standard,Existing,1,1,1,1,0,135.58710221859133,1,0
South,Phone,5G,Basic,Existing,1,1,1,1,1,125.35048768420928,2,0
North,Store,DSL,Premium,New,1,1,1,1,1,151.3742043564362,0,0
East,Store,5G,Basic,Existing,1,1,1,1,0,152.15794754281163,0,0
North,Phone,Fiber,Premium,New,1,1,1,1,1,150.72254999239,1,0
North,Online,5G,Premium,New,1,1,1,1,0,62.49442807399891,1,0
East,Phone,5G,Basic,Existing,0,1,1,1,0,134.23876748707187,0,0
West,Online,DSL,Premium,New,1,1,1,1,1,151.80478200001778,1,0
North,Online,Fiber,Basic,New,1,1,0,1,0,137.33834219090068,3,0
North,Online,DSL,Standard,New,0,1,1,1,1,70.86513071414404,0,0
South,Store,Fiber,Premium,Existing,1,1,0,0,0,43.814813789076155,1,1
West,Online,Fiber,Standard,Existing,1,1,1,1,0,137.3597952419609,0,0
North,Online,DSL,Standard,Existing,0,1,0,1,1,75.27386566001522,2,1
South,Store,5G,Basic,New,0,1,1,1,1,172.4187090335236,1,0
West,Online,DSL,Basic,Existing,1,1,1,1,1,189.66184986750733,0,0
East,Online,5G,Premium,Existing,1,1,1,1,0,174.16401088081068,0,0
East,Phone,DSL,Basic,Existing,1,1,1,1,1,67.28009739108407,0,0
South,Online,DSL,Standard,New,0,1,0,1,0,170.9543155433202,0,0
East,Online,5G,Standard,New,1,1,1,1,1,68.56265787679042,1,0
North,Online,5G,Standard,Existing,1,1,1,1,0,87.70564952383381,2,0
West,Online,5G,Premium,New,1,1,1,0,0,172.51618966581952,0,0
North,Online,DSL,Basic,Existing,1,1,1,1,0,63.24166655420585,0,0
North,Store,5G,Standard,Existing,1,1,1,1,1,70.05293574692963,2,0
East,Online,5G,Premium,New,1,1,1,1,1,175.21523702224212,0,0
North,Online,5G,Basic,New,1,0,1,1,0,197.94555069938204,1,0
East,Store,Fiber,Basic,New,1,1,1,1,0,141.73698994129592,0,0
West,Store,5G,Standard,New,1,1,1,1,0,138.77659495070662,0,0
West,Online,5G,Premium,New,0,1,1,1,1,126.49176799110538,2,0
North,Online,5G,Standard,New,1,1,0,1,0,79.13016847367304,0,0
South,Online,Fiber,Standard,Existing,1,0,1,1,1,46.04683467067423,3,1
East,Phone,Fiber,Premium,Existing,1,1,0,1,1,112.04867990016817,0,0
East,Phone,5G,Standard,New,1,1,1,1,0,175.51272222291868,1,0
North,Online,5G,Premium,New,1,1,1,1,0,182.16980730392532,0,0
East,Store,5G,Premium,Existing,1,1,1,1,1,120.89397702246976,0,0
East,Online,5G,Standard,Existing,1,0,0,1,1,190.34760514153814,1,1
South,Store,Fiber,Standard,New,1,1,1,1,0,130.2157106408663,0,0
South,Store,5G,Basic,New,1,1,1,1,1,161.51465442508652,1,0
North,Store,Fiber,Basic,Existing,0,1,1,1,1,110.7061361450249,0,0
South,Online,DSL,Premium,Existing,1,1,1,0,0,53.141950910633454,1,0
North,Online,Fiber,Premium,Existing,1,1,1,1,0,174.04554678695368,0,0
West,Store,DSL,Premium,Existing,1,1,1,1,1,190.898726668082,0,0
North,Phone,Fiber,Basic,Existing,1,1,1,1,1,155.76687606025496,0,0
West,Phone,Fiber,Standard,New,1,1,1,1,1,105.43672204038918,0,0
North,Phone,Fiber,Standard,Existing,1,1,1,1,1,177.65599859276963,0,0
East,Store,5G,Basic,New,1,1,0,1,1,140.9604487786092,1,0
South,Online,Fiber,Standard,Existing,1,1,1,1,0,40.44515145940048,0,0
West,Store,5G,Standard,New,1,1,1,1,0,189.64821601720442,0,0
North,Phone,Fiber,Standard,Existing,1,1,1,1,1,114.06948913672517,1,0
South,Online,Fiber,Basic,New,1,1,1,1,0,67.8966651056004,0,0
North,Store,DSL,Premium,Existing,1,1,1,0,1,69.28139335307412,1,0
South,Store,Fiber,Standard,New,1,1,0,1,0,94.59440427238229,0,0
South,Phone,5G,Standard,Existing,1,1,1,1,0,46.798735279658494,0,0
North,Store,DSL,Premium,New,1,1,1,1,0,88.88146443951882,0,0
West,Online,DSL,Standard,New,1,1,1,1,0,54.58459675024848,2,0
West,Phone,Fiber,Standard,New,1,1,1,1,0,72.30990785485858,0,0
East,Phone,Fiber,Premium,New,1,1,1,1,0,42.887299006909686,1,0
South,Online,DSL,Basic,Existing,0,1,1,1,0,148.96130343853696,1,0
East,Phone,5G,Basic,Existing,1,1,1,1,0,132.0945825410996,0,0
East,Store,Fiber,Standard,New,0,1,1,0,0,54.74676056962457,1,1
North,Store,DSL,Standard,Existing,1,1,0,1,0,164.06235004972422,0,0
North,Phone,5G,Premium,New,1,1,1,1,1,150.08830226999478,3,0
North,Online,Fiber,Premium,Existing,1,1,1,1,1,64.70390205365483,1,0
South,Store,DSL,Standard,Existing,1,1,1,1,0,46.625793712467534,1,0
North,Online,DSL,Standard,New,1,1,1,1,1,61.60640268459478,0,0
North,Store,Fiber,Basic,Existing,1,1,1,0,1,58.70461341259171,0,0
South,Store,5G,Basic,New,1,0,1,1,1,137.6553846767017,0,0
South,Phone,5G,Basic,Existing,1,1,1,1,0,48.197312447224604,0,0
West,Phone,DSL,Basic,Existing,1,1,0,0,0,89.75201985146354,1,1
North,Online,5G,Premium,Existing,0,1,0,1,0,97.44244997792666,0,0
North,Phone,DSL,Basic,New,1,1,1,0,1,53.71212452350625,1,0
North,Store,Fiber,Basic,Existing,1,1,1,1,1,94.9236077774256,2,0
West,Store,5G,Standard,New,1,1,1,1,1,130.5960725073433,0,0
North,Online,Fiber,Basic,New,1,1,1,1,0,91.55024122424865,0,0
West,Online,DSL,Standard,Existing,1,0,1,1,1,188.90898601839214,0,0
East,Store,Fiber,Standard,New,1,0,0,1,1,85.75139902314432,0,1
West,Phone,5G,Basic,Existing,1,1,1,0,0,144.1537301035134,0,0
East,Phone,Fiber,Basic,New,1,1,1,1,1,126.1931978702892,1,0
North,Online,5G,Standard,Existing,1,0,1,1,0,100.0270908594411,1,0
East,Online,5G,Premium,New,0,1,0,1,1,195.02133592862097,2,1
West,Store,5G,Standard,New,1,1,0,1,0,177.42678412754583,2,0
South,Store,5G,Premium,New,1,1,1,0,0,72.10681162680706,0,0
East,Online,5G,Premium,New,1,1,1,1,1,195.59451516535287,1,0
East,Store,DSL,Basic,Existing,1,1,1,1,1,43.05416008602592,0,0
North,Online,Fiber,Basic,Existing,0,0,1,0,1,41.73249850462477,0,1
West,Online,DSL,Basic,New,1,1,1,1,0,55.268574136841195,1,0
East,Phone,Fiber,Basic,New,1,1,1,1,0,96.90548636985173,0,0
East,Online,Fiber,Standard,New,1,1,1,1,0,98.39273052287788,2,0
East,Store,Fiber,Premium,New,1,1,0,1,0,48.9301996971286,1,0
East,Phone,DSL,Standard,Existing,0,1,0,1,1,158.88573151287682,0,0
South,Phone,5G,Premium,Existing,1,0,1,1,0,91.33904478672954,1,0
West,Store,5G,Standard,Existing,1,1,1,1,0,191.68087992550295,1,0
North,Store,DSL,Premium,New,1,0,1,1,1,199.71775955447131,2,1
North,Store,5G,Basic,Existing,1,1,1,1,1,150.43065260604035,1,0
South,Online,Fiber,Premium,Existing,1,1,1,1,0,58.445632840317344,1,0
West,Phone,5G,Basic,New,0,1,1,1,0,122.74853885687021,1,0
East,Online,5G,Premium,Existing,1,1,1,1,1,165.55995955462907,2,0
South,Online,5G,Standard,New,1,1,1,1,1,186.91902996426603,0,0
West,Online,Fiber,Premium,New,1,1,1,1,0,108.26240051400089,1,0
East,Online,5G,Standard,New,1,1,1,1,0,40.03662400424883,1,0
South,Phone,5G,Standard,New,1,1,1,1,1,105.09388116725475,1,0
West,Phone,5G,Basic,New,0,1,1,1,0,131.6252855418083,2,0
North,Online,DSL,Premium,New,1,1,0,1,1,57.76121797282114,1,0
North,Store,DSL,Standard,New,1,1,1,1,1,143.37655299479226,0,0
West,Phone,5G,Premium,Existing,1,1,1,1,0,130.0335666191247,0,0
North,Online,DSL,Basic,Existing,1,1,1,1,0,116.44706719897543,0,0
West,Store,DSL,Basic,New,0,1,1,1,0,126.77612079629057,1,0
East,Store,Fiber,Premium,Existing,1,1,1,1,0,44.772861216400166,1,0
West,Online,DSL,Standard,Existing,1,1,1,1,0,160.46140237214777,0,0
East,Phone,DSL,Standard,Existing,1,1,1,1,0,151.802816682237,0,0
South,Store,5G,Standard,New,1,1,1,1,0,72.12569231633985,0,0
West,Phone,Fiber,Premium,Existing,1,1,0,1,0,52.263512815460516,0,0
South,Phone,Fiber,Standard,New,1,1,1,1,0,102.82274624101974,0,0
North,Store,Fiber,Standard,New,0,1,1,1,1,161.19718490557688,1,0
East,Online,DSL,Standard,New,1,1,1,1,0,103.2561441622924,0,0
West,Store,5G,Basic,New,1,1,1,1,1,155.62070414935016,0,0
South,Store,Fiber,Standard,New,1,1,1,1,0,164.22855263199725,1,0
East,Phone,Fiber,Premium,New,1,1,1,1,1,47.345559317883016,0,0
East,Online,DSL,Premium,New,1,1,1,1,0,103.26206081562098,0,0
North,Phone,Fiber,Standard,Existing,1,1,0,1,1,198.12772847472704,2,0
North,Store,5G,Premium,Existing,1,1,1,1,0,44.20737843524069,1,0
East,Online,Fiber,Premium,New,1,1,1,1,1,183.1912742232129,0,0
East,Online,5G,Standard,Existing,0,1,1,1,1,58.70550723016832,0,0
West,Online,5G,Basic,Existing,1,1,1,0,0,137.68295980147508,0,0
East,Online,5G,Standard,New,0,1,1,1,1,191.96012148459664,0,0
West,Online,DSL,Premium,Existing,1,1,1,1,1,138.5520685370031,1,0
East,Store,DSL,Premium,New,1,1,1,1,0,70.4214323463831,0,0
North,Store,5G,Standard,Existing,1,1,1,1,1,73.19348644199486,1,0
West,Store,5G,Premium,New,1,1,0,0,0,44.8249807849427,1,1
South,Phone,Fiber,Basic,New,1,1,1,1,0,96.92787054558758,2,0
North,Online,Fiber,Standard,Existing,1,1,1,1,0,133.56283554622377,0,0
West,Online,Fiber,Premium,New,1,1,1,1,0,169.6510554176877,0,0
West,Store,DSL,Basic,Existing,1,1,1,1,1,133.2350595325404,1,0
South,Online,Fiber,Premium,New,1,1,0,1,1,185.92999117715462,0,0
West,Phone,5G,Basic,New,0,1,1,1,1,150.62722902983236,0,0
East,Online,5G,Premium,Existing,1,1,1,1,1,128.46699356158206,0,0
South,Online,DSL,Standard,Existing,1,1,1,1,0,72.96711378239605,0,0
North,Phone,DSL,Premium,Existing,1,1,1,1,1,165.61955158428913,2,0
North,Store,Fiber,Standard,New,1,1,1,1,0,88.47420961846296,1,0
East,Store,DSL,Basic,Existing,0,1,1,1,0,91.3409693903277,0,0
North,Online,5G,Basic,New,1,1,1,1,1,56.96351518034176,0,0
West,Phone,5G,Premium,Existing,1,1,1,1,0,48.140236354812274,0,0
West,Store,DSL,Standard,Existing,1,1,1,1,1,112.84378284595593,0,0
East,Store,5G,Standard,Existing,1,1,1,1,1,59.635080362983075,2,0
North,Store,DSL,Basic,Existing,0,1,1,1,0,94.1749802421734,1,0
North,Online,5G,Basic,Existing,0,1,1,1,0,174.04709805437378,1,0
East,Phone,Fiber,Premium,New,1,1,1,1,0,92.71616172000878,0,0
South,Online,DSL,Basic,New,1,1,1,1,1,139.28459409676736,0,0
North,Store,DSL,Basic,Existing,0,1,1,1,1,176.1521229779151,0,0
South,Phone,DSL,Standard,Existing,1,1,0,1,1,63.86574225670433,1,0
North,Online,5G,Standard,Existing,1,1,1,1,1,191.4507624424259,0,0
North,Store,Fiber,Standard,New,0,1,1,1,0,129.63304419726322,0,0
North,Store,DSL,Basic,New,1,1,0,1,0,157.7029751216561,0,0
North,Online,5G,Premium,Existing,1,1,1,1,0,177.30865333421102,2,0
West,Store,DSL,Premium,New,1,1,1,1,1,164.64779729535888,0,0
South,Store,5G,Basic,New,1,1,1,1,1,78.58575869654916,0,0
South,Phone,Fiber,Premium,Existing,1,1,1,1,1,80.1728064040606,0,0
North,Store,5G,Basic,New,1,1,1,1,1,68.54667151180514,0,0
North,Online,5G,Premium,New,1,1,1,1,0,71.23689783142731,0,0
South,Phone,DSL,Basic,New,1,1,0,0,1,168.7279572610484,0,1
West,Online,5G,Standard,New,1,1,1,1,0,129.66261540443057,2,0
East,Store,DSL,Premium,Existing,1,1,1,1,0,60.58858984126515,0,0
East,Phone,5G,Standard,New,1,1,0,1,0,89.44157719774137,1,0
South,Phone,Fiber,Standard,New,0,1,1,1,0,52.37308978315209,2,0
North,Phone,5G,Premium,New,1,1,1,1,0,172.4440257496646,1,0
North,Phone,DSL,Basic,Existing,0,1,1,1,1,138.46112209354635,1,0
West,Online,5G,Standard,Existing,1,1,1,1,1,66.30763937322308,1,0
East,Store,5G,Standard,Existing,1,1,0,1,0,173.9494952965339,2,0
West,Store,Fiber,Basic,Existing,1,1,1,1,0,183.51660960981994,1,0
East,Phone,DSL,Basic,Existing,1,1,1,1,0,152.87593060466673,0,0
South,Store,Fiber,Premium,Existing,0,1,1,1,1,119.61969158673115,1,0
East,Online,5G,Premium,Existing,0,1,1,1,0,163.57750323066955,0,0
West,Store,Fiber,Basic,New,1,1,1,1,0,101.32565768456689,1,0
West,Online,5G,Standard,New,1,1,1,1,0,111.5678468007544,0,0
West,Online,5G,Basic,New,1,1,1,1,0,108.71948720602036,0,0
South,Store,Fiber,Premium,New,1,1,1,1,0,196.00756509532826,1,0
East,Online,Fiber,Standard,Existing,1,1,1,1,0,92.85732827298027,1,0
East,Online,5G,Standard,New,1,1,0,1,0,119.44552721471041,1,0
West,Online,Fiber,Premium,New,1,1,1,1,1,181.79908889166765,1,0
East,Online,Fiber,Standard,Existing,1,1,1,1,1,53.672869254012184,0,0
North,Phone,5G,Basic,New,1,1,1,1,0,86.34942696645788,0,0
North,Store,DSL,Premium,Existing,1,1,1,1,1,160.1718974176862,1,0
North,Phone,Fiber,Standard,Existing,1,1,1,1,0,158.1404758180695,0,0
East,Online,Fiber,Premium,New,0,1,0,1,1,129.10964259316574,0,0
South,Store,DSL,Standard,New,0,1,1,1,1,151.14142038321182,2,0
South,Online,Fiber,Basic,Existing,1,1,0,1,1,85.3768261983214,1,0
South,Store,5G,Premium,New,1,1,1,1,0,143.69966067015855,0,0
South,Phone,Fiber,Standard,Existing,1,1,1,0,1,47.598002319195714,1,0
North,Store,5G,Basic,New,1,0,1,1,0,197.69571583789752,2,1
North,Online,DSL,Basic,New,1,1,1,1,1,142.44675584499407,0,0
West,Store,DSL,Basic,New,1,1,1,1,0,68.69550092237505,0,0
East,Store,DSL,Standard,Existing,1,1,1,1,1,155.41338739043198,0,0
East,Phone,Fiber,Standard,Existing,1,1,1,1,1,142.28989141998534,1,0
South,Online,DSL,Basic,New,1,1,1,1,0,194.28436655824848,2,0
North,Store,Fiber,Basic,New,1,1,1,1,0,86.23019940495527,0,0
South,Phone,Fiber,Basic,Existing,1,1,1,1,1,49.01620953126459,1,0
West,Store,Fiber,Basic,Existing,1,1,1,1,0,69.32854819208102,0,0
East,Online,DSL,Basic,Existing,1,1,1,1,0,107.00278749230247,0,0
East,Store,DSL,Standard,Existing,1,1,1,1,1,78.00338543661894,2,0
South,Store,Fiber,Premium,New,0,0,1,1,1,158.92385816372325,1,1
West,Store,DSL,Premium,Existing,1,1,1,1,0,47.60399639036198,1,0
East,Store,Fiber,Premium,Existing,1,0,1,1,0,60.579991160219265,0,0
West,Online,DSL,Standard,Existing,1,0,1,1,0,89.38161440045869,0,0
West,Phone,5G,Premium,Existing,1,1,1,1,0,129.64264773415118,0,0
South,Phone,DSL,Premium,New,1,1,1,1,0,86.6915783895354,1,0
North,Store,DSL,Premium,New,1,0,1,1,1,129.87251878458113,0,0
South,Online,DSL,Premium,New,1,1,0,1,0,89.83653724708967,1,0
North,Online,Fiber,Basic,Existing,1,1,1,1,0,161.59982585408827,1,0
West,Online,Fiber,Standard,Existing,1,1,1,1,1,158.65209142926932,1,0
North,Online,5G,Premium,New,1,1,1,1,0,166.425101052638,0,0
West,Online,5G,Basic,New,1,1,1,1,0,193.06734032626218,1,0
East,Online,5G,Premium,Existing,1,1,1,1,0,172.13408631629565,2,0
East,Store,Fiber,Premium,Existing,1,1,1,1,0,172.63186770054853,0,0
East,Phone,5G,Premium,New,1,1,1,1,1,100.96933625633625,0,0
South,Phone,5G,Premium,Existing,1,1,1,1,1,89.78495572794232,2,0
South,Store,DSL,Premium,New,1,1,1,1,1,75.48962426406733,1,0
West,Phone,5G,Basic,Existing,1,1,1,1,1,110.98683876010595,0,0
East,Online,DSL,Premium,New,1,1,1,1,0,100.21081034167722,1,0
South,Online,Fiber,Basic,Existing,1,1,1,1,0,75.41095662589349,0,0
East,Phone,Fiber,Premium,Existing,1,1,1,1,1,40.28739079822353,1,0
South,Online,DSL,Standard,Existing,1,1,0,1,1,112.8974372701048,0,0
North,Online,5G,Basic,New,1,1,1,0,0,196.89190481736028,0,0
North,Phone,Fiber,Premium,Existing,1,1,1,1,0,156.79401730887002,1,0
East,Store,DSL,Basic,Existing,1,1,1,1,0,190.33476201766663,2,0
West,Phone,Fiber,Premium,Existing,0,1,1,1,0,120.05084365701917,0,0
South,Phone,Fiber,Premium,New,0,0,1,0,1,197.85867479386542,1,1
South,Phone,5G,Basic,Existing,0,1,1,1,0,71.86826809769109,0,0
North,Phone,Fiber,Premium,New,1,1,1,1,1,128.42550123668588,1,0
North,Store,DSL,Premium,Existing,1,1,1,1,0,81.67489773507003,1,0
West,Store,5G,Premium,New,1,1,1,1,1,76.59372526126988,0,0
West,Online,DSL,Premium,New,1,1,0,0,0,189.70309434177685,0,1
West,Online,DSL,Premium,Existing,1,1,1,1,0,132.27627532768568,1,0
East,Phone,DSL,Premium,New,1,1,1,1,0,53.364348975529445,0,0
North,Online,5G,Basic,Existing,1,1,1,1,0,98.80579700749064,0,0
East,Store,Fiber,Standard,Existing,1,1,1,1,0,174.0874265146581,0,0
North,Online,DSL,Premium,Existing,1,1,1,1,0,54.99413619800354,2,0
North,Online,Fiber,Basic,Existing,1,1,0,1,1,43.502936888355315,1,0
South,Online,Fiber,Standard,New,1,1,0,1,0,175.31942189877356,0,0
North,Phone,DSL,Basic,New,0,1,1,1,0,149.03609715828514,1,0
North,Online,Fiber,Standard,New,1,1,1,1,0,51.21929140877089,0,0
East,Store,5G,Standard,New,1,1,1,0,0,69.39648130952106,2,1
North,Store,5G,Standard,New,1,1,1,1,0,51.345014090981195,2,0
East,Store,Fiber,Basic,Existing,1,1,1,1,0,51.11478076245696,0,0
West,Store,Fiber,Standard,Existing,1,1,1,1,1,184.01416368068107,2,0
North,Online,5G,Premium,New,1,1,1,1,0,160.57933333288491,0,0
North,Phone,Fiber,Premium,New,0,1,1,1,0,122.07152302101602,0,0
East,Store,Fiber,Standard,Existing,1,1,1,0,1,91.03790302416527,0,0
West,Store,Fiber,Standard,New,1,1,1,1,1,137.8177709270626,1,0
South,Phone,Fiber,Premium,New,1,1,1,1,1,85.6913145551515,1,0
West,Phone,DSL,Basic,New,1,1,0,1,1,62.75204143646828,1,0
East,Store,Fiber,Basic,New,1,0,0,1,0,117.88311539940274,2,1
West,Store,5G,Premium,Existing,1,1,1,1,0,175.2443393670353,0,0
East,Phone,DSL,Basic,Existing,1,1,1,1,0,149.56417454997822,1,0
East,Store,DSL,Basic,New,0,1,1,1,0,165.57895177335055,1,0
South,Store,5G,Standard,Existing,1,1,1,1,0,68.60918741608458,0,0
North,Online,Fiber,Basic,New,0,1,1,1,0,193.85053736571595,1,0
East,Phone,DSL,Premium,Existing,1,1,1,1,1,52.066559830958724,1,0
East,Online,DSL,Basic,New,1,1,1,1,1,121.66308787982986,0,0
South,Online,Fiber,Standard,Existing,1,1,1,1,0,99.54164874466684,1,0
East,Phone,Fiber,Premium,Existing,1,0,1,1,0,134.76125581908198,0,0
North,Online,5G,Premium,Existing,1,1,1,1,1,190.52618831384694,0,0
South,Store,DSL,Premium,New,1,0,0,1,0,57.69359957714654,0,1
North,Online,Fiber,Standard,Existing,1,1,1,1,1,61.13234687099593,0,0
North,Phone,Fiber,Premium,Existing,1,1,1,1,0,93.57315482129108,2,0
South,Store,5G,Standard,New,1,1,1,1,1,142.59798850432384,0,0
East,Store,DSL,Standard,New,1,1,1,1,0,63.414953104754886,1,0
North,Store,Fiber,Basic,New,1,1,1,1,0,60.88662658981825,0,0
North,Store,5G,Premium,New,0,1,0,1,0,166.6713804383813,0,0
North,Online,DSL,Basic,New,1,1,1,1,1,167.17298331924832,1,0
North,Online,DSL,Basic,Existing,1,1,1,1,1,148.88639344233763,1,0
South,Store,DSL,Standard,New,1,1,1,1,1,105.68083967289962,1,0
South,Phone,DSL,Basic,New,1,1,1,1,0,131.7906214934626,0,0
West,Store,5G,Basic,Existing,1,1,1,1,0,138.40326172095533,1,0
West,Online,Fiber,Basic,New,1,1,0,1,0,148.6564562001189,0,0
North,Store,DSL,Premium,New,1,1,0,1,0,77.38068578351351,0,0
East,Online,DSL,Basic,Existing,1,1,0,1,0,122.4997462881551,1,0
North,Store,Fiber,Standard,Existing,1,1,1,1,0,199.7138368421843,0,0
East,Phone,DSL,Premium,New,1,1,1,1,0,68.14866391739137,0,0
North,Store,DSL,Standard,New,1,1,1,1,0,52.40221247819255,0,0
West,Phone,Fiber,Premium,Existing,1,0,1,1,0,51.06844071658191,0,0
West,Phone,Fiber,Premium,New,1,1,0,0,1,146.72643222918128,0,1
East,Store,DSL,Premium,Existing,1,1,0,1,1,170.3510308616998,2,0
North,Phone,Fiber,Standard,Existing,1,1,1,1,0,77.9705073618044,1,0
East,Phone,5G,Basic,Existing,1,0,0,0,0,45.4761169961308,1,1
West,Online,5G,Premium,New,0,1,1,0,0,154.34981991151943,0,1
North,Online,DSL,Standard,New,1,1,1,1,0,159.57614621103144,0,0
North,Phone,DSL,Premium,New,1,1,1,1,0,82.18343792428398,0,0
East,Store,Fiber,Basic,Existing,1,1,1,1,0,42.39678200916131,0,0
South,Phone,Fiber,Premium,New,1,1,1,1,0,167.92435604309333,1,0
East,Store,DSL,Standard,New,0,1,1,1,0,97.76171974513632,1,0
West,Online,DSL,Premium,Existing,1,1,1,1,0,123.16047074879293,0,0
West,Store,5G,Standard,New,1,1,1,1,0,183.9966008669317,2,0
West,Phone,Fiber,Basic,New,1,1,1,1,1,72.89886864835435,1,0
West,Phone,DSL,Basic,Existing,0,1,1,1,1,60.84603032040073,0,0
West,Phone,DSL,Premium,Existing,0,1,1,1,0,133.12434394140683,0,0
South,Phone,Fiber,Basic,Existing,0,1,0,1,0,146.57118814541354,0,0
North,Phone,Fiber,Standard,New,1,1,1,1,0,102.96287198619005,0,0
East,Store,DSL,Premium,New,1,1,1,1,0,45.10233098006756,0,0
East,Phone,DSL,Standard,New,1,1,1,1,0,54.27741806719938,2,0
West,Online,DSL,Premium,Existing,1,1,0,0,0,82.81192096876426,0,1
East,Phone,Fiber,Standard,New,1,1,1,1,1,75.25241888674431,2,0
West,Store,DSL,Premium,New,1,1,1,1,1,90.39007813268267,2,0
South,Phone,DSL,Standard,New,1,1,1,1,1,126.19500531046788,2,0
South,Phone,DSL,Standard,Existing,1,1,1,1,1,48.93760930044897,1,0
North,Store,5G,Premium,New,1,1,1,1,1,76.23170838359634,1,0
South,Phone,5G,Standard,Existing,1,1,1,1,1,168.01146008357244,1,0
South,Store,Fiber,Basic,New,1,1,1,1,0,66.93988024506218,1,0
North,Phone,DSL,Standard,Existing,1,1,1,1,1,87.88144388175441,1,0
East,Online,DSL,Premium,Existing,1,1,1,1,0,113.12804661596877,1,0
West,Phone,Fiber,Basic,New,1,1,1,1,0,65.96818698542924,1,0
West,Store,Fiber,Basic,New,1,1,1,1,1,161.41120803543325,1,0
East,Online,Fiber,Standard,Existing,1,1,1,1,0,44.48422567980002,0,0
North,Store,DSL,Standard,Existing,1,1,0,1,1,108.55859600553418,1,0
East,Phone,5G,Standard,New,1,1,1,1,0,127.48090126698943,1,0
South,Online,Fiber,Basic,Existing,1,1,1,1,0,59.89119593653573,0,0
North,Store,DSL,Basic,Existing,0,1,1,1,1,150.03583689767908,1,0
North,Online,Fiber,Basic,Existing,1,1,1,1,1,55.56544701671315,0,0
North,Online,DSL,Premium,New,1,1,1,1,1,128.99282195917343,1,0
West,Store,Fiber,Premium,Existing,1,1,1,1,0,183.52698983263085,0,0
East,Online,DSL,Standard,New,1,1,1,1,0,66.40115434065395,0,0
North,Store,Fiber,Premium,New,1,1,0,1,1,131.35408718476273,2,0
North,Online,5G,Premium,New,0,1,1,1,1,171.8981198724855,1,0
North,Online,Fiber,Standard,Existing,1,0,1,0,1,74.4430995038843,0,1
East,Online,Fiber,Standard,Existing,1,0,1,1,0,43.018281389197384,0,0
West,Phone,5G,Basic,Existing,1,0,1,1,1,43.42219556639746,0,0
South,Phone,Fiber,Basic,New,1,1,1,1,1,79.19834728006117,0,0
West,Store,5G,Standard,New,1,1,1,0,0,154.5672522187692,0,0
North,Online,DSL,Standard,New,1,1,1,1,0,94.2683283972019,2,0
West,Store,5G,Premium,New,1,1,1,1,0,116.69585988356216,2,0
West,Phone,5G,Premium,New,0,1,1,1,0,49.24586194063744,0,0
South,Phone,DSL,Premium,New,1,0,1,1,1,181.03701806938338,0,0
East,Phone,5G,Standard,New,1,1,1,1,1,105.59023215736397,0,0
East,Phone,5G,Standard,New,1,1,1,1,0,166.09308750128756,1,0
West,Store,DSL,Basic,Existing,0,1,1,1,1,42.644185972258875,2,0
West,Online,Fiber,Premium,Existing,1,1,1,0,0,151.96585150695302,0,0
East,Store,Fiber,Basic,Existing,1,1,1,1,0,120.22703037570892,1,0
East,Online,5G,Standard,Existing,1,1,1,1,1,81.60475632432151,1,0
South,Phone,Fiber,Premium,New,0,1,1,1,1,154.53099917480944,1,0
North,Online,Fiber,Basic,Existing,1,1,1,1,1,118.47197054727445,1,0
West,Phone,5G,Standard,New,1,1,1,1,1,136.19954031640867,0,0
East,Store,DSL,Basic,Existing,1,1,1,1,1,157.59632993146045,0,0
West,Online,Fiber,Premium,New,0,1,1,1,1,54.31087677133087,0,0
West,Store,5G,Basic,Existing,1,1,1,1,1,150.30675178115303,0,0
East,Phone,DSL,Basic,Existing,1,1,1,1,0,108.38068035344817,0,0
South,Store,Fiber,Standard,Existing,1,1,1,1,0,188.8647190605275,0,0
West,Phone,DSL,Premium,New,1,1,0,1,0,180.57066322477186,1,0
South,Phone,5G,Basic,Existing,1,1,1,1,0,160.42076863733428,3,0
East,Phone,DSL,Standard,Existing,1,1,1,1,1,157.2998339477818,1,0
North,Store,DSL,Premium,Existing,1,1,1,1,0,181.57208683405443,2,0
North,Store,5G,Standard,Existing,1,1,1,1,1,167.3279124877832,1,0
West,Online,Fiber,Premium,Existing,1,1,1,1,1,193.98794388743502,0,0
East,Online,Fiber,Standard,New,1,1,1,1,0,178.11945098168053,2,0
South,Store,DSL,Standard,New,1,1,1,1,0,92.71737928557562,2,0
West,Store,DSL,Standard,Existing,1,1,0,1,1,151.6660087287304,0,0
East,Store,DSL,Basic,New,1,1,1,1,1,178.54613833227845,1,0
East,Store,DSL,Basic,Existing,1,1,0,1,1,169.62650956487184,0,0
South,Phone,Fiber,Standard,Existing,1,1,1,1,0,139.62741183420064,0,0
West,Phone,5G,Premium,Existing,1,1,1,1,0,120.5797763495176,0,0
East,Phone,5G,Standard,Existing,1,1,1,1,0,53.34647795906086,0,0
East,Store,5G,Basic,New,1,1,1,1,1,91.27255668688602,2,0
East,Phone,DSL,Premium,Existing,1,1,0,1,0,136.83168276347885,0,0
South,Phone,DSL,Basic,Existing,1,1,1,1,0,132.47667031856764,0,0
West,Online,5G,Standard,New,1,1,1,0,0,159.93394111318216,2,1
West,Online,Fiber,Basic,Existing,1,1,1,1,0,180.17674292150573,0,0
West,Phone,5G,Basic,Existing,1,1,1,1,1,129.89036616609138,0,0
West,Phone,Fiber,Basic,New,1,1,1,1,1,142.8413297600617,1,0
North,Phone,DSL,Standard,New,1,1,1,1,0,108.1350843003115,0,0
North,Store,5G,Basic,Existing,1,1,1,1,0,49.38667760429246,2,0
West,Online,5G,Standard,Existing,1,1,0,1,1,92.32962091667895,2,0
South,Online,DSL,Standard,Existing,1,1,1,1,1,126.32254465256713,2,0
North,Online,Fiber,Basic,New,1,1,1,1,0,118.87709126216565,2,0
East,Phone,5G,Premium,Existing,1,1,1,1,1,130.1113254156898,0,0
North,Store,5G,Basic,Existing,1,0,1,1,0,140.06506971898978,0,0
East,Online,Fiber,Basic,Existing,1,1,1,1,1,51.04568055785181,0,0
West,Online,5G,Basic,Existing,0,1,1,1,1,41.972716383959906,0,0
North,Store,5G,Premium,New,0,1,1,1,0,76.46869176172446,0,0
South,Phone,DSL,Premium,New,1,1,1,1,0,126.09527486599191,0,0
North,Phone,Fiber,Standard,Existing,1,0,1,0,1,94.43391698812489,0,1
North,Online,5G,Premium,New,0,1,1,1,0,133.0580131855388,0,0
North,Online,5G,Premium,Existing,1,0,1,0,0,142.08221054301313,0,1
West,Store,DSL,Basic,New,1,1,1,1,0,67.96496254471782,1,0
South,Online,5G,Standard,New,1,1,1,1,0,133.93335083184013,1,0
North,Store,DSL,Standard,New,1,1,1,1,0,199.33871338607233,1,0
South,Online,5G,Premium,Existing,1,1,1,1,0,193.99111373152033,1,0
West,Online,DSL,Premium,Existing,1,1,1,1,0,96.52018331620977,0,0
East,Online,Fiber,Basic,New,0,1,1,1,1,72.58069109755652,1,0
North,Phone,Fiber,Premium,Existing,1,1,1,1,0,184.99502101963594,0,0
South,Store,5G,Premium,New,1,1,1,1,1,160.27890595566987,0,0
South,Store,5G,Standard,Existing,1,1,1,1,0,77.8823603387393,0,0
West,Phone,DSL,Premium,New,1,1,1,1,1,93.04563923454094,0,0
North,Phone,DSL,Basic,New,0,1,0,1,1,108.94839648592558,3,1
East,Phone,Fiber,Standard,Existing,1,1,0,1,0,102.52886575743354,1,0
South,Store,5G,Standard,Existing,1,1,1,1,1,138.384187787553,1,0
North,Online,DSL,Premium,New,1,1,1,1,1,155.76360029909455,2,0
East,Phone,Fiber,Basic,Existing,1,1,1,1,0,183.93162461662774,1,0
South,Phone,Fiber,Standard,New,1,1,1,1,1,68.1956056126924,0,0
South,Phone,DSL,Basic,New,1,1,1,1,0,98.50435385095126,1,0
East,Online,5G,Basic,Existing,1,1,1,1,0,159.96423745053931,1,0
East,Online,Fiber,Premium,Existing,1,1,1,1,0,151.3797435999679,0,0
West,Phone,DSL,Basic,Existing,1,0,1,1,1,183.7679965924219,1,0
North,Online,Fiber,Standard,Existing,1,1,1,1,1,153.49340150032583,0,0
North,Phone,5G,Premium,New,1,1,0,1,1,58.45689360921084,1,0
West,Online,DSL,Standard,New,1,1,1,0,0,155.17051309233605,0,0
South,Store,5G,Basic,New,1,1,1,1,0,44.76657652412706,1,0
East,Store,5G,Basic,Existing,0,1,1,1,0,129.8932244893607,0,0
East,Online,Fiber,Premium,Existing,1,1,1,1,0,147.17452064777615,0,0
East,Store,5G,Premium,New,1,1,1,1,0,172.02683489241497,0,0
South,Store,Fiber,Standard,Existing,1,1,1,1,1,136.09824570881304,1,0
East,Store,DSL,Standard,Existing,1,1,1,1,1,141.62390341182788,0,0
East,Phone,DSL,Basic,Existing,1,1,0,1,0,64.33565618089325,1,0
West,Online,Fiber,Premium,New,1,1,1,1,0,49.98149093883653,1,0
South,Online,Fiber,Basic,New,1,1,1,1,0,56.30824414569746,0,0
North,Online,Fiber,Basic,Existing,1,1,1,1,1,76.78568113637864,2,0
West,Store,5G,Standard,New,1,1,1,1,0,111.51599641566628,0,0
West,Phone,DSL,Standard,New,1,1,1,1,0,102.8567052713606,0,0
North,Online,DSL,Standard,New,1,1,1,1,1,88.23458456406965,1,0
West,Store,5G,Premium,New,1,0,0,1,0,182.1269369113745,1,1
South,Phone,Fiber,Standard,New,1,1,1,1,1,54.076697007993495,2,0
East,Phone,DSL,Premium,Existing,1,1,0,1,1,63.06470162341705,0,0
South,Online,5G,Basic,New,1,1,0,1,1,109.59892265045114,0,0
North,Online,Fiber,Premium,Existing,1,1,1,1,1,60.73436546731487,1,0
North,Store,DSL,Standard,Existing,1,1,1,1,0,64.89203487757051,2,0
West,Online,Fiber,Premium,New,1,1,1,1,1,194.733776033647,1,0
South,Store,5G,Premium,New,0,1,1,1,1,119.07770326757088,1,0
South,Phone,DSL,Standard,New,1,1,0,0,1,56.79930015539591,1,1
North,Phone,Fiber,Standard,New,1,1,0,1,1,48.316297440682575,0,0
South,Phone,Fiber,Basic,Existing,1,1,1,1,0,157.59610439758774,1,0
North,Phone,Fiber,Premium,Existing,1,1,1,1,0,101.53373132522951,0,0
South,Online,5G,Basic,Existing,1,1,1,1,0,85.52043828541392,0,0
South,Online,Fiber,Basic,New,0,1,1,1,1,150.05526130921595,0,0
South,Store,DSL,Premium,Existing,1,1,1,1,1,151.79162064535427,0,0
North,Store,DSL,Basic,Existing,1,1,0,1,0,97.67299093276691,0,0
West,Store,Fiber,Premium,New,1,1,0,1,0,192.11124467606427,1,0
South,Store,5G,Basic,New,0,1,1,1,0,103.98738249835999,0,0
North,Store,DSL,Basic,New,1,0,1,1,0,100.73819358673752,0,0
North,Phone,DSL,Premium,Existing,0,1,1,1,0,164.448530110332,4,0
South,Phone,DSL,Standard,New,1,1,1,1,1,170.5453424488747,3,0
South,Phone,Fiber,Premium,Existing,1,1,1,1,1,85.95741041943056,1,0
West,Store,DSL,Standard,New,1,1,1,0,1,150.25240407530092,0,0
North,Phone,Fiber,Premium,Existing,0,1,1,1,0,142.27929488227517,0,0
North,Phone,Fiber,Premium,Existing,1,1,1,1,1,45.38624189672545,0,0
East,Phone,Fiber,Standard,New,1,1,1,1,1,71.2660556437292,2,0
North,Phone,Fiber,Standard,Existing,1,1,1,1,0,56.088248658416276,0,0
West,Online,Fiber,Premium,New,1,1,1,1,1,181.6441889287111,1,0
East,Store,DSL,Premium,New,1,1,1,1,0,192.9131740264055,1,0
East,Store,Fiber,Premium,New,1,0,1,1,0,171.99725925659868,0,0
East,Online,Fiber,Standard,Existing,0,1,1,1,1,89.77591987498194,1,0
South,Phone,Fiber,Premium,Existing,1,1,1,1,0,177.62122353762808,0,0
South,Phone,Fiber,Standard,Existing,1,1,1,1,1,49.30746404176132,0,0
North,Phone,Fiber,Basic,New,1,1,0,1,0,149.6444769017791,0,0
East,Store,Fiber,Standard,Existing,1,1,1,1,0,59.856378149423094,0,0
West,Store,DSL,Basic,Existing,1,1,1,1,0,42.010990456336295,0,0
South,Store,Fiber,Premium,New,1,1,1,1,1,68.06856341475327,1,0
West,Store,Fiber,Premium,New,0,1,1,1,0,194.14594703498136,2,0
West,Store,DSL,Standard,New,1,1,0,1,0,160.67469611539894,0,0
South,Online,DSL,Basic,New,1,1,1,0,1,122.8882334941793,1,0
South,Store,5G,Premium,New,1,1,1,1,1,189.91279184432676,1,0
South,Phone,DSL,Premium,New,1,1,1,1,1,106.58472949720533,1,0
South,Store,DSL,Basic,New,0,0,0,1,0,46.44521763010515,0,1
East,Online,Fiber,Premium,Existing,1,1,1,0,0,135.13540475101087,2,1
East,Phone,5G,Premium,New,1,1,1,1,0,172.53782159301008,0,0
East,Online,Fiber,Standard,New,1,1,1,1,1,85.76737310327472,0,0
East,Phone,5G,Premium,New,0,1,1,1,0,90.76891052999775,3,0
North,Store,Fiber,Basic,New,0,1,1,1,0,147.44884376547176,1,0
East,Online,DSL,Premium,New,1,1,1,1,0,168.71877147048644,1,0
South,Phone,DSL,Standard,Existing,1,1,1,1,0,109.45072083631004,1,0
West,Store,5G,Premium,New,0,1,1,1,1,54.232550311670025,1,0
East,Phone,Fiber,Basic,Existing,1,1,1,1,0,159.4540304316425,0,0
North,Online,Fiber,Premium,Existing,1,1,0,1,1,108.24413735420549,0,0
South,Online,DSL,Basic,New,1,1,1,1,0,185.62648674458592,0,0
West,Online,DSL,Standard,New,1,1,1,1,0,80.50391988850039,0,0
West,Online,5G,Premium,New,1,0,1,1,0,114.12564251618959,0,0
East,Store,DSL,Premium,Existing,1,1,1,1,0,153.30016395536066,0,0
West,Phone,5G,Standard,New,1,1,1,1,0,79.22885392836343,2,0
East,Store,5G,Basic,Existing,1,1,0,1,1,76.29825964185264,0,0
East,Online,5G,Basic,Existing,0,1,1,1,1,156.57995612952453,0,0
South,Phone,5G,Premium,New,1,1,1,1,0,68.78997249819683,0,0
South,Online,DSL,Basic,New,1,1,1,1,0,59.06463540950945,0,0
North,Store,5G,Basic,Existing,1,1,1,1,0,81.43203584408926,1,0
South,Store,DSL,Premium,Existing,0,1,1,1,0,171.2524917947159,1,0
South,Store,5G,Basic,New,1,1,1,1,0,178.2123908409278,4,0
East,Phone,DSL,Basic,New,1,1,1,1,1,56.701985665693414,2,0
South,Phone,5G,Premium,Existing,1,1,1,1,0,57.549150369856164,0,0
East,Online,DSL,Premium,Existing,0,1,1,1,0,173.9441429528785,1,0
East,Phone,Fiber,Basic,New,0,1,0,1,1,191.34852455322454,1,0
South,Phone,5G,Premium,Existing,1,1,1,0,1,116.83243688379665,4,1
North,Store,5G,Basic,New,1,1,1,1,1,175.85216015917274,2,0
North,Online,Fiber,Basic,New,1,1,1,1,0,182.29609138227346,0,0
West,Store,Fiber,Basic,New,1,0,1,1,0,97.71844708990288,0,0
West,Online,5G,Basic,Existing,1,1,1,1,0,120.73678978016724,1,0
South,Online,DSL,Premium,Existing,1,1,1,1,0,131.38302034444888,1,0
North,Phone,5G,Premium,Existing,1,1,1,1,0,163.97492243231125,0,0
East,Store,DSL,Standard,New,1,1,1,1,0,113.47593682365545,0,0
West,Phone,Fiber,Premium,New,1,1,1,1,1,121.1823115956045,1,0
East,Phone,DSL,Standard,New,1,1,0,1,0,51.920285903135195,1,0
West,Phone,5G,Basic,Existing,1,1,0,1,1,48.66745490404101,1,0
South,Online,Fiber,Premium,New,0,1,1,1,0,158.34739072427396,0,0
North,Store,Fiber,Basic,New,1,1,1,1,1,117.16145852182652,0,0
West,Store,5G,Standard,New,1,1,1,1,0,54.341178739916614,0,0
North,Phone,5G,Premium,Existing,1,1,1,1,0,78.53776503262786,1,0
East,Online,Fiber,Premium,Existing,0,1,1,1,0,148.37363540433074,0,0
South,Store,DSL,Premium,Existing,1,1,0,1,0,120.76298201493503,1,0
North,Store,DSL,Premium,Existing,0,1,1,1,1,167.09066069170117,2,0
South,Phone,DSL,Basic,Existing,1,1,1,1,0,102.95049976756403,0,0
North,Online,5G,Premium,Existing,1,1,1,1,0,58.413519408752705,1,0
East,Phone,Fiber,Standard,Existing,1,1,1,1,0,82.81151201975041,1,0
East,Store,DSL,Premium,New,1,1,1,1,0,57.59288683968116,1,0
South,Online,Fiber,Standard,New,0,1,1,1,0,116.87588711356588,0,0
East,Phone,DSL,Standard,New,0,1,1,1,1,115.86960199016828,3,0
West,Store,Fiber,Basic,New,1,1,1,1,1,51.84213847053634,1,0
North,Phone,5G,Premium,Existing,1,1,1,1,0,70.63946224386385,0,0
East,Phone,5G,Standard,Existing,1,1,1,1,0,195.17901754332397,2,0
West,Phone,5G,Premium,New,1,0,1,1,0,197.3586844563307,0,0
South,Online,DSL,Basic,New,1,1,0,1,0,94.82252131077149,0,0
West,Store,5G,Basic,Existing,1,1,0,1,1,63.14516893706951,1,0
South,Store,5G,Premium,Existing,1,1,1,1,1,70.14151394588248,1,0
South,Store,5G,Standard,Existing,1,1,0,1,1,53.02896427317776,0,0
North,Store,Fiber,Basic,New,1,1,1,1,0,53.67880599720293,0,0
North,Online,Fiber,Standard,Existing,1,1,1,1,1,70.87782798200968,0,0
West,Phone,Fiber,Standard,New,1,1,0,1,0,115.270725109224,0,0
North,Store,Fiber,Premium,Existing,1,1,1,1,1,154.05906926265348,0,0
North,Online,Fiber,Basic,Existing,1,1,1,1,1,65.28568145966315,0,0
North,Phone,Fiber,Premium,New,1,0,1,1,0,106.71080102535808,0,0
West,Online,Fiber,Premium,Existing,1,1,1,1,1,53.68519411950462,0,0
East,Online,5G,Premium,New,0,1,1,0,0,139.46115304179833,2,1
North,Store,5G,Standard,Existing,1,1,1,1,1,108.9136276912404,1,0
North,Store,DSL,Premium,Existing,1,1,1,1,1,167.90022388152653,1,0
West,Phone,5G,Basic,New,1,1,0,1,1,181.08441461414836,0,0
East,Phone,Fiber,Standard,Existing,1,1,1,1,1,78.93854481538278,0,0
North,Store,Fiber,Premium,Existing,1,1,1,1,1,104.14774607082018,0,0
South,Online,DSL,Basic,Existing,1,1,1,1,0,119.57233984749595,2,0
West,Store,5G,Premium,Existing,1,1,1,1,0,199.4077698596917,0,0
North,Phone,5G,Premium,Existing,1,1,1,1,0,186.51293867688057,0,0
North,Online,DSL,Premium,Existing,1,0,1,1,0,195.18447287888807,0,0
South,Online,Fiber,Standard,Existing,1,0,1,1,0,114.2492209565634,1,0
South,Online,Fiber,Premium,Existing,1,1,1,1,0,199.9323454635661,1,0
West,Store,Fiber,Basic,Existing,1,1,1,1,0,45.16057468067405,1,0
West,Store,Fiber,Premium,New,1,1,1,1,1,194.84307652643648,4,0
South,Phone,DSL,Premium,Existing,1,1,1,1,1,70.78288941893545,0,0
West,Online,5G,Standard,Existing,1,1,1,1,1,196.6082789871697,0,0
South,Online,Fiber,Premium,Existing,0,1,0,1,0,112.7779352405826,1,0
North,Store,5G,Basic,New,1,1,0,1,1,132.71506334517034,0,0
South,Phone,5G,Basic,New,1,1,1,1,0,185.18387957942605,0,0
South,Phone,Fiber,Premium,New,1,1,0,1,0,197.48629963165524,0,0
East,Online,Fiber,Basic,New,1,1,1,1,1,67.45970605125063,0,0
South,Store,Fiber,Basic,New,1,1,1,1,1,137.43958665832648,1,0
South,Online,5G,Premium,New,1,0,1,1,0,150.85807843175843,1,0
East,Store,DSL,Basic,Existing,0,0,1,1,0,153.3072446678878,1,1
West,Phone,Fiber,Basic,New,1,1,0,1,0,73.63988841441557,2,0
East,Online,5G,Premium,Existing,0,1,1,1,1,51.20295608458125,0,0
North,Online,5G,Standard,Existing,1,1,1,1,0,100.19853649900807,1,0
East,Online,Fiber,Standard,Existing,1,1,1,1,0,169.8617929194105,1,0
North,Phone,DSL,Premium,New,1,1,0,1,0,195.30199853270153,0,0
West,Online,Fiber,Standard,Existing,1,1,1,1,0,111.1397481085236,0,0
East,Phone,Fiber,Standard,Existing,0,1,1,0,0,186.2742226568196,0,1
East,Store,DSL,Standard,New,0,1,1,1,0,155.56943891196195,1,0
West,Phone,Fiber,Standard,New,1,1,1,1,1,58.87900191990889,0,0
North,Store,Fiber,Premium,Existing,1,0,1,1,0,95.2699880347688,1,0
East,Phone,DSL,Standard,New,0,1,1,1,0,159.1021182180759,1,0
North,Phone,5G,Standard,New,0,1,1,1,0,111.55709667049209,0,0
East,Online,5G,Premium,Existing,1,1,1,1,0,144.96347722996558,1,0
South,Phone,5G,Premium,Existing,1,1,1,1,1,161.53864458883118,0,0
East,Online,5G,Standard,Existing,1,1,0,1,1,196.95876119510362,0,0
West,Store,5G,Basic,Existing,1,1,1,1,0,186.9096201612404,0,0
West,Store,Fiber,Premium,Existing,1,0,0,1,0,95.07905645800464,0,1
North,Online,DSL,Premium,Existing,1,0,1,1,1,168.43895107959753,1,0
East,Store,5G,Standard,Existing,1,1,1,1,1,99.59978433378822,1,0
North,Phone,DSL,Basic,Existing,1,1,1,1,0,143.40396697975922,0,0
North,Online,5G,Premium,New,1,0,1,1,0,49.85891667025173,2,1
South,Online,Fiber,Premium,New,1,1,1,1,0,165.45180473763799,1,0
South,Online,5G,Premium,New,1,0,1,1,1,198.58880206500368,0,0
West,Store,5G,Basic,New,1,1,1,0,0,126.22844571556985,1,0
North,Store,DSL,Premium,New,1,1,1,1,1,189.20685795955504,0,0
West,Phone,DSL,Premium,Existing,1,1,1,1,0,179.63572540115328,0,0
East,Phone,Fiber,Basic,New,0,1,1,1,0,41.84525550461114,2,0
North,Online,DSL,Premium,New,1,1,1,1,1,54.33486881948333,1,0
North,Phone,DSL,Basic,Existing,0,1,0,1,0,109.81199391667707,1,0
East,Store,DSL,Basic,New,1,1,1,0,0,82.32129570423902,1,0
East,Phone,Fiber,Basic,Existing,1,1,1,1,1,104.37915599661999,0,0
West,Store,Fiber,Standard,New,1,1,1,1,0,121.69669872964703,0,0
West,Phone,Fiber,Premium,New,1,1,1,1,0,116.41196877349009,0,0
East,Store,DSL,Premium,Existing,1,1,1,1,1,65.97226190518913,0,0
West,Store,DSL,Premium,New,1,1,1,1,0,63.74681261963332,1,0
East,Phone,Fiber,Basic,New,1,1,1,1,0,106.17650646562456,1,0
North,Phone,DSL,Standard,New,1,1,1,1,0,150.5460876310081,3,0
North,Store,DSL,Basic,Existing,1,1,1,1,0,134.60470532943464,0,0
South,Online,5G,Premium,Existing,1,1,1,1,1,53.76273120028511,0,0
North,Phone,Fiber,Basic,Existing,1,1,1,1,1,85.24138262919733,1,0
East,Store,Fiber,Standard,Existing,1,0,1,1,0,106.34516730770025,1,0
West,Phone,DSL,Premium,Existing,1,1,1,1,1,93.18539256440334,1,0
South,Phone,DSL,Basic,New,1,1,0,1,0,111.51821891870094,1,0
West,Phone,5G,Standard,New,0,1,1,1,0,110.22573244944651,0,0
East,Phone,Fiber,Basic,Existing,0,1,1,1,1,173.26810757693406,0,0
North,Phone,Fiber,Basic,Existing,1,1,0,1,1,173.49023306020075,1,0
South,Online,DSL,Premium,New,1,1,1,1,1,190.39357334500008,0,0
East,Online,Fiber,Standard,Existing,0,1,1,1,0,123.78469369762094,2,0
South,Online,DSL,Basic,New,0,1,1,1,1,84.22750504448445,0,0
South,Store,5G,Standard,Existing,1,1,0,1,0,150.718416633287,0,0
North,Online,DSL,Premium,Existing,1,1,1,1,0,162.2675918037678,0,0
East,Online,5G,Premium,New,1,1,1,1,1,95.81040159712566,3,0
West,Store,DSL,Premium,New,1,1,1,1,0,171.9263459965825,1,0
South,Online,5G,Standard,Existing,1,1,1,1,0,151.05252674636816,0,0
South,Phone,5G,Standard,Existing,1,1,1,1,1,195.23952737496774,1,0
West,Online,Fiber,Basic,New,1,1,1,1,1,95.24823186296346,0,0
East,Online,DSL,Standard,New,1,1,1,1,1,187.6053379519479,1,0
South,Online,Fiber,Premium,Existing,1,1,1,1,1,95.62112935157731,1,0
South,Phone,Fiber,Basic,New,1,1,1,1,0,178.63881457671167,1,0
South,Phone,DSL,Standard,Existing,0,0,1,1,0,92.4588373714056,2,1
East,Phone,Fiber,Premium,Existing,1,1,1,1,0,185.37190118187934,1,0
East,Phone,Fiber,Premium,Existing,1,1,1,1,0,42.703558610044524,0,0
West,Store,Fiber,Basic,Existing,1,1,1,1,0,104.815546357633,0,0
East,Phone,DSL,Premium,Existing,1,1,1,1,1,48.02205893828875,0,0
East,Phone,Fiber,Standard,Existing,1,1,1,1,1,105.19501588643904,0,0
North,Phone,Fiber,Premium,Existing,1,1,1,1,0,107.46938611033195,0,0
West,Phone,Fiber,Basic,New,0,1,1,1,1,185.25316568446874,2,0
South,Store,DSL,Premium,New,1,1,0,1,0,167.96433694385254,2,0
East,Online,5G,Premium,Existing,1,1,1,1,0,82.64721672053481,2,0
South,Online,5G,Standard,New,1,1,1,1,1,173.6423213017915,0,0
South,Phone,5G,Standard,Existing,1,1,1,1,1,69.03644694779958,1,0
North,Phone,5G,Standard,Existing,1,0,1,1,1,150.79783728765608,1,0
East,Phone,Fiber,Standard,New,1,0,1,1,1,84.38110632153354,0,0
West,Online,DSL,Premium,New,1,1,1,1,1,194.70632591449746,2,0
East,Online,Fiber,Standard,Existing,1,1,1,1,1,189.3850723152534,0,0
South,Phone,DSL,Premium,New,1,1,0,1,0,88.2878593672871,0,0
West,Online,Fiber,Standard,Existing,1,1,1,1,1,44.70370339383935,0,0
East,Store,5G,Standard,New,1,1,1,1,0,143.57010618231487,0,0
South,Phone,5G,Standard,Existing,1,0,1,1,0,66.03349829647918,0,0
South,Phone,DSL,Premium,Existing,1,0,1,1,1,58.80675424396222,1,0
North,Store,Fiber,Standard,Existing,1,1,1,1,0,185.1519190603768,1,0
North,Store,5G,Premium,New,1,1,1,1,1,130.19225000456402,1,0
North,Online,DSL,Standard,Existing,1,1,1,1,0,189.43916139442882,2,0
South,Store,Fiber,Standard,Existing,1,1,1,1,0,82.32839242882338,2,0
East,Phone,DSL,Basic,New,0,1,0,1,1,93.1424685523167,0,0
North,Online,Fiber,Standard,New,1,1,1,0,1,189.8856627188055,0,0
East,Store,Fiber,Premium,Existing,1,1,0,1,0,111.289283074145,0,0
North,Online,Fiber,Basic,New,1,0,1,0,0,77.43097903971974,2,1
West,Online,DSL,Premium,Existing,0,1,1,1,1,106.42793489996808,0,0
West,Online,DSL,Premium,Existing,1,0,0,0,1,96.16424088411924,1,1
North,Online,Fiber,Basic,Existing,1,1,1,0,0,166.03259371707165,0,0
South,Store,5G,Standard,New,1,1,1,1,0,105.7690696447236,3,0
North,Phone,Fiber,Basic,New,1,1,1,1,1,52.32266914722988,2,0
North,Phone,DSL,Premium,New,1,1,1,0,0,136.89459055171184,2,1
South,Store,Fiber,Standard,Existing,1,1,0,1,1,182.19381106959202,1,0
West,Phone,DSL,Basic,Existing,1,1,1,1,1,186.05513128503216,0,0
East,Online,Fiber,Premium,Existing,1,1,1,1,0,117.15627756981962,1,0
North,Online,Fiber,Standard,New,1,1,1,1,0,42.09810211441395,0,0
South,Online,5G,Premium,New,0,1,1,0,0,136.09857615544354,2,1
North,Store,5G,Standard,Existing,1,1,1,1,0,114.84509354702786,0,0
South,Online,DSL,Standard,New,0,1,1,0,0,190.6443426168595,1,1
East,Online,Fiber,Basic,New,1,1,1,1,0,181.74841025514465,1,0
East,Store,DSL,Standard,New,1,1,1,1,0,183.9511419560753,0,0
West,Online,Fiber,Premium,New,1,1,1,1,0,165.24112342143277,0,0
South,Online,Fiber,Standard,Existing,1,1,1,1,1,79.96574324058089,3,0
South,Phone,Fiber,Premium,Existing,1,1,1,1,1,132.22876599356266,1,0
West,Store,5G,Standard,Existing,1,1,1,1,0,175.37807037173462,0,0
West,Online,DSL,Standard,New,1,1,1,1,0,165.8254666721013,1,0
South,Online,Fiber,Basic,New,1,1,1,1,0,171.8063158669167,0,0
West,Online,Fiber,Standard,New,1,1,0,1,0,116.41213603118291,1,0
East,Online,DSL,Standard,Existing,1,1,0,1,0,82.5202379004223,1,0
North,Phone,DSL,Premium,New,1,1,1,1,1,50.09126058575678,0,0
East,Phone,Fiber,Premium,Existing,0,1,1,1,0,84.55907800405592,1,0
West,Phone,5G,Premium,Existing,0,1,1,1,0,43.12330808752758,2,0
South,Phone,5G,Standard,Existing,0,1,1,1,1,92.23759657210815,0,0
South,Store,Fiber,Premium,New,1,1,0,1,1,192.40074425754148,2,0
East,Online,5G,Premium,Existing,1,1,1,1,1,82.81366718394393,1,0
South,Phone,DSL,Standard,Existing,1,1,1,0,0,188.85174972382902,1,0
West,Online,5G,Premium,New,1,1,1,1,0,195.64756113542907,0,0
East,Store,DSL,Basic,Existing,1,1,1,1,1,56.45518068501822,1,0
South,Online,DSL,Basic,New,1,1,1,1,1,169.8748430290869,0,0
North,Online,DSL,Premium,Existing,0,1,1,1,0,191.81170146113146,1,0
North,Phone,DSL,Premium,New,1,1,1,1,1,73.64605253148247,0,0
West,Phone,5G,Premium,Existing,0,0,1,1,1,101.60865018337958,1,1
South,Store,DSL,Standard,Existing,1,1,1,1,0,174.0767993477758,0,0
West,Online,Fiber,Basic,Existing,1,1,1,1,0,62.50199484683009,1,0
East,Phone,DSL,Basic,New,1,1,1,1,1,129.60412910754116,0,0
North,Phone,Fiber,Premium,New,1,0,1,1,1,78.62594797002336,1,0
East,Phone,DSL,Premium,New,1,0,1,1,0,162.41282688337063,0,0
South,Store,DSL,Standard,Existing,1,1,1,1,0,138.99764134314978,1,0
West,Online,5G,Standard,New,1,1,1,0,0,138.82768235645074,0,0
West,Phone,DSL,Basic,New,0,1,1,1,0,186.59478385998648,1,0
West,Online,DSL,Standard,New,1,1,1,1,1,147.5869632774132,0,0
East,Store,5G,Basic,New,0,1,1,0,0,63.57425010176424,1,1
North,Online,5G,Premium,Existing,1,1,1,1,0,67.83311534137388,1,0
East,Phone,Fiber,Premium,Existing,1,1,0,1,1,83.9393024974021,1,0
East,Online,5G,Basic,Existing,1,1,1,0,0,46.07076387644309,4,1
South,Online,Fiber,Premium,Existing,1,0,1,0,0,98.40539160420661,1,1
South,Store,DSL,Standard,Existing,1,1,1,0,1,101.26464464131787,1,0
South,Store,Fiber,Premium,Existing,0,1,1,1,1,153.5152326900053,1,0
North,Online,5G,Premium,New,1,1,1,1,1,92.51060688014527,0,0
North,Online,DSL,Basic,Existing,1,1,1,1,1,177.045042649849,1,0
South,Online,Fiber,Standard,New,1,1,1,1,0,101.47161626927968,0,0
South,Store,Fiber,Standard,Existing,1,1,1,1,1,199.9003706313097,1,0
North,Store,Fiber,Premium,New,1,1,1,1,1,116.0121972129196,0,0
West,Online,DSL,Premium,Existing,1,1,0,1,0,181.9849461506589,1,0
North,Store,Fiber,Standard,Existing,1,1,1,0,1,75.33755775550551,0,0
North,Phone,Fiber,Standard,Existing,0,1,0,1,0,40.55871172893408,1,0
North,Store,5G,Basic,Existing,1,1,1,1,0,122.09590797537297,1,0
South,Store,Fiber,Premium,New,1,1,0,1,1,122.3855534257466,0,0
West,Store,DSL,Premium,New,1,1,1,1,1,192.7978995856482,0,0
North,Phone,5G,Standard,Existing,1,0,0,1,0,71.24635399869128,0,1
South,Phone,DSL,Basic,Existing,1,1,1,1,1,71.54367924591784,2,0
East,Phone,5G,Standard,New,1,1,1,1,1,107.11199043781747,0,0
East,Online,5G,Premium,Existing,1,1,1,1,0,122.81998522510962,2,0
North,Online,Fiber,Premium,Existing,1,1,1,1,1,142.6889803793672,1,0
East,Phone,DSL,Premium,New,1,1,1,1,0,87.16342052513272,1,0
West,Online,Fiber,Premium,New,1,1,1,1,0,82.39008185573802,0,0
East,Online,5G,Basic,New,1,1,1,1,1,174.47809757213525,1,0
East,Online,Fiber,Premium,New,1,1,0,1,0,119.2251328727985,0,0
West,Phone,5G,Standard,Existing,0,1,1,1,0,189.0461291819495,1,0
North,Store,5G,Basic,Existing,1,1,1,1,0,149.34583771628084,1,0
North,Phone,DSL,Basic,Existing,1,1,1,1,0,49.991549313160384,0,0
West,Phone,DSL,Premium,Existing,1,0,1,1,0,57.15910681482788,1,0
West,Online,DSL,Basic,New,1,1,1,1,0,179.13161166165116,2,0
West,Online,DSL,Premium,Existing,1,1,1,1,0,73.70402510933843,0,0
East,Store,Fiber,Basic,Existing,1,1,1,0,0,66.87703482054008,0,0
West,Store,DSL,Basic,New,1,1,1,1,0,182.0223254630386,0,0
South,Store,DSL,Standard,Existing,1,1,1,1,0,192.71616620381675,0,0
East,Store,DSL,Standard,New,1,1,1,1,0,144.37419204536636,1,0
North,Phone,5G,Standard,New,1,1,0,1,0,56.25235618887395,1,0
North,Store,5G,Basic,New,1,1,1,1,0,43.5332148569978,1,0
North,Phone,DSL,Standard,New,1,1,1,1,0,135.81257950479056,0,0
East,Online,5G,Standard,New,0,1,1,0,0,49.432054765579366,2,1
South,Store,5G,Standard,Existing,1,1,1,1,0,127.72043418292336,1,0
West,Online,Fiber,Basic,Existing,1,1,1,1,1,104.29253680513705,0,0
West,Online,5G,Premium,Existing,1,1,1,1,0,45.225661526725,0,0
North,Phone,Fiber,Standard,New,0,1,1,1,1,192.6439825610568,0,0
North,Store,5G,Basic,New,1,0,1,0,0,41.43008250381817,0,1
East,Phone,DSL,Basic,Existing,0,1,1,1,0,96.66712849027014,1,0
South,Online,5G,Premium,New,0,1,1,1,0,168.9018579747153,0,0
West,Store,5G,Standard,New,1,1,1,1,1,195.9170077406259,0,0
East,Online,Fiber,Basic,New,1,1,1,1,0,47.22638008936322,0,0
West,Online,DSL,Basic,Existing,1,1,1,1,1,192.12438119901844,2,0
North,Store,Fiber,Basic,New,1,1,1,1,0,93.83446963380243,0,0
West,Store,DSL,Premium,New,1,1,1,0,0,65.35575550052299,1,0
South,Store,DSL,Standard,New,0,1,1,1,0,171.78200428212295,1,0
South,Phone,Fiber,Basic,Existing,1,1,1,1,0,142.81697398809285,0,0
North,Phone,5G,Basic,New,0,1,1,1,0,55.88078293294805,1,0
South,Online,DSL,Basic,Existing,1,1,1,1,1,138.9348397185172,2,0
South,Store,5G,Basic,New,1,1,1,1,0,170.6558216194708,2,0
East,Online,Fiber,Standard,New,0,1,1,1,0,127.8369150374844,0,0
West,Online,Fiber,Standard,Existing,1,1,0,1,1,94.82227824287551,0,0
North,Online,Fiber,Basic,Existing,1,1,1,1,0,74.21036041388128,0,0
North,Online,Fiber,Basic,Existing,1,1,1,1,1,160.08198585280843,2,0
North,Online,DSL,Basic,New,1,1,1,1,0,103.86836143088927,0,0
North,Store,Fiber,Premium,Existing,1,1,0,1,0,173.10955191947932,0,0
North,Phone,5G,Premium,Existing,1,1,0,1,0,162.26952481910564,1,0
South,Store,5G,Premium,Existing,0,1,1,1,0,160.38558035122048,1,0
East,Store,DSL,Basic,New,1,1,1,1,1,167.0303875366374,1,0
North,Store,Fiber,Premium,Existing,1,1,1,1,1,128.89956671285825,0,0
East,Phone,DSL,Standard,New,1,1,1,1,0,164.73621042975805,1,0
East,Phone,DSL,Premium,New,1,1,1,1,1,180.60636098640865,1,0
South,Phone,DSL,Basic,New,1,1,1,1,0,88.15412466024844,1,0
North,Store,Fiber,Standard,Existing,1,1,1,1,1,80.28609087344847,2,0
South,Phone,5G,Basic,Existing,0,1,1,0,0,113.40347947349335,0,1
North,Online,5G,Standard,Existing,0,1,0,1,0,128.44700472831576,0,0
South,Phone,DSL,Premium,Existing,1,1,1,1,0,44.502272654163875,1,0
East,Store,DSL,Premium,New,1,1,0,1,0,69.08467061897136,1,0
North,Store,5G,Standard,Existing,0,1,1,1,0,43.55756994822439,2,0
West,Online,5G,Standard,Existing,1,1,1,1,0,129.8728419231578,1,0
East,Phone,Fiber,Basic,New,1,0,1,1,0,163.37882445576892,1,0
West,Phone,DSL,Standard,Existing,1,1,0,1,0,172.2355601687897,0,0
East,Online,Fiber,Basic,New,0,1,1,1,0,129.35131293608993,0,0
South,Store,5G,Standard,New,1,1,1,1,1,46.58357771452838,0,0
North,Store,5G,Standard,Existing,0,1,1,1,0,134.51584296225903,0,0
East,Phone,5G,Premium,New,0,1,1,1,0,103.89778104300453,1,0
South,Phone,5G,Premium,New,1,1,1,1,0,175.81207861411758,0,0
North,Phone,Fiber,Basic,New,0,1,1,0,1,105.0495039094967,0,1
North,Phone,5G,Basic,Existing,1,0,1,1,0,154.91313151731143,0,0
East,Phone,DSL,Basic,Existing,1,0,1,1,1,71.15855519931625,0,0
North,Store,5G,Standard,Existing,1,1,1,1,1,187.73652768244614,1,0
East,Store,DSL,Standard,New,1,1,1,1,1,87.24337053148743,0,0
North,Store,5G,Basic,Existing,1,0,1,1,1,40.927950568259384,1,0
West,Store,Fiber,Standard,Existing,1,1,1,1,0,53.05099481390158,0,0
South,Online,DSL,Premium,New,1,1,1,1,0,76.69823765483996,0,0
West,Store,Fiber,Standard,Existing,1,1,1,1,0,66.47764317159309,1,0
East,Online,5G,Premium,Existing,1,1,1,1,0,70.473007375837,0,0
West,Store,Fiber,Basic,New,1,0,1,1,1,132.67869978228637,0,0
East,Phone,5G,Standard,Existing,1,0,0,1,0,115.73776065483742,0,1
North,Phone,Fiber,Basic,New,1,0,1,1,1,153.92961357212397,2,1
North,Phone,Fiber,Premium,Existing,1,1,1,1,0,166.45330222861537,1,0
East,Online,DSL,Basic,Existing,1,1,1,1,0,122.66976881814104,0,0
West,Store,5G,Premium,Existing,1,1,1,1,0,134.8616172688378,0,0
North,Store,Fiber,Premium,New,1,1,1,1,0,164.11528790187185,2,0
South,Online,5G,Basic,Existing,1,1,0,1,0,54.38284961868072,0,0
North,Online,DSL,Premium,Existing,1,0,0,1,1,109.43610965679696,0,1
South,Online,Fiber,Basic,New,1,0,0,1,0,124.54643695042108,1,1
West,Online,5G,Basic,Existing,1,1,1,1,0,135.66197233726172,0,0
South,Online,Fiber,Basic,New,1,1,1,0,1,126.79881802729165,1,0
South,Phone,Fiber,Premium,Existing,1,0,1,1,1,96.12548421212881,0,0
South,Store,Fiber,Premium,Existing,1,1,1,1,1,86.00047630889907,3,0
South,Online,Fiber,Standard,Existing,1,1,0,1,0,110.52467552381782,0,0
North,Phone,DSL,Basic,Existing,0,1,1,1,1,50.65403229803982,1,0
South,Online,DSL,Basic,Existing,1,1,1,1,1,115.38654980221614,0,0
North,Phone,5G,Basic,Existing,1,1,1,1,0,194.5141553472884,1,0
South,Online,5G,Basic,New,1,1,0,1,1,48.62339819097956,1,0
East,Store,Fiber,Basic,Existing,1,1,0,1,0,64.47099208666656,0,0
West,Online,Fiber,Basic,New,0,1,1,1,0,140.8559839640264,1,0
South,Online,Fiber,Basic,Existing,1,0,1,1,1,153.18190383065806,0,0
East,Store,DSL,Standard,New,1,1,1,1,0,116.0435212368439,1,0
South,Store,Fiber,Standard,New,1,1,1,1,0,186.69101877295037,1,0
South,Online,5G,Basic,New,1,1,1,1,0,117.0734395279978,3,0
South,Store,Fiber,Basic,Existing,1,1,1,1,0,57.49688791692506,1,0
East,Store,DSL,Standard,Existing,1,1,0,1,0,116.63776755558332,0,0
West,Phone,Fiber,Standard,New,1,1,1,1,0,122.35529475001997,0,0
East,Store,DSL,Basic,New,1,1,1,1,1,108.60074512857238,0,0
West,Store,DSL,Basic,New,1,1,1,1,1,186.33265228553165,0,0
South,Online,DSL,Standard,New,1,1,0,1,0,116.67680649895674,1,0
North,Online,DSL,Standard,New,1,1,1,1,1,150.7905379176774,1,0
South,Phone,5G,Basic,New,1,1,1,1,1,121.38316668179263,0,0
West,Online,DSL,Standard,Existing,1,1,1,1,0,156.24335061632164,0,0
East,Store,5G,Basic,Existing,1,1,1,1,0,57.42655991547977,1,0
South,Store,5G,Premium,New,1,1,1,1,1,191.18583997231167,1,0
East,Store,Fiber,Basic,Existing,1,1,0,1,0,137.8805276613815,2,0
East,Online,Fiber,Basic,New,1,1,1,1,0,89.24040042724559,1,0
East,Store,DSL,Basic,New,0,1,0,1,1,77.32999857075156,1,0
South,Store,Fiber,Standard,Existing,1,1,1,1,1,158.03517438928063,1,0
East,Phone,DSL,Basic,New,1,1,1,1,1,82.76980428426828,3,0
East,Phone,Fiber,Basic,Existing,1,1,1,1,0,111.81999491232824,1,0
South,Phone,DSL,Standard,New,1,1,1,0,1,138.67310920460216,1,0
East,Online,Fiber,Premium,New,1,1,1,1,1,177.2409152419852,0,0
South,Store,Fiber,Premium,Existing,1,1,1,1,1,172.68022184256907,1,0
West,Store,5G,Standard,Existing,1,1,0,1,1,146.73501500533297,1,0
West,Store,Fiber,Basic,Existing,0,1,0,1,0,82.39767665399988,2,1
West,Phone,Fiber,Premium,New,1,1,1,1,0,65.90738378479975,1,0
East,Store,DSL,Premium,Existing,1,1,1,1,1,127.27049426543664,0,0
North,Store,5G,Standard,New,1,1,1,1,0,181.04290225421187,0,0
North,Store,DSL,Premium,New,1,1,1,1,0,105.33210863691835,1,0
East,Store,Fiber,Premium,Existing,1,1,0,0,0,157.91983234424413,0,1
North,Store,DSL,Standard,New,0,1,1,1,0,173.1260000345842,2,0
South,Online,5G,Premium,Existing,1,1,1,1,1,82.00593929142278,1,0
North,Store,DSL,Basic,Existing,1,1,1,1,0,194.2951716427577,0,0
East,Online,Fiber,Standard,New,0,1,1,1,1,80.8035798493796,2,0
East,Store,DSL,Basic,New,1,1,1,1,1,134.30026947389698,0,0
South,Online,Fiber,Basic,Existing,1,1,1,0,0,146.88035461965114,0,0
West,Store,5G,Standard,Existing,1,1,1,1,0,128.4809481562957,1,0
East,Store,5G,Premium,New,1,1,1,1,0,139.44890780981814,0,0
South,Store,DSL,Standard,Existing,1,1,0,1,0,73.78598183963925,2,0
North,Store,5G,Premium,New,1,1,1,1,1,63.093307271139416,2,0
North,Phone,DSL,Basic,New,1,1,0,1,0,42.46998479539889,0,0
South,Store,Fiber,Premium,Existing,1,1,1,1,0,137.40743127240466,2,0
South,Online,DSL,Basic,New,1,0,1,1,1,187.83392201315917,0,0
East,Phone,Fiber,Basic,Existing,1,1,1,1,0,148.90248043777342,1,0
North,Phone,5G,Basic,Existing,1,1,1,1,0,144.16265716202213,0,0
South,Store,Fiber,Standard,New,1,1,1,1,0,125.21196230891918,0,0
North,Online,Fiber,Premium,New,1,1,1,1,1,138.9028227338219,0,0
South,Online,Fiber,Premium,New,1,1,1,1,0,155.70802665168836,1,0
North,Phone,Fiber,Premium,Existing,0,1,1,1,1,64.18862092134859,1,0
West,Online,Fiber,Basic,Existing,1,1,1,1,0,156.85749767283568,1,0
East,Store,DSL,Standard,Existing,1,1,1,1,1,64.83815674011996,1,0
North,Store,Fiber,Premium,Existing,0,1,1,1,0,87.09976978756751,1,0
West,Store,Fiber,Premium,Existing,1,1,1,1,1,94.29125652542842,0,0
North,Store,Fiber,Standard,Existing,1,1,1,1,1,85.69857207662382,0,0
North,Store,Fiber,Premium,New,1,1,1,1,0,123.9347384623793,1,0
West,Phone,Fiber,Standard,New,1,1,1,1,1,128.82307016658166,1,0
North,Store,Fiber,Standard,New,0,1,0,0,0,171.13187077542557,1,1
North,Store,5G,Premium,Existing,1,0,1,1,1,132.3459695317794,1,0
East,Phone,DSL,Standard,New,1,1,1,1,1,199.43263008323856,0,0
West,Phone,Fiber,Standard,Existing,1,1,0,1,0,151.17193370755513,0,0
West,Phone,DSL,Premium,New,0,1,0,1,0,156.7343183515398,1,0
South,Online,5G,Basic,New,1,1,1,1,1,199.6496206693617,0,0
North,Online,5G,Premium,New,1,1,1,1,0,77.46500577615225,0,0
East,Store,Fiber,Premium,New,1,1,1,1,1,143.47151216604962,0,0
North,Store,DSL,Basic,Existing,1,1,1,1,1,182.07460415658238,1,0
North,Store,Fiber,Standard,Existing,1,1,1,1,0,194.87055768028748,0,0
South,Online,5G,Premium,New,0,0,1,0,0,111.44096932755988,0,1
North,Store,5G,Basic,New,1,1,0,0,1,108.94152130355592,1,1
East,Store,DSL,Basic,Existing,1,1,1,1,0,55.15812726923773,1,0
East,Online,Fiber,Premium,Existing,0,1,1,0,1,184.67993439710273,0,1
South,Phone,DSL,Premium,New,0,1,1,1,1,189.88182868225476,1,0
North,Online,DSL,Basic,New,1,1,1,1,1,181.52223969896488,0,0
East,Store,5G,Premium,New,1,1,1,0,0,76.05910476299582,3,1
North,Online,DSL,Basic,New,1,1,1,0,1,88.27302180721928,0,0
North,Phone,5G,Premium,New,1,1,1,1,1,191.74638724915013,0,0
North,Phone,Fiber,Basic,New,1,0,1,1,1,138.27420469290863,0,0
South,Phone,DSL,Premium,Existing,1,1,0,0,1,141.17591960520681,2,1
North,Phone,DSL,Premium,Existing,1,0,1,1,0,106.72087793532799,0,0
East,Phone,Fiber,Premium,Existing,1,0,1,1,1,138.43382379622724,2,1
North,Phone,DSL,Standard,Existing,1,1,1,1,0,65.6836589329727,0,0
East,Store,Fiber,Premium,New,1,1,1,1,1,191.89824114094577,0,0
North,Store,5G,Basic,Existing,1,1,1,1,0,191.2854385320294,1,0
East,Online,5G,Basic,Existing,0,1,1,1,1,177.13914808174437,0,0
East,Store,DSL,Standard,Existing,1,1,1,1,0,80.95859728627458,2,0
North,Phone,5G,Standard,New,1,1,1,1,0,180.16142493224953,0,0
North,Store,5G,Standard,New,1,1,1,1,0,152.01839736752495,0,0
East,Online,Fiber,Premium,New,1,1,1,0,0,79.39513115835229,0,0
West,Phone,5G,Premium,Existing,1,1,1,1,1,173.65300429444403,1,0
South,Store,5G,Basic,Existing,1,1,1,0,0,54.55140909266305,0,0
West,Store,5G,Basic,New,1,1,0,1,0,154.73512646771584,2,0
West,Online,Fiber,Premium,New,1,1,1,1,0,199.58704150331627,2,0
North,Phone,DSL,Basic,Existing,1,1,1,1,1,108.97828212806164,1,0
South,Online,Fiber,Premium,New,1,1,1,1,1,139.46103573216556,0,0
West,Phone,DSL,Standard,New,1,1,1,0,1,74.63316996441748,0,0
North,Phone,DSL,Premium,Existing,0,1,1,1,1,114.6421641477151,0,0
West,Store,5G,Premium,Existing,1,1,1,0,0,57.31782003533109,2,1
West,Online,5G,Premium,Existing,1,1,1,1,1,151.2606876105421,0,0
North,Online,Fiber,Basic,New,1,1,1,1,0,163.64203286258606,1,0
North,Online,Fiber,Premium,Existing,1,1,1,1,0,134.1362125373346,0,0
North,Phone,Fiber,Premium,Existing,1,1,1,1,1,158.575528273795,1,0
South,Online,5G,Premium,New,0,1,1,1,0,150.37225840448298,1,0
West,Phone,DSL,Standard,New,1,1,1,1,0,187.67016979290955,1,0
North,Online,Fiber,Premium,New,1,1,0,1,1,116.56847855864179,0,0
East,Online,DSL,Premium,Existing,1,1,0,1,1,126.14843358682286,0,0
West,Store,5G,Premium,Existing,1,0,1,1,0,99.54528867294945,1,0
East,Online,5G,Basic,New,1,1,1,1,0,96.45417215114385,1,0
South,Store,5G,Standard,Existing,1,1,0,1,1,170.83935235259221,0,0
North,Store,5G,Standard,Existing,1,1,1,1,0,188.61909431555068,0,0
East,Phone,DSL,Premium,Existing,1,1,1,0,1,89.56122159824973,1,0
South,Online,DSL,Premium,Existing,0,1,0,1,0,107.09739153843958,0,0
North,Online,Fiber,Basic,New,0,1,1,1,0,96.3705054168183,0,0
East,Online,DSL,Premium,Existing,1,1,1,1,0,176.74404710765538,0,0
East,Store,DSL,Basic,Existing,1,1,0,1,0,191.6486302353519,2,0
South,Online,DSL,Premium,Existing,1,1,0,1,0,184.31899431314122,0,0
North,Phone,Fiber,Basic,New,1,1,0,1,0,42.11574804356619,1,0
North,Phone,DSL,Standard,Existing,1,1,0,1,1,67.63803560400723,1,0
East,Online,DSL,Premium,Existing,1,0,1,1,0,183.22646047364228,1,0
East,Store,DSL,Basic,Existing,0,1,0,1,0,124.03657464717114,0,0
East,Phone,5G,Basic,New,1,1,0,1,1,100.39720791451464,0,0
North,Phone,DSL,Premium,Existing,1,1,1,1,0,105.10796458290983,1,0
South,Store,Fiber,Basic,New,1,0,1,1,1,171.85734124173612,1,0
South,Phone,Fiber,Premium,Existing,1,1,1,1,0,169.9561828538751,1,0
North,Store,Fiber,Premium,New,1,1,1,1,0,172.5060775470911,1,0
West,Phone,Fiber,Basic,New,0,1,1,1,1,175.65603404946307,1,0
South,Store,5G,Basic,Existing,1,1,1,1,0,51.112037155901874,1,0
East,Phone,Fiber,Basic,Existing,1,1,1,1,0,161.02524637739774,0,0
West,Online,5G,Standard,New,1,1,1,1,0,137.7422215627752,1,0
West,Phone,5G,Premium,New,1,1,1,1,0,80.59679484711383,0,0
South,Phone,5G,Premium,Existing,1,1,1,1,0,134.80777962884673,1,0
West,Online,Fiber,Standard,Existing,1,1,1,1,1,149.41732282077646,0,0
West,Online,Fiber,Standard,Existing,1,1,1,1,0,131.3791556415513,0,0
South,Online,5G,Basic,Existing,1,1,1,1,0,96.41308438790526,0,0
South,Online,5G,Premium,Existing,1,1,0,1,0,79.12181380172926,1,0
West,Store,Fiber,Standard,Existing,1,1,1,1,0,53.8091736351319,0,0
East,Store,DSL,Standard,Existing,1,0,1,1,0,49.10241884080225,0,0
North,Phone,DSL,Premium,New,0,1,1,0,0,96.38991339475324,1,1
West,Phone,DSL,Premium,New,1,1,1,0,0,77.84536075239474,0,0
West,Phone,Fiber,Premium,Existing,1,1,1,1,1,119.15112357522013,0,0
East,Store,Fiber,Basic,Existing,1,1,1,1,0,130.1832575446099,1,0
West,Phone,5G,Standard,Existing,1,1,1,1,0,100.74064281868644,0,0
West,Phone,Fiber,Basic,New,1,1,1,1,1,100.82508349368494,1,0
North,Store,Fiber,Premium,New,1,1,1,1,1,159.74363731777657,1,0
North,Phone,Fiber,Premium,Existing,1,1,1,1,0,40.94822648680642,0,0
North,Store,5G,Standard,Existing,0,1,1,1,0,199.6497148243245,0,0
South,Store,5G,Basic,New,0,1,1,1,0,110.55010112834017,2,0
South,Online,DSL,Basic,New,1,1,0,0,1,133.95850067814476,0,1
North,Online,DSL,Basic,New,1,0,1,1,0,78.99482306788272,1,0
North,Store,Fiber,Premium,Existing,1,1,1,1,0,73.55315523267471,0,0
South,Store,Fiber,Standard,Existing,1,1,1,1,0,147.6477099665686,3,0
East,Online,5G,Basic,New,1,1,1,1,0,195.63335610457034,0,0
West,Phone,DSL,Premium,Existing,1,1,0,1,0,185.3405784880413,0,0
West,Phone,DSL,Premium,Existing,1,1,1,1,0,189.0908853727979,0,0
North,Phone,DSL,Basic,Existing,1,1,1,1,0,121.299445607336,0,0
East,Store,Fiber,Standard,New,1,1,1,1,0,97.43062470191316,1,0
South,Online,Fiber,Standard,New,0,1,1,1,1,162.54429460718222,2,0
North,Phone,Fiber,Basic,New,1,1,0,1,0,126.75139301440103,0,0
East,Online,5G,Premium,Existing,1,1,0,1,1,170.09852350950354,0,0
East,Online,DSL,Premium,Existing,1,0,1,1,1,151.83364343710377,0,0
East,Store,5G,Basic,New,1,1,1,1,1,98.20005727913623,0,0
South,Phone,DSL,Premium,Existing,1,1,1,1,1,50.93902992147637,0,0
South,Online,Fiber,Premium,New,1,0,1,1,0,87.16965966716285,3,1
West,Store,5G,Basic,Existing,1,0,1,1,0,172.90449442713825,0,0
West,Store,5G,Premium,Existing,1,1,1,1,0,113.82577892018537,0,0
East,Store,Fiber,Basic,Existing,0,0,1,1,0,171.43493201548125,1,1
East,Phone,DSL,Basic,Existing,1,1,1,1,0,151.643274920713,4,0
South,Phone,DSL,Basic,Existing,1,0,1,1,1,89.42898270589592,1,0
West,Store,DSL,Premium,New,0,1,0,1,1,110.58889797312241,2,1
East,Phone,DSL,Basic,New,0,1,1,1,0,145.08404165170603,2,0
West,Phone,Fiber,Premium,Existing,1,1,1,1,1,180.34298832637046,1,0
West,Online,Fiber,Basic,New,1,1,1,1,1,46.310118557904474,1,0
East,Store,Fiber,Standard,Existing,1,1,1,1,0,198.7367770927206,0,0
South,Store,Fiber,Premium,Existing,1,1,1,1,1,105.19871630040241,0,0
East,Phone,5G,Premium,Existing,1,1,1,0,0,60.79951680212357,1,0
East,Store,5G,Premium,New,1,1,1,1,1,92.99980601477745,1,0
West,Store,5G,Standard,Existing,1,1,1,0,0,167.3203892246519,1,0
East,Store,Fiber,Basic,Existing,1,1,1,1,1,131.8853516409107,1,0
South,Phone,DSL,Standard,New,0,1,1,1,0,57.734139543185194,0,0
East,Phone,5G,Basic,Existing,0,0,1,1,0,102.12511950810311,0,1
South,Phone,5G,Basic,New,1,1,1,1,0,48.87398161378009,0,0
South,Online,Fiber,Basic,New,1,1,1,1,1,50.67297492358389,1,0
West,Store,DSL,Basic,New,1,1,1,1,1,75.333645336491,0,0
North,Online,DSL,Basic,New,1,1,1,0,1,96.19739580503196,1,0
North,Phone,DSL,Standard,New,1,1,0,1,1,150.91352642413636,0,0
West,Online,Fiber,Premium,New,1,1,1,1,0,42.73009466783318,1,0
East,Store,DSL,Standard,New,1,1,1,1,1,90.4434999540816,2,0
West,Store,5G,Premium,Existing,1,1,1,1,0,97.20160624245132,0,0
South,Phone,5G,Premium,Existing,1,0,1,1,1,89.53659183030949,1,0
North,Phone,5G,Premium,Existing,1,1,1,1,1,62.76725765948207,0,0
West,Online,Fiber,Standard,Existing,1,1,1,1,1,177.73655120803838,0,0
East,Phone,DSL,Basic,Existing,1,1,1,1,1,91.39161890820554,0,0
West,Online,Fiber,Basic,Existing,1,1,1,1,0,175.11527355537464,2,0
North,Store,DSL,Premium,Existing,0,1,1,1,0,70.39666897045477,1,0
West,Store,Fiber,Basic,Existing,1,1,1,1,0,155.6348617990968,0,0
West,Store,5G,Basic,New,1,1,1,1,1,72.08814092380776,1,0
North,Store,Fiber,Standard,Existing,0,0,0,1,1,94.76482050729106,4,1
South,Store,Fiber,Basic,Existing,1,1,1,1,0,148.3903771919404,1,0
South,Online,Fiber,Basic,New,1,0,1,1,1,127.68033889961593,0,0
North,Store,5G,Standard,New,1,1,1,1,0,82.67634706506024,1,0
West,Online,Fiber,Basic,New,1,1,1,0,1,181.00565870749432,1,0
North,Store,Fiber,Premium,Existing,1,1,1,1,0,115.59846555785731,0,0
South,Online,5G,Standard,New,1,1,0,1,1,166.15015041125076,2,0
East,Online,DSL,Basic,New,1,1,0,1,0,177.94043516864332,1,0
West,Online,Fiber,Basic,New,1,1,0,1,0,111.99114040905621,0,0
South,Phone,5G,Standard,New,1,1,1,1,1,93.2904703667124,2,0
West,Online,Fiber,Premium,Existing,1,1,1,1,1,128.55281424286943,2,0
North,Online,5G,Standard,New,1,1,1,1,0,53.19225516229237,0,0
East,Store,DSL,Premium,Existing,1,1,1,1,0,149.40614727545446,0,0
North,Online,DSL,Standard,New,1,0,1,1,0,160.69303799480275,0,0
East,Online,Fiber,Basic,New,1,1,1,1,1,56.9862296837759,0,0
West,Phone,5G,Standard,New,1,1,1,1,1,87.40195640461309,0,0
West,Store,DSL,Standard,Existing,1,0,1,0,1,162.725925334327,0,1
North,Phone,DSL,Premium,New,0,1,1,1,0,90.63241725758405,4,0
East,Phone,5G,Standard,Existing,1,1,1,1,0,138.2625461174157,2,0
East,Phone,Fiber,Premium,New,1,1,1,1,1,136.1750189328393,1,0
West,Online,DSL,Standard,Existing,1,0,1,0,0,81.490551613297,1,1
North,Phone,DSL,Basic,Existing,1,1,1,1,1,162.51767401661084,0,0
East,Phone,DSL,Standard,New,0,1,1,1,0,119.0442607013806,0,0
West,Store,Fiber,Basic,New,1,1,0,1,0,59.2265106646434,2,0
South,Store,DSL,Premium,New,1,1,1,1,1,56.27909670878857,1,0
North,Store,5G,Premium,Existing,1,1,1,1,0,186.77756677550053,1,0
South,Store,Fiber,Premium,New,1,1,1,1,0,101.14200072803172,1,0
North,Phone,DSL,Premium,Existing,1,1,1,1,1,128.63812824394464,1,0
West,Store,5G,Standard,Existing,0,1,1,1,1,142.53818104080602,0,0
East,Online,5G,Standard,Existing,0,1,1,1,1,155.84661746133787,2,0
East,Phone,Fiber,Standard,Existing,1,1,1,1,1,106.11828903739408,0,0
East,Store,5G,Basic,Existing,1,1,1,1,0,118.1000938261281,1,0
North,Phone,Fiber,Standard,Existing,1,1,1,1,0,156.9066124317679,0,0
West,Store,Fiber,Basic,Existing,1,1,1,1,0,145.273898306391,1,0
South,Phone,Fiber,Basic,New,1,1,0,1,0,138.8186989786551,2,0
West,Store,5G,Standard,New,1,1,1,1,1,102.06484820259999,1,0
South,Online,Fiber,Basic,Existing,1,1,1,1,0,194.51349451596985,0,0
North,Store,Fiber,Premium,New,1,1,0,1,1,69.52535632989697,1,0
North,Phone,5G,Standard,New,1,1,1,0,1,58.65837785638723,0,0
South,Phone,Fiber,Standard,Existing,0,1,1,1,1,85.74610176933024,0,0
South,Online,DSL,Basic,New,0,1,1,1,0,80.25578015452687,2,0
South,Phone,5G,Standard,Existing,1,1,1,1,1,193.73631212159955,0,0
West,Online,5G,Standard,Existing,0,1,0,1,0,41.339347840305436,0,0
South,Phone,5G,Basic,New,1,1,1,1,0,180.81486632321148,2,0
North,Phone,DSL,Standard,Existing,1,1,1,1,1,105.0190293866285,0,0
North,Online,Fiber,Standard,Existing,1,1,1,1,0,130.79294304618685,2,0
East,Phone,5G,Standard,New,1,1,1,1,1,150.96742964435828,1,0
South,Phone,5G,Basic,New,1,1,1,1,0,47.18976923054793,0,0
West,Online,5G,Standard,Existing,0,1,1,1,1,122.80105158737213,0,0
West,Store,DSL,Standard,New,1,1,1,1,0,46.33852339379125,0,0
West,Online,DSL,Standard,Existing,1,1,1,1,0,55.7280678871507,0,0
East,Phone,DSL,Premium,New,1,1,1,1,0,140.38280390480958,0,0
North,Store,Fiber,Standard,New,1,1,0,1,0,83.98019223487705,1,0
West,Store,Fiber,Basic,New,1,1,1,1,0,62.75338364323737,0,0
North,Store,DSL,Premium,Existing,1,1,1,1,1,47.924239251685336,0,0
East,Online,Fiber,Basic,New,1,1,1,1,1,168.65331901702635,0,0
South,Store,DSL,Standard,Existing,1,1,1,1,0,141.31213645898995,1,0
South,Store,Fiber,Standard,Existing,1,1,1,1,0,45.138186816461,1,0
South,Store,Fiber,Standard,Existing,0,1,1,1,0,141.3826920984481,0,0
West,Phone,DSL,Premium,New,1,0,1,1,0,56.50404401476301,1,0
South,Online,5G,Standard,New,1,1,1,1,0,92.39191875014819,0,0
West,Online,5G,Basic,Existing,1,1,1,1,1,145.5867016972354,1,0
East,Phone,Fiber,Premium,Existing,1,1,1,1,0,85.56074884055232,2,0
East,Store,Fiber,Basic,New,1,0,1,1,0,161.32389374164774,1,0
West,Phone,Fiber,Basic,New,1,1,0,1,1,122.97741770964902,0,0
North,Phone,Fiber,Basic,New,1,1,1,1,1,79.88454482528604,1,0
South,Store,Fiber,Basic,New,0,1,1,1,1,129.0450694998759,0,0
South,Store,Fiber,Basic,Existing,0,1,0,1,0,45.462717871763125,3,1
South,Online,DSL,Standard,Existing,1,1,1,1,0,110.22957745100045,1,0
West,Store,5G,Basic,New,1,1,1,1,1,92.08224729559856,1,0
East,Phone,5G,Basic,Existing,1,1,1,1,1,106.96492672332688,0,0
South,Phone,DSL,Standard,New,1,1,1,1,0,137.80654595700895,0,0
East,Store,DSL,Premium,New,0,1,1,1,0,107.806175288173,0,0
South,Online,5G,Standard,New,1,1,0,1,0,128.70533804760979,0,0
South,Phone,5G,Premium,New,1,1,1,1,1,57.82754206021309,0,0
West,Store,Fiber,Basic,Existing,1,1,1,1,1,89.57491286428964,0,0
North,Online,5G,Standard,Existing,1,1,1,1,1,107.62654522042722,0,0
West,Online,Fiber,Premium,Existing,1,1,1,1,0,48.588229670587566,0,0
South,Phone,Fiber,Premium,New,1,0,1,1,1,191.75573312143135,1,0
South,Phone,5G,Standard,Existing,1,1,1,0,1,184.95490919534967,1,0
North,Online,Fiber,Standard,New,1,1,0,1,1,93.32030734123252,0,0
East,Online,Fiber,Standard,Existing,1,1,0,1,1,140.37171295077076,3,0
East,Online,DSL,Standard,New,1,1,0,1,0,115.78013053897324,1,0
South,Store,5G,Standard,Existing,1,0,1,1,0,130.01948261311009,0,0
East,Phone,DSL,Basic,New,1,1,1,1,1,59.46193464652463,1,0
South,Online,Fiber,Basic,Existing,1,1,1,1,1,126.81590501490194,0,0
North,Phone,Fiber,Standard,Existing,1,1,1,1,0,80.58202256871337,0,0
North,Phone,DSL,Standard,Existing,0,1,1,1,1,137.76525402489963,1,0
South,Phone,DSL,Basic,Existing,1,0,1,1,1,162.8079960761758,2,1
North,Online,DSL,Premium,Existing,1,1,0,1,1,184.32051341458234,1,0
West,Store,Fiber,Basic,Existing,1,0,1,1,1,45.3749645936613,0,0
West,Online,5G,Standard,Existing,1,1,1,1,1,123.78859828688988,2,0
North,Phone,Fiber,Premium,New,1,0,1,1,0,105.3024655842091,0,0
South,Online,DSL,Standard,New,1,1,1,1,1,75.97285489844262,0,0
South,Online,5G,Premium,New,1,1,1,0,0,82.23769200198058,1,0
North,Phone,DSL,Standard,Existing,0,1,1,1,0,171.75118165642107,1,0
East,Phone,Fiber,Basic,Existing,1,1,0,1,1,158.0046732669124,0,0
West,Online,5G,Standard,New,1,1,1,1,1,184.5152425705566,1,0
East,Online,5G,Basic,Existing,1,1,1,1,0,165.5838815308286,1,0
South,Online,Fiber,Premium,New,0,0,0,0,0,49.09432058881984,1,1
South,Online,DSL,Basic,Existing,1,1,1,1,1,57.85429288294948,0,0
East,Store,DSL,Premium,New,0,1,1,1,0,148.6735397153297,3,0
North,Online,DSL,Standard,Existing,1,1,1,1,0,145.37663503760345,1,0
East,Store,Fiber,Basic,Existing,1,1,1,0,1,182.7634795075255,0,0
East,Phone,DSL,Premium,Existing,0,1,1,1,1,124.29510148268407,1,0
West,Store,5G,Premium,Existing,1,1,1,1,0,132.1505226887959,1,0
West,Phone,DSL,Premium,Existing,1,1,1,1,1,123.58952933879912,2,0
East,Store,DSL,Premium,Existing,1,1,1,1,0,148.6935397707956,2,0
East,Phone,5G,Standard,New,1,1,1,1,0,103.23146449502538,2,0
South,Online,5G,Standard,New,1,1,1,0,1,138.18421323740873,2,1
West,Store,DSL,Standard,New,1,1,1,1,0,118.52501079721327,2,0
West,Store,5G,Premium,Existing,1,1,1,1,0,191.35013311699362,2,0
South,Phone,Fiber,Standard,New,1,1,1,1,0,107.09299110037745,2,0
North,Phone,5G,Premium,Existing,0,1,1,1,1,60.47833651542568,0,0
West,Store,Fiber,Premium,New,1,1,1,1,0,171.5966433058931,0,0
West,Phone,5G,Premium,New,1,1,1,1,0,120.65776738024573,2,0
North,Online,Fiber,Basic,New,1,1,0,1,0,65.70382916004654,0,0
West,Store,Fiber,Standard,Existing,1,1,1,1,0,188.4345381455595,0,0
West,Online,DSL,Standard,Existing,1,1,1,1,0,59.52239110477352,1,0
North,Store,5G,Basic,New,1,1,1,1,0,50.935599402984586,1,0
North,Online,5G,Basic,Existing,1,1,0,1,1,82.806630603323,1,0
East,Store,5G,Basic,New,1,1,0,1,0,144.78140233275707,1,0
South,Phone,Fiber,Basic,Existing,1,1,0,1,0,57.90937716607763,0,0
South,Store,DSL,Premium,New,1,1,1,1,1,194.81128571522996,1,0
North,Online,5G,Standard,Existing,1,1,1,1,0,125.6102397861556,1,0
North,Store,DSL,Standard,New,1,1,1,1,0,131.7940070235261,1,0
West,Online,DSL,Standard,Existing,1,0,1,0,0,192.06078723770327,0,1
East,Online,Fiber,Premium,Existing,0,1,1,0,0,114.83210390454433,0,1
East,Online,5G,Standard,New,1,1,1,1,1,151.37599651851548,0,0
North,Phone,DSL,Basic,Existing,0,1,1,1,0,45.769113296303615,0,0
West,Store,5G,Standard,Existing,1,0,1,0,1,45.90267896779571,0,1
West,Online,5G,Standard,Existing,1,1,1,1,0,158.88018781365227,0,0
South,Phone,5G,Premium,Existing,1,1,1,1,0,189.99195850720523,0,0
South,Online,DSL,Basic,Existing,0,1,0,1,1,155.7199435567108,0,0
West,Store,Fiber,Basic,Existing,1,1,1,1,0,64.72449891347912,0,0
South,Phone,Fiber,Basic,Existing,1,1,1,1,0,172.40312791887433,0,0
North,Online,DSL,Standard,Existing,1,0,1,1,0,134.68874120909595,2,1
West,Online,5G,Basic,Existing,1,1,1,1,0,50.46394432096831,1,0
South,Online,5G,Basic,New,1,0,1,0,0,101.84062669233549,0,1
East,Store,Fiber,Standard,Existing,1,1,1,1,1,163.91418624889286,1,0
West,Phone,DSL,Premium,Existing,1,1,0,1,0,73.01508705849777,0,0
West,Phone,DSL,Standard,New,1,1,1,1,1,171.72000002671794,1,0
East,Phone,Fiber,Premium,Existing,1,1,1,1,0,131.9296878207222,1,0
North,Online,DSL,Premium,Existing,1,1,1,1,1,112.10410898891631,0,0
East,Phone,DSL,Basic,Existing,1,1,0,1,1,40.374510017599725,0,0
West,Online,Fiber,Basic,Existing,1,1,0,1,0,81.53171058536971,1,0
North,Store,Fiber,Standard,New,0,1,1,1,0,171.01316501003487,1,0
South,Phone,DSL,Premium,Existing,1,1,1,1,0,57.093267949251576,0,0
South,Online,DSL,Standard,Existing,1,0,0,1,1,121.42603855211846,1,1
South,Phone,Fiber,Basic,New,1,1,1,1,1,44.964240944190564,1,0
West,Phone,Fiber,Premium,New,1,1,1,1,1,81.52254438500081,1,0
East,Store,5G,Basic,New,1,1,1,1,1,66.42837094208528,0,0
North,Phone,DSL,Basic,Existing,1,1,0,1,0,106.70821477788108,2,0
South,Store,DSL,Basic,New,1,0,1,1,1,135.2769700248267,3,1
North,Phone,Fiber,Premium,Existing,1,1,1,1,1,110.2061046632771,2,0
West,Phone,Fiber,Premium,New,1,1,1,0,1,171.3303038421639,1,0
South,Phone,5G,Basic,New,1,1,0,0,0,67.17787015297174,0,1
West,Phone,5G,Premium,Existing,0,1,1,1,0,139.10874307404694,1,0
East,Phone,Fiber,Basic,New,1,1,1,1,0,177.44372390721045,1,0
West,Phone,DSL,Basic,Existing,0,1,0,1,0,136.0655073048212,2,1
West,Store,5G,Basic,New,1,1,1,1,1,111.9734765105085,0,0
East,Store,Fiber,Premium,New,1,0,1,1,0,157.86904791659907,1,0
North,Online,Fiber,Standard,Existing,1,1,1,1,0,54.73260345544253,0,0
East,Phone,Fiber,Standard,Existing,1,1,1,1,1,194.47764155708202,0,0
East,Store,DSL,Premium,New,1,1,1,1,1,94.14962264584867,0,0
West,Phone,Fiber,Premium,Existing,1,1,1,1,0,72.07405653736541,0,0
North,Phone,Fiber,Basic,New,1,0,1,1,0,193.44665817975738,1,0
South,Store,DSL,Basic,Existing,1,1,1,1,0,40.81459802242929,0,0
East,Phone,Fiber,Standard,New,1,1,1,1,0,166.04136499875645,2,0
North,Store,Fiber,Basic,Existing,1,1,1,0,1,107.09601639333071,0,0
East,Store,5G,Standard,New,0,1,1,1,0,169.74208978504237,0,0
East,Online,Fiber,Standard,New,0,1,1,1,0,177.45893972723394,1,0
East,Online,DSL,Premium,New,1,1,1,1,0,90.40233191361445,1,0
East,Online,5G,Premium,New,1,1,1,1,0,182.2878164267257,0,0
West,Online,Fiber,Premium,Existing,1,1,1,1,1,198.3916094033889,0,0
North,Phone,DSL,Standard,Existing,1,1,1,0,0,191.83624190058606,1,0
North,Phone,Fiber,Premium,Existing,0,1,1,1,0,124.54795157022788,1,0
North,Online,5G,Standard,New,1,1,1,1,0,72.01917021450328,0,0
East,Store,DSL,Premium,New,1,1,1,1,0,169.21699582137003,2,0
West,Store,5G,Standard,New,1,1,1,1,0,190.6568751064356,1,0
East,Store,DSL,Basic,Existing,0,1,1,1,0,193.84787689684958,2,0
East,Store,DSL,Basic,Existing,1,1,1,1,0,179.56860341557166,0,0
North,Phone,Fiber,Standard,Existing,0,1,1,1,0,74.36540758406201,1,0
East,Store,DSL,Standard,Existing,1,1,0,0,0,143.29874570176014,3,1
South,Store,DSL,Basic,New,1,1,1,1,0,187.61973190665546,0,0
East,Online,Fiber,Standard,New,1,1,1,0,1,117.95488865499962,0,0
South,Store,DSL,Standard,New,1,1,1,1,0,170.64073779332065,0,0
East,Phone,DSL,Basic,New,0,1,1,1,0,56.73195708598257,2,0
West,Store,DSL,Standard,Existing,1,1,1,1,1,163.47884389768183,0,0
West,Store,DSL,Premium,New,1,1,1,1,1,50.36671006740386,1,0
North,Phone,Fiber,Basic,Existing,1,1,1,1,1,128.28657339683895,2,0
East,Online,Fiber,Premium,Existing,1,1,1,1,0,108.52703849759749,1,0
South,Phone,5G,Standard,New,1,1,0,1,0,69.34379567918093,2,0
South,Online,DSL,Standard,Existing,1,1,1,1,1,109.9290485961827,1,0
East,Store,Fiber,Premium,Existing,1,1,0,1,0,155.15745149787722,0,0
South,Online,DSL,Standard,New,1,1,1,1,0,161.8369703923421,0,0
West,Online,Fiber,Standard,Existing,1,1,1,0,0,187.48435546409542,0,0
South,Online,5G,Premium,New,1,1,1,1,1,151.58652910824833,1,0
North,Store,DSL,Standard,Existing,1,0,1,1,1,199.41219966099877,3,1
West,Online,5G,Basic,Existing,1,1,1,1,0,85.79644129973431,1,0
West,Online,5G,Premium,Existing,1,1,0,1,0,64.74326788689405,0,0
West,Store,5G,Premium,Existing,1,1,1,1,1,55.5790012778418,0,0
East,Phone,Fiber,Premium,Existing,1,1,1,0,1,133.53436579456496,1,0
East,Phone,DSL,Premium,New,1,1,1,1,1,95.42048991597935,0,0
West,Phone,Fiber,Basic,Existing,1,1,1,1,0,72.52406817113726,1,0
East,Store,Fiber,Premium,Existing,1,1,1,1,0,74.06693593074945,1,0
South,Store,DSL,Premium,Existing,1,1,1,1,0,95.51234194294634,2,0
East,Phone,DSL,Standard,Existing,1,1,1,1,1,149.78955452191622,0,0
East,Online,DSL,Premium,New,1,1,1,1,0,136.23551744919928,1,0
West,Phone,DSL,Standard,Existing,1,1,0,1,1,166.81379347457877,1,0
North,Store,Fiber,Premium,Existing,1,1,1,1,0,90.88450133841326,1,0
North,Online,DSL,Premium,Existing,1,1,0,1,0,154.27643122822673,0,0
North,Online,DSL,Basic,New,1,1,1,1,0,179.18703544147974,1,0
South,Store,DSL,Standard,Existing,1,1,1,1,0,174.1412224346264,1,0
East,Online,5G,Basic,Existing,1,1,1,1,0,145.44426000682424,1,0
North,Phone,DSL,Standard,Existing,1,1,1,1,0,175.9169939042012,2,0
West,Store,DSL,Premium,New,1,1,1,1,0,54.12457201790504,0,0
North,Store,Fiber,Basic,Existing,0,1,1,1,0,116.34880449284067,0,0
North,Store,5G,Standard,Existing,1,1,1,1,1,84.90882384627236,0,0
East,Store,Fiber,Standard,Existing,1,1,0,1,1,118.25811377829014,0,0
East,Online,5G,Basic,New,1,0,1,1,0,60.258970394110136,1,0
East,Store,Fiber,Standard,Existing,1,1,1,1,1,57.70176913365623,0,0
South,Store,Fiber,Premium,Existing,1,1,1,1,0,57.61796758690623,1,0
South,Online,DSL,Standard,Existing,0,1,1,1,0,54.68367322337176,0,0
North,Store,DSL,Premium,Existing,0,0,1,1,1,118.01405325164617,1,1
East,Online,5G,Standard,New,1,1,1,1,0,59.1136078173054,0,0
North,Online,5G,Basic,New,1,1,0,1,0,174.28757751142282,0,0
West,Store,5G,Premium,New,1,1,1,1,1,85.8932086504825,0,0
West,Phone,DSL,Standard,Existing,1,1,1,1,0,193.28734559584672,1,0
East,Store,Fiber,Premium,New,1,1,1,1,1,130.7559787788104,1,0
East,Phone,5G,Basic,Existing,1,0,1,0,1,141.33418482836183,0,1
West,Online,DSL,Standard,Existing,1,0,1,1,1,139.6233601731218,1,0
East,Phone,DSL,Standard,Existing,1,1,1,1,0,93.32982613488485,1,0
South,Store,Fiber,Premium,New,1,1,1,1,1,179.14440846494762,1,0
South,Store,Fiber,Basic,New,1,1,1,1,0,198.81166262250628,0,0
East,Phone,DSL,Basic,Existing,1,1,0,1,1,65.86510468757949,0,0
West,Store,Fiber,Standard,Existing,1,1,1,1,1,118.73675277019038,0,0
North,Phone,Fiber,Premium,New,1,1,1,1,1,120.530170272239,1,0
East,Online,DSL,Standard,New,1,1,0,1,0,165.18474904614345,2,0
East,Phone,5G,Standard,Existing,1,1,1,1,1,108.87126895027916,0,0
North,Phone,5G,Premium,New,0,0,1,1,0,148.37298133447422,0,1
East,Phone,DSL,Basic,Existing,1,1,1,1,0,97.38596047685057,0,0
North,Phone,5G,Standard,New,1,1,1,1,0,49.91441558901387,0,0
West,Online,DSL,Standard,New,1,0,1,0,1,113.55419464617755,0,1
South,Online,DSL,Premium,New,1,1,1,1,0,160.75125771010113,2,0
West,Online,Fiber,Premium,Existing,0,0,1,1,0,143.59365821845893,0,1
South,Phone,5G,Standard,Existing,1,1,1,1,0,124.20413428294147,2,0
North,Online,DSL,Basic,Existing,1,1,1,1,1,186.1614525791561,1,0
South,Store,5G,Premium,Existing,1,1,1,1,0,117.08777128264224,1,0
West,Online,5G,Standard,New,1,1,1,1,0,97.99827116576934,2,0
South,Phone,5G,Basic,Existing,1,1,1,0,0,103.39627743879772,1,0
North,Store,DSL,Premium,New,1,1,0,1,0,155.79630938823897,1,0
South,Phone,Fiber,Premium,Existing,1,0,1,1,0,92.63317549769978,2,1
East,Store,5G,Standard,Existing,1,1,1,1,1,142.43276642166978,0,0
West,Phone,DSL,Premium,Existing,1,1,0,1,0,101.7260647600553,0,0
East,Phone,5G,Standard,New,1,0,1,1,1,132.1174966990057,0,0
North,Store,Fiber,Premium,New,1,1,1,1,1,76.74676674702859,0,0
South,Online,5G,Basic,New,1,1,1,1,0,71.8031900981906,0,0
East,Store,DSL,Basic,Existing,1,1,1,1,0,126.46279963502352,1,0
East,Store,5G,Premium,Existing,1,1,1,1,0,82.90552751106674,0,0
South,Store,5G,Standard,New,1,1,0,1,1,55.69978059862251,1,0
South,Store,5G,Premium,New,1,1,1,1,0,82.24986814963911,1,0
West,Store,Fiber,Standard,New,1,1,1,1,0,103.20963664148395,2,0
East,Phone,5G,Premium,New,1,1,1,1,0,91.00776983082511,0,0
East,Phone,DSL,Basic,Existing,0,1,1,1,1,137.27390812258346,0,0
North,Online,5G,Standard,Existing,0,1,1,1,0,97.20873894625842,2,0
West,Online,5G,Basic,Existing,1,1,1,1,1,70.66625384331812,0,0
North,Store,5G,Basic,Existing,1,1,0,1,0,185.64582550049312,0,0
East,Online,Fiber,Basic,Existing,1,1,1,1,0,132.54169778173843,0,0
North,Online,DSL,Premium,New,0,1,1,0,1,76.52636372204259,2,1
East,Store,5G,Standard,New,1,0,1,1,1,93.04555337400203,1,0
East,Phone,DSL,Basic,Existing,1,1,1,1,1,131.16070740280145,1,0
North,Phone,DSL,Standard,New,1,1,1,1,0,60.65242126469066,0,0
North,Online,Fiber,Standard,Existing,1,1,1,1,0,101.47410884764614,2,0
South,Phone,DSL,Basic,Existing,1,1,1,1,1,69.8147773445485,1,0
South,Phone,5G,Premium,New,1,1,1,1,0,98.32444020378546,2,0
South,Online,Fiber,Basic,New,1,1,1,1,0,109.71691930105015,1,0
East,Store,Fiber,Basic,Existing,1,1,1,1,0,127.9856447842503,0,0
North,Online,DSL,Standard,Existing,1,1,1,1,0,43.632276585434354,0,0
West,Online,Fiber,Premium,New,0,1,1,1,0,150.8675285964947,1,0
East,Online,DSL,Standard,New,0,1,1,1,1,185.89575989883312,2,0
West,Store,DSL,Premium,Existing,0,1,1,1,1,88.32168455179966,1,0
North,Store,Fiber,Basic,New,1,1,1,1,1,56.61304711101886,1,0
East,Store,5G,Premium,Existing,1,1,0,1,0,184.32685446172803,0,0
West,Store,DSL,Standard,Existing,1,0,1,0,0,108.26148162776262,1,1
West,Online,Fiber,Basic,New,1,1,1,1,0,150.0626725893423,2,0
South,Phone,Fiber,Premium,New,1,1,1,1,1,138.2127609305624,0,0
South,Online,DSL,Premium,Existing,1,1,1,1,1,176.83015662233674,1,0
South,Store,DSL,Standard,New,0,1,1,1,1,117.98749486884084,0,0
East,Phone,DSL,Premium,New,1,1,1,1,0,152.3304313685176,2,0
North,Online,DSL,Basic,New,0,0,1,1,0,47.50483353249662,0,1
North,Phone,5G,Premium,New,1,1,0,1,0,41.582630763428924,1,0
South,Store,5G,Standard,New,1,1,1,1,1,164.45754145709327,2,0
South,Phone,5G,Premium,Existing,1,0,1,1,0,163.1413269294921,2,1
South,Phone,5G,Basic,New,1,1,1,1,0,64.41419977307832,0,0
West,Store,Fiber,Basic,New,0,1,1,0,0,138.7683091983164,2,1
South,Phone,DSL,Premium,New,1,1,1,0,0,93.52544157889328,2,1
West,Online,Fiber,Premium,Existing,1,0,1,1,0,71.40697973714616,1,0
North,Phone,Fiber,Basic,Existing,1,1,1,1,0,190.10824869742274,0,0
East,Online,5G,Standard,Existing,0,1,1,1,1,189.4346911759268,0,0
East,Phone,Fiber,Basic,New,1,1,1,1,0,148.02417847504853,1,0
East,Phone,5G,Premium,Existing,0,1,1,1,0,199.11089398075984,1,0
East,Store,DSL,Premium,New,1,1,1,1,1,68.30997547386397,0,0
West,Store,5G,Standard,New,0,1,1,0,0,172.51123751786037,1,1
West,Online,DSL,Basic,Existing,1,1,1,0,0,129.76682504021014,0,0
South,Store,5G,Basic,Existing,1,1,1,1,0,69.05256527780128,0,0
West,Store,Fiber,Standard,Existing,1,1,1,1,0,139.92639265604524,1,0
South,Store,Fiber,Basic,Existing,1,1,1,1,0,198.73479899302038,0,0
South,Store,5G,Standard,New,0,1,1,1,0,75.55942294335183,1,0
East,Store,DSL,Basic,Existing,1,1,0,1,0,114.88009418110828,1,0
West,Online,DSL,Standard,New,1,0,1,1,0,55.72524234549075,0,0
West,Online,5G,Standard,Existing,1,1,1,1,1,82.12333549267264,0,0
South,Store,Fiber,Standard,Existing,0,1,1,1,0,87.38446978375865,1,0
South,Store,DSL,Premium,Existing,1,1,1,1,1,131.76038082531062,2,0
North,Online,5G,Premium,New,1,1,1,0,1,50.67659028008844,1,0
North,Phone,DSL,Premium,Existing,1,1,1,1,1,181.46307424153352,0,0
South,Online,Fiber,Basic,New,0,0,1,0,0,193.59577603166724,0,1
North,Phone,DSL,Standard,New,1,1,1,1,0,148.8330847078122,1,0
North,Store,5G,Basic,New,1,0,1,1,0,147.21426273186216,2,1
South,Store,DSL,Basic,New,1,1,1,1,0,88.03461610603631,1,0
South,Online,DSL,Standard,New,0,1,1,1,1,182.8623085727388,0,0
West,Store,Fiber,Premium,New,1,1,1,1,0,171.2775671742476,0,0
South,Phone,Fiber,Basic,New,1,1,1,1,0,58.930607035607245,0,0
South,Phone,Fiber,Basic,New,1,0,1,1,0,154.64480388390083,1,0
East,Online,Fiber,Basic,New,1,1,1,1,1,60.10561202638945,2,0
West,Phone,5G,Premium,Existing,1,1,1,1,0,77.86632075297138,0,0
West,Online,DSL,Standard,Existing,1,1,1,1,1,171.32332679357674,0,0
West,Online,DSL,Standard,Existing,1,1,1,1,0,116.2201553169597,2,0
East,Phone,DSL,Basic,New,1,1,1,1,1,112.54701107741239,1,0
South,Phone,DSL,Standard,New,1,1,1,1,0,80.6237656376247,1,0
West,Phone,5G,Premium,Existing,1,1,1,1,0,138.85152907886896,0,0
West,Phone,Fiber,Standard,Existing,0,1,1,0,1,62.61145432285584,2,1
North,Phone,DSL,Basic,New,1,1,1,1,0,167.54040129794112,1,0
West,Phone,DSL,Basic,Existing,1,1,1,1,1,125.33274163431125,0,0
South,Phone,Fiber,Standard,New,0,1,1,1,0,175.2021262269431,1,0
South,Store,Fiber,Basic,Existing,1,1,1,1,1,119.1034629602435,0,0
North,Online,DSL,Premium,New,1,1,0,1,0,86.93564561171705,0,0
West,Online,Fiber,Premium,New,1,1,1,1,1,41.91606722672244,2,0
West,Phone,DSL,Premium,New,1,1,0,1,0,105.86575591675158,0,0
West,Online,DSL,Premium,New,1,1,1,1,1,191.3939035976708,0,0
East,Phone,DSL,Basic,Existing,1,1,1,1,1,173.8008092701867,1,0
West,Store,DSL,Basic,New,1,1,1,1,0,199.7511026226697,3,0
South,Online,DSL,Standard,New,1,0,1,1,0,65.0600123215157,0,0
South,Online,DSL,Basic,Existing,0,1,1,1,1,142.025474825769,0,0
East,Store,Fiber,Standard,Existing,1,1,1,1,0,61.38465176370122,2,0
East,Store,5G,Basic,Existing,0,1,1,1,0,184.8177658387111,1,0
West,Store,5G,Standard,New,0,1,1,1,0,95.66831804856005,1,0
North,Online,DSL,Standard,New,1,1,1,1,0,182.97372818019687,2,0
East,Online,Fiber,Premium,Existing,0,1,1,1,1,72.49546710255885,1,0
East,Store,DSL,Standard,Existing,0,1,0,1,1,65.48471690115369,0,0
West,Store,Fiber,Standard,Existing,1,1,1,1,0,68.62638753831612,0,0
West,Store,DSL,Standard,New,0,1,1,1,0,164.76746305161285,1,0
East,Store,DSL,Standard,Existing,1,1,1,1,0,178.15433105684687,1,0
North,Store,5G,Standard,Existing,0,1,1,1,0,46.45787221266849,0,0
East,Phone,Fiber,Premium,New,1,1,1,1,1,63.771236607053496,1,0
West,Store,Fiber,Standard,New,1,1,1,1,0,40.52460285921281,1,0
West,Phone,5G,Standard,New,1,1,0,1,0,49.687930925113655,0,0
East,Online,5G,Standard,Existing,1,1,1,1,0,54.37689960335273,1,0
North,Online,5G,Basic,New,1,0,1,1,1,87.1509773707281,0,0
East,Phone,5G,Basic,New,1,1,1,1,0,74.07312648367994,2,0
East,Store,Fiber,Premium,Existing,0,0,1,1,0,145.93214946203443,1,1
West,Online,Fiber,Standard,New,1,1,1,1,1,199.60386616669626,0,0
North,Store,5G,Standard,Existing,1,1,1,1,1,145.74430961551454,0,0
South,Store,DSL,Basic,Existing,1,1,1,1,0,40.09591505151269,1,0
North,Phone,DSL,Standard,New,1,1,1,1,1,60.78773608243766,0,0
East,Online,DSL,Premium,Existing,1,1,1,1,1,57.510021104096474,0,0
East,Online,DSL,Standard,Existing,1,1,1,1,0,106.81471809768716,1,0
East,Phone,Fiber,Premium,Existing,1,0,1,0,1,84.50146036293374,1,1
North,Store,Fiber,Basic,New,1,1,1,1,1,194.25140600614236,1,0
West,Store,Fiber,Premium,Existing,0,1,1,1,0,67.11458700030379,2,0
East,Online,DSL,Premium,Existing,1,1,1,1,1,146.52195785882674,0,0
East,Phone,5G,Premium,New,1,1,1,1,0,66.11794117652848,1,0
North,Phone,DSL,Premium,New,1,1,1,1,0,126.78216623613218,0,0
South,Store,Fiber,Premium,Existing,1,0,1,1,1,43.98418817497296,0,0
South,Store,DSL,Premium,Existing,1,1,1,1,0,47.73531513351571,1,0
West,Phone,5G,Premium,New,0,1,1,1,0,45.0678059633359,0,0
West,Online,5G,Premium,Existing,1,1,0,0,0,65.0017182172364,0,1
East,Store,DSL,Premium,New,1,1,1,1,1,40.65253715168501,0,0
North,Phone,Fiber,Basic,New,1,1,1,0,0,118.7731773277645,0,0
East,Phone,Fiber,Premium,New,1,1,1,0,0,102.05617159959603,1,0
West,Phone,Fiber,Premium,Existing,1,1,0,1,0,49.98511400835015,0,0
North,Online,DSL,Standard,New,1,0,1,1,1,52.506098912251375,1,0
North,Store,Fiber,Standard,New,1,1,1,1,0,163.93379775459462,0,0
West,Store,DSL,Standard,New,1,1,0,1,1,43.932769091490854,0,0
South,Store,Fiber,Premium,Existing,1,1,1,1,1,187.20675830247455,1,0
South,Online,5G,Basic,Existing,0,0,1,1,1,99.33332462595149,0,1
North,Store,5G,Basic,New,0,1,1,0,1,62.98528018046582,1,1
East,Store,Fiber,Standard,New,1,1,1,1,0,177.74142153124376,1,0
South,Store,DSL,Standard,Existing,1,1,1,1,1,96.71105428468496,2,0
East,Store,Fiber,Premium,Existing,1,1,1,1,1,131.37083153651582,0,0
South,Online,DSL,Basic,Existing,1,1,1,1,1,118.9486051810289,0,0
South,Phone,5G,Basic,New,0,1,1,1,0,135.66948311321897,1,0
East,Phone,DSL,Standard,Existing,0,1,1,1,0,68.59682693390882,0,0
West,Store,Fiber,Basic,New,1,1,1,1,0,103.37852662191165,2,0
South,Store,5G,Standard,New,1,1,1,0,1,87.26040995609483,0,0
South,Store,DSL,Standard,Existing,1,1,1,1,1,164.24186446229982,1,0
East,Online,DSL,Premium,New,1,1,1,1,0,165.2864224698348,0,0
West,Store,5G,Standard,New,1,1,1,1,1,199.07780965567508,0,0
South,Online,Fiber,Premium,Existing,0,1,1,1,0,199.74030888981562,0,0
South,Store,5G,Basic,New,1,1,1,1,0,55.48452316735908,1,0
West,Store,Fiber,Basic,New,1,1,0,1,0,114.26277800878199,3,0
South,Phone,Fiber,Standard,Existing,1,1,0,1,1,159.71814095647937,1,0
West,Store,DSL,Standard,New,0,1,1,1,1,147.36087404282966,0,0
West,Online,Fiber,Premium,Existing,0,1,1,1,0,117.63075405458466,1,0
East,Phone,Fiber,Premium,Existing,0,1,1,1,0,55.90132244429043,0,0
North,Online,5G,Basic,New,1,1,1,1,1,115.00241085393779,2,0
West,Phone,5G,Basic,New,1,1,1,1,0,193.00995455803812,0,0
East,Online,Fiber,Standard,Existing,1,1,1,1,0,110.09007552051393,1,0
North,Phone,DSL,Standard,Existing,1,1,1,1,1,44.55195526232389,2,0
South,Online,5G,Premium,New,1,1,1,1,1,104.17713067662615,0,0
North,Online,DSL,Standard,New,0,1,1,1,1,114.86228475495673,0,0
West,Store,5G,Premium,New,0,1,1,1,0,158.26459266337557,1,0
West,Phone,5G,Basic,Existing,1,1,1,1,0,76.48393233531647,0,0
West,Phone,Fiber,Basic,New,1,1,1,1,0,133.0664581158979,1,0
West,Store,5G,Standard,New,1,1,1,1,0,67.752072438196,2,0
West,Online,5G,Premium,New,1,1,1,1,1,138.56076351510407,0,0
East,Online,DSL,Standard,New,1,1,0,1,1,123.51516262186472,1,0
West,Phone,5G,Standard,Existing,1,0,1,1,0,177.514547311668,0,0
East,Online,5G,Premium,Existing,0,1,1,1,1,113.96251391156498,0,0
South,Phone,DSL,Standard,New,0,1,1,1,0,85.68434322691297,1,0
West,Phone,Fiber,Premium,New,1,0,1,1,0,124.96373730133874,0,0
West,Online,Fiber,Premium,Existing,0,1,1,1,1,129.51613456480987,0,0
North,Online,5G,Standard,New,1,1,1,1,0,54.75680425428166,0,0
South,Online,5G,Premium,Existing,1,1,1,1,0,131.24288744953947,2,0
West,Store,DSL,Basic,Existing,1,1,1,1,0,151.07482078570257,2,0
West,Phone,Fiber,Basic,Existing,0,1,0,1,0,181.52587487978337,1,0
South,Online,Fiber,Basic,Existing,1,1,1,1,0,74.17210990324703,1,0
East,Store,Fiber,Basic,New,1,1,1,1,0,113.00701481498487,1,0
West,Online,DSL,Standard,Existing,1,1,1,1,0,49.342574662368236,1,0
North,Phone,DSL,Basic,New,1,1,1,1,1,66.26004403440947,0,0
West,Store,DSL,Basic,New,1,1,1,1,0,188.03634869516122,0,0
North,Phone,5G,Basic,Existing,1,1,1,1,1,190.14927108747477,1,0
North,Online,Fiber,Basic,Existing,1,1,1,1,0,46.61179453200555,1,0
West,Online,5G,Standard,Existing,1,1,1,1,0,125.49442823836402,1,0
West,Online,5G,Basic,New,1,1,1,1,0,62.004559841684554,0,0
North,Store,DSL,Premium,Existing,1,1,1,1,0,152.72765138232205,0,0
South,Store,Fiber,Premium,Existing,1,1,1,1,0,139.73041568201998,0,0
South,Store,5G,Standard,Existing,0,1,1,1,0,122.64979687512202,3,0
West,Store,Fiber,Standard,New,1,1,1,1,0,123.15494141912413,1,0
East,Online,5G,Standard,Existing,1,1,1,1,0,138.55562704461835,0,0
South,Online,DSL,Basic,Existing,1,1,1,1,1,110.45495409119916,0,0
West,Online,5G,Standard,Existing,1,1,1,1,0,157.10576713287708,0,0
South,Store,DSL,Basic,New,0,1,0,1,0,153.95672489541698,0,0
East,Store,Fiber,Standard,Existing,0,1,1,0,0,94.0517510576003,0,1
West,Online,5G,Premium,New,1,1,1,1,0,155.2556670757025,0,0
East,Online,5G,Premium,New,1,1,0,1,1,94.86678826526004,0,0
West,Store,DSL,Basic,New,1,1,1,1,0,134.10756133979496,0,0
East,Phone,DSL,Standard,New,1,1,1,1,1,73.84556218096074,1,0
South,Online,Fiber,Premium,New,1,1,1,1,1,90.514975149816,0,0
South,Online,DSL,Basic,Existing,1,1,0,1,0,74.94486103418866,0,0
East,Online,Fiber,Premium,Existing,1,1,1,1,1,198.23902981064737,1,0
East,Store,5G,Standard,New,0,1,1,1,0,137.85236898115983,0,0
East,Online,Fiber,Basic,New,1,1,1,0,1,147.9070636026667,0,0
West,Online,Fiber,Premium,New,0,1,1,1,0,142.02144246635532,2,0
South,Online,Fiber,Standard,New,0,1,0,1,0,44.570201471457395,0,0
West,Online,5G,Basic,Existing,1,1,0,1,0,154.95973055962168,1,0
South,Online,5G,Premium,Existing,1,1,1,1,1,164.63717256402876,1,0
North,Phone,DSL,Premium,New,1,1,1,1,1,94.49353406377352,0,0
West,Phone,Fiber,Basic,New,1,0,1,1,1,133.84952381014045,1,0
South,Online,5G,Standard,New,1,1,0,1,1,44.415072544702134,0,0
South,Online,Fiber,Basic,Existing,1,1,1,1,0,73.98032506373067,0,0
West,Online,Fiber,Premium,New,0,1,1,1,0,70.7451524426732,0,0
West,Online,Fiber,Premium,Existing,1,1,1,1,0,80.99936758972837,0,0
South,Store,5G,Premium,Existing,1,1,1,1,0,101.1080800653312,0,0
West,Store,Fiber,Standard,New,1,1,1,1,1,74.94079889062522,1,0
East,Store,Fiber,Premium,Existing,1,1,1,1,0,76.58505934539068,2,0
West,Phone,DSL,Premium,New,1,1,1,1,0,193.00318082382518,0,0
West,Online,Fiber,Basic,Existing,1,1,1,1,0,80.50481346811573,0,0
West,Store,DSL,Premium,New,1,1,1,0,1,130.6979477821034,0,0
South,Online,Fiber,Basic,New,0,1,1,1,0,142.75495394695116,1,0
East,Online,DSL,Premium,New,1,1,1,1,0,89.66089538862788,1,0
North,Phone,5G,Basic,New,1,1,1,1,0,50.950191947663974,0,0
North,Phone,5G,Basic,New,1,1,1,1,0,115.7801578694494,0,0
East,Store,Fiber,Basic,New,1,1,1,1,1,198.26076456726096,2,0
East,Store,DSL,Basic,Existing,1,1,1,0,0,85.67679535972616,1,0
East,Phone,5G,Standard,Existing,1,0,1,1,1,40.71289577510561,1,0
South,Phone,Fiber,Premium,New,1,1,1,0,0,167.48531014075832,1,0
North,Online,Fiber,Standard,Existing,1,1,1,1,0,80.22683930894125,0,0
East,Online,DSL,Premium,New,1,1,1,1,0,176.0926597247845,3,0
South,Store,DSL,Basic,Existing,1,1,1,1,1,80.87695409328119,0,0
North,Store,Fiber,Premium,Existing,1,1,1,1,0,179.44198924848186,3,0
West,Phone,DSL,Basic,New,0,1,1,1,1,186.22792366962872,1,0
South,Store,DSL,Premium,New,1,1,1,1,0,132.91939870391192,2,0
North,Online,5G,Basic,Existing,1,1,1,1,0,173.42030511918784,1,0
South,Phone,DSL,Premium,Existing,1,1,0,1,0,178.71355871696102,0,0
North,Online,Fiber,Premium,Existing,1,1,1,1,1,95.92561237942891,1,0
North,Phone,DSL,Premium,Existing,1,1,1,1,0,145.35846377578224,0,0
West,Phone,Fiber,Basic,Existing,1,1,1,1,0,136.73702876691394,0,0
South,Online,Fiber,Premium,Existing,1,1,1,1,0,108.5616923711669,2,0
East,Store,DSL,Basic,New,1,1,1,1,0,161.08427004860047,0,0
West,Store,DSL,Standard,Existing,0,1,1,1,0,115.46222660716218,0,0
West,Store,DSL,Premium,New,0,1,1,1,0,82.75859906417274,1,0
North,Store,5G,Basic,Existing,1,1,1,1,1,84.37529754221087,1,0
East,Online,5G,Basic,New,1,1,1,1,1,40.094607832987315,2,0
South,Phone,DSL,Basic,New,1,0,1,1,0,52.059016332977976,0,0
East,Online,Fiber,Standard,New,1,1,1,1,0,62.59561269539367,0,0
East,Store,DSL,Basic,New,1,1,0,1,0,153.40839015549784,1,0
East,Store,5G,Standard,Existing,0,1,1,1,1,58.70994644876612,1,0
East,Online,5G,Standard,New,1,0,1,1,1,75.15599332330625,0,0
East,Phone,DSL,Basic,New,0,1,1,1,0,116.12985687632843,0,0
North,Online,Fiber,Premium,Existing,1,1,0,1,0,93.62586477256434,0,0
North,Online,Fiber,Standard,Existing,1,1,1,1,1,165.08093642804937,1,0
West,Online,5G,Basic,Existing,1,1,1,1,0,56.233746836341695,1,0
North,Phone,5G,Standard,New,0,1,0,1,1,197.0792714000922,0,0
West,Online,5G,Basic,Existing,1,1,1,1,0,172.0194198074064,0,0
West,Online,Fiber,Basic,New,1,1,0,1,0,119.64589841556743,0,0
South,Store,5G,Standard,New,1,1,1,1,1,60.299267886110854,1,0
East,Online,5G,Basic,New,1,0,1,0,0,55.41951949150929,1,1
North,Store,Fiber,Standard,Existing,1,1,1,1,0,65.42189907457272,1,0
South,Store,5G,Basic,New,1,1,1,1,0,68.78196196034665,0,0
North,Store,5G,Premium,New,1,1,1,1,0,160.68961926048834,0,0
West,Phone,DSL,Premium,New,1,1,1,0,1,195.5909361921801,0,0
North,Store,5G,Standard,Existing,1,1,1,1,0,160.91698630536197,0,0
East,Online,DSL,Standard,Existing,1,1,0,1,0,162.91731501927427,2,0
West,Online,5G,Standard,New,1,1,1,1,1,191.49379471031523,0,0
West,Store,5G,Standard,New,1,1,1,1,0,55.68165983457041,1,0
South,Store,DSL,Premium,New,1,1,0,1,1,55.88843507200616,0,0
East,Online,5G,Standard,New,1,1,1,1,1,183.34671666865268,1,0
West,Store,DSL,Basic,Existing,1,0,1,1,0,128.21700908388755,0,0
East,Phone,5G,Basic,New,1,1,1,1,1,79.6979749026543,2,0
North,Store,DSL,Standard,Existing,1,1,1,1,1,72.01046257400589,0,0
East,Phone,DSL,Basic,New,0,1,1,1,0,137.115941868658,2,0
West,Phone,5G,Standard,New,1,0,1,0,0,141.88176044740328,1,1
South,Phone,5G,Basic,Existing,1,1,1,1,0,161.389541722341,0,0
West,Store,DSL,Basic,New,1,1,1,0,0,143.38477903721434,0,0
East,Phone,Fiber,Standard,New,1,1,1,1,1,155.32728555007986,0,0
East,Phone,5G,Standard,Existing,1,1,1,1,0,154.24701799208356,0,0
West,Store,5G,Premium,New,1,0,1,1,1,48.2514684037242,1,0
East,Phone,Fiber,Standard,Existing,1,1,1,0,0,153.81884620334688,1,0
North,Store,Fiber,Premium,Existing,0,1,1,1,1,65.51786819197227,0,0
West,Online,DSL,Standard,New,1,0,1,1,0,120.11775052411849,0,0
South,Phone,5G,Basic,Existing,1,1,1,1,1,80.33712517414409,0,0
West,Store,DSL,Premium,Existing,1,1,1,1,0,148.89373494081235,3,0
North,Online,5G,Basic,New,1,1,1,0,0,88.2345095317063,1,0
North,Phone,Fiber,Standard,New,1,1,1,1,0,185.99172752742382,0,0
North,Phone,DSL,Standard,New,1,1,0,1,0,47.66118804946544,1,0
North,Store,5G,Standard,Existing,1,1,0,1,1,115.55961291745,2,0
North,Online,5G,Standard,New,1,1,1,0,0,108.39731082845829,0,0
South,Store,Fiber,Premium,Existing,1,0,1,1,0,70.60728248473197,0,0
East,Phone,Fiber,Premium,New,1,1,1,0,0,51.19236649272018,2,1
North,Phone,5G,Standard,New,0,1,1,1,0,76.11183021549805,1,0
North,Phone,Fiber,Basic,New,1,1,1,1,0,60.7408360336767,3,0
West,Phone,Fiber,Premium,Existing,1,1,1,0,0,69.76494522157085,1,0
South,Online,DSL,Basic,Existing,1,1,1,1,0,177.4137654071953,1,0
South,Online,5G,Standard,Existing,0,0,1,1,0,155.9335335592648,1,1
East,Store,DSL,Premium,New,0,1,1,1,1,62.683535985756045,0,0
South,Store,Fiber,Premium,New,1,1,1,1,0,184.2306038009058,2,0
West,Store,5G,Premium,New,1,1,0,1,1,181.95948418240772,3,0
West,Phone,Fiber,Basic,New,1,1,1,0,0,80.29967673451145,1,0
East,Store,Fiber,Standard,New,1,1,1,1,1,47.66260576363024,1,0
West,Online,5G,Standard,New,0,1,1,1,0,150.9486278193176,0,0
North,Store,Fiber,Premium,New,1,1,1,1,0,133.23788905396069,2,0
North,Store,DSL,Premium,Existing,1,1,1,1,0,100.01993171606586,2,0
West,Online,5G,Standard,New,1,1,1,1,1,47.687192234318374,0,0
East,Online,Fiber,Basic,New,1,1,1,1,0,60.80192960660327,0,0
South,Phone,Fiber,Premium,Existing,0,0,1,1,0,136.18700949666572,1,1
East,Online,Fiber,Basic,New,1,1,0,0,0,147.44208478969162,0,1
South,Online,5G,Basic,New,1,1,1,1,0,73.0271052375913,0,0
West,Store,DSL,Standard,Existing,1,1,1,1,1,111.61799030418618,1,0
West,Online,Fiber,Standard,New,0,1,1,1,1,179.9740967140675,1,0
North,Phone,Fiber,Basic,Existing,1,1,1,1,0,78.448552035061,2,0
South,Store,Fiber,Basic,New,0,1,1,1,0,180.07156112395995,1,0
East,Phone,5G,Standard,Existing,0,1,1,1,1,86.16298862556877,0,0
West,Online,Fiber,Premium,New,1,0,1,1,0,177.33314248268437,1,0
East,Phone,Fiber,Basic,Existing,0,1,1,1,1,132.4691785235567,0,0
North,Phone,Fiber,Premium,New,1,1,1,1,1,160.5700357061207,0,0
South,Online,5G,Basic,Existing,0,1,0,1,1,94.473511802676,0,0
South,Online,DSL,Standard,New,1,1,1,1,1,62.2527605232458,0,0
West,Store,5G,Premium,New,1,1,1,1,1,63.79623512661313,0,0
South,Store,DSL,Standard,New,1,0,0,1,0,66.34078257038041,0,1
West,Store,DSL,Basic,Existing,1,1,1,1,1,72.19827440134415,1,0
North,Online,5G,Standard,Existing,1,1,1,0,0,181.21460087379114,1,0
South,Phone,Fiber,Premium,New,1,1,1,1,0,118.32180949813821,0,0
West,Phone,DSL,Standard,New,1,1,1,1,0,75.31668481908781,0,0
East,Store,Fiber,Premium,Existing,0,1,1,1,0,140.42058355576035,0,0
West,Store,DSL,Standard,Existing,1,0,1,1,0,53.35995684757986,1,0
South,Online,Fiber,Standard,Existing,1,1,1,1,0,69.41904452770858,0,0
North,Phone,Fiber,Premium,Existing,0,1,1,1,1,128.58854890411504,2,0
South,Store,5G,Premium,Existing,0,1,1,1,0,117.53778275258883,0,0
South,Online,Fiber,Premium,Existing,1,1,1,0,1,75.59595867431179,1,0
West,Store,DSL,Basic,New,1,1,1,1,0,47.538693005705696,2,0
East,Online,Fiber,Standard,New,1,1,1,0,0,136.2995961201212,0,0
South,Phone,Fiber,Premium,New,1,1,1,1,0,181.68878524307345,0,0
East,Online,Fiber,Basic,Existing,0,1,1,1,0,163.0096767036971,0,0
West,Store,DSL,Basic,Existing,1,1,1,1,0,72.20769167427981,0,0
East,Store,DSL,Premium,New,1,1,1,1,0,151.59169448183667,1,0
West,Phone,DSL,Premium,New,1,1,1,1,1,77.03500866682884,1,0
North,Phone,Fiber,Premium,Existing,1,1,1,1,1,162.35024887174822,0,0
East,Store,5G,Basic,New,1,1,1,1,0,160.8875711975943,1,0
East,Store,DSL,Basic,New,1,1,1,1,1,75.36209151668879,0,0
North,Store,Fiber,Standard,Existing,1,1,0,1,0,43.16267788933004,1,0
East,Phone,DSL,Basic,New,1,1,1,1,0,123.65489662622463,1,0
North,Store,5G,Premium,New,1,1,1,1,1,140.9798185204007,1,0
South,Phone,Fiber,Standard,Existing,1,1,1,1,1,83.76659117906023,1,0
West,Store,DSL,Standard,Existing,0,1,0,1,1,106.909253087776,1,0
North,Online,DSL,Standard,Existing,1,1,1,1,0,113.41568582498567,0,0
East,Online,5G,Standard,Existing,1,1,1,1,1,156.53504372455663,1,0
North,Store,DSL,Premium,New,1,1,1,1,1,71.17643104212668,0,0
East,Online,Fiber,Standard,New,1,1,0,1,0,54.759644209230615,0,0
South,Phone,Fiber,Premium,Existing,1,1,1,1,0,83.17730205919283,1,0
North,Online,5G,Basic,Existing,1,0,1,1,0,119.66048863167593,0,0
South,Online,5G,Premium,Existing,1,1,0,1,0,62.2185803062219,1,0
West,Phone,5G,Standard,New,1,1,1,1,1,76.60207061180587,3,0
East,Online,Fiber,Basic,New,1,1,1,1,1,119.31673960600841,0,0
East,Online,5G,Basic,New,1,1,1,1,1,155.43378259755752,2,0
South,Store,DSL,Basic,Existing,1,1,0,1,0,44.28164106858296,1,0
West,Phone,DSL,Standard,Existing,0,1,1,1,1,131.32584561653087,0,0
North,Phone,Fiber,Premium,New,1,0,1,1,0,101.43263343299043,3,1
North,Store,DSL,Premium,New,0,1,1,1,0,129.963864692362,3,0
East,Store,5G,Standard,Existing,1,1,1,1,0,142.48221041636748,0,0
South,Online,DSL,Standard,Existing,1,1,1,0,1,45.918024324479916,1,0
South,Online,5G,Basic,Existing,1,1,0,1,1,126.14497464592193,1,0
North,Online,DSL,Premium,Existing,1,1,1,1,1,191.23239856467197,0,0
West,Store,Fiber,Standard,Existing,1,1,1,0,0,107.62196411785638,1,0
West,Phone,5G,Standard,Existing,1,1,1,1,1,186.03779136952403,0,0
North,Online,DSL,Premium,Existing,0,1,1,1,0,195.43308013993024,2,0
North,Store,Fiber,Basic,Existing,1,1,1,1,0,139.12202580779456,0,0
South,Phone,DSL,Basic,New,1,1,1,1,1,122.75162827567327,2,0
West,Store,Fiber,Basic,New,0,1,1,1,0,163.67307943835215,1,0
North,Online,DSL,Premium,New,1,1,1,1,0,166.28349344783337,2,0
North,Store,5G,Standard,Existing,1,1,1,1,1,139.77705514866062,0,0
East,Store,5G,Standard,New,0,1,1,1,0,40.06597375560968,1,0
North,Store,5G,Standard,New,0,1,1,1,0,144.449862600473,1,0
North,Store,5G,Standard,New,1,1,1,1,0,180.96612737084297,2,0
West,Phone,5G,Premium,Existing,1,1,1,1,0,50.86755643578721,0,0
South,Online,DSL,Basic,Existing,1,1,1,1,1,87.8111559390293,0,0
West,Phone,DSL,Basic,Existing,1,1,1,1,1,177.11550726543572,0,0
South,Store,DSL,Basic,New,1,1,0,1,0,140.02754791870873,2,0
East,Store,DSL,Basic,New,1,1,1,1,0,58.26536989017116,0,0
North,Online,5G,Standard,Existing,1,1,1,1,0,135.47137296470635,2,0
East,Online,Fiber,Standard,New,1,0,1,1,1,138.89270783014814,0,0
South,Phone,5G,Premium,New,1,1,1,1,0,57.5349367517242,2,0
West,Phone,DSL,Basic,Existing,0,1,1,0,1,67.50090744252094,0,1
West,Online,5G,Standard,Existing,0,1,1,1,0,133.33476602811328,0,0
East,Phone,5G,Standard,Existing,1,1,1,1,0,106.07136098294421,0,0
South,Store,5G,Standard,Existing,1,1,1,1,0,76.96190965048257,0,0
East,Store,Fiber,Basic,Existing,1,0,1,1,0,140.3356345991196,1,0
East,Online,5G,Standard,Existing,1,1,1,1,1,57.63600176175309,0,0
North,Phone,5G,Basic,Existing,1,1,1,1,0,58.1114156480355,0,0
East,Store,Fiber,Basic,Existing,1,1,1,1,1,41.66198006603537,1,0
North,Online,5G,Premium,Existing,1,1,0,1,1,144.6438002025258,0,0
North,Phone,5G,Premium,Existing,1,1,1,1,0,189.0023514477679,0,0
West,Store,5G,Basic,Existing,0,1,1,1,1,43.29244338591592,0,0
North,Phone,5G,Basic,Existing,0,1,0,1,0,104.28371639578569,1,0
North,Phone,5G,Basic,New,1,0,1,1,0,68.05184802178447,0,0
West,Phone,DSL,Standard,Existing,1,1,1,1,0,143.3974254253658,1,0
East,Online,5G,Standard,New,1,1,1,1,0,111.58946036897095,2,0
South,Store,Fiber,Standard,New,1,1,1,1,0,134.3647571050333,0,0
South,Online,5G,Premium,New,1,0,1,1,0,174.43247376522044,0,0
South,Store,DSL,Basic,Existing,1,1,1,1,0,131.02527910799853,0,0
East,Store,Fiber,Standard,Existing,1,1,0,1,1,125.74044493939309,2,0
North,Online,Fiber,Standard,Existing,1,1,1,1,0,62.97539529439804,3,0
South,Online,5G,Premium,Existing,1,1,1,1,0,113.94341794665297,0,0
East,Store,DSL,Premium,New,0,1,1,1,0,140.43461829931255,1,0
North,Store,5G,Basic,New,0,1,0,1,0,153.03454857496615,0,0
West,Store,DSL,Basic,Existing,1,1,1,1,0,53.11347271289692,0,0
South,Phone,DSL,Standard,Existing,1,1,0,1,0,149.58428365989488,3,0
North,Store,5G,Standard,Existing,1,1,1,1,0,71.33004258154897,0,0
South,Online,DSL,Standard,Existing,0,1,1,1,0,145.76850633341684,1,0
South,Online,5G,Standard,New,1,1,1,1,0,84.74379469984291,1,0
South,Online,DSL,Standard,Existing,1,1,1,1,1,134.53354158553753,0,0
North,Store,Fiber,Premium,New,1,1,1,1,0,64.8432608814668,1,0
East,Store,5G,Basic,Existing,1,1,1,1,1,193.63729877826069,2,0
North,Phone,DSL,Premium,Existing,1,1,1,0,1,152.11474293801797,2,1
South,Phone,Fiber,Basic,Existing,1,1,0,1,1,80.73768703998951,0,0
North,Online,Fiber,Basic,Existing,1,1,0,1,0,173.0588727348722,1,0
West,Phone,Fiber,Basic,Existing,1,0,0,1,1,193.11611196215446,0,1
East,Phone,Fiber,Premium,Existing,1,1,1,1,1,126.87396711890906,0,0
North,Online,5G,Standard,New,1,1,0,0,0,95.83208989583528,1,1
West,Store,DSL,Basic,New,0,1,0,1,1,70.25088187301954,0,0
East,Phone,Fiber,Basic,Existing,1,1,1,1,1,138.85013907402526,0,0
West,Store,DSL,Premium,New,1,1,1,1,0,79.9282267733288,0,0
East,Online,DSL,Premium,Existing,1,1,1,1,0,181.89032347428824,0,0
North,Online,DSL,Standard,New,1,1,1,1,1,83.58108112825352,1,0
West,Phone,5G,Standard,Existing,0,1,1,1,1,56.98365821758989,1,0
South,Online,5G,Basic,New,1,1,0,1,0,198.2101436799705,1,0
West,Online,Fiber,Premium,Existing,1,1,1,1,0,102.09301242730575,0,0
East,Online,DSL,Standard,New,1,1,1,1,1,144.97567483586064,0,0
North,Phone,5G,Standard,New,1,1,1,1,1,82.50416634366115,2,0
East,Phone,5G,Standard,Existing,1,1,1,1,1,80.01735672110158,1,0
West,Phone,5G,Premium,Existing,1,1,0,1,1,108.85488491575336,1,0
West,Online,Fiber,Premium,Existing,0,1,1,0,0,175.63727706662388,0,1
South,Store,5G,Premium,Existing,0,1,1,0,1,130.1680122957781,1,1
North,Online,DSL,Premium,Existing,1,0,1,1,1,123.91929260484201,2,1
North,Phone,5G,Premium,New,1,1,1,1,1,101.66141529339995,0,0
West,Store,5G,Basic,Existing,1,1,1,0,0,79.58199528282742,1,0
North,Store,Fiber,Basic,Existing,1,1,1,1,1,161.77997460879462,1,0
South,Phone,DSL,Premium,New,1,1,0,1,0,42.49618920644927,1,0
East,Store,5G,Basic,New,1,1,0,1,1,190.01870319810757,0,0
North,Store,DSL,Premium,New,0,0,1,1,1,163.1794965762869,0,1
West,Phone,DSL,Basic,Existing,1,1,1,1,0,91.1301623573945,1,0
East,Store,5G,Basic,Existing,1,1,1,1,0,174.03665789623744,0,0
East,Store,Fiber,Standard,New,1,0,1,1,0,94.37391463481367,0,0
South,Phone,DSL,Premium,New,1,1,0,1,1,90.83510663460152,0,0
West,Store,5G,Basic,Existing,1,1,1,1,0,89.19611218868576,2,0
North,Store,DSL,Basic,New,1,0,1,1,0,104.2476407168927,1,0
West,Store,DSL,Standard,Existing,1,1,1,1,0,172.29016383176912,0,0
East,Store,DSL,Basic,New,1,1,1,1,1,81.56257401605686,1,0
West,Phone,5G,Standard,New,1,1,0,1,0,139.06220299162766,0,0
North,Online,DSL,Basic,Existing,1,1,1,1,0,66.43308960411802,0,0
North,Online,DSL,Standard,New,1,1,1,1,1,198.24575669576143,0,0
South,Store,Fiber,Standard,New,1,1,1,1,1,75.64565349083233,1,0
North,Phone,5G,Premium,Existing,0,1,1,1,0,173.19214678851037,0,0
North,Phone,5G,Premium,Existing,1,1,1,0,0,77.57424942488122,2,1
West,Store,DSL,Basic,New,0,1,1,1,1,111.578136240158,0,0
West,Online,Fiber,Premium,Existing,1,1,1,1,1,81.60789690150986,2,0
East,Store,DSL,Premium,Existing,1,0,0,1,0,158.18294510447942,1,1
South,Phone,DSL,Premium,Existing,1,1,1,1,0,146.0706406289106,0,0
West,Phone,5G,Basic,New,1,1,1,0,0,58.81882275021445,0,0
North,Online,Fiber,Basic,New,1,1,1,1,1,168.26539227688303,1,0
East,Phone,DSL,Premium,New,1,1,0,1,1,183.82081353069685,0,0
West,Phone,5G,Premium,New,1,1,1,1,0,50.56869969649025,1,0
South,Phone,DSL,Basic,New,1,1,1,1,1,55.636821734763835,0,0
South,Online,DSL,Premium,New,1,1,1,1,1,49.57901969842658,0,0
East,Phone,Fiber,Standard,New,1,1,1,1,0,81.55078164576493,0,0
East,Store,Fiber,Basic,Existing,0,0,1,1,1,190.06986027955068,0,1
East,Online,Fiber,Basic,Existing,1,1,1,1,0,70.32519788345621,0,0
East,Store,DSL,Standard,New,1,1,1,0,0,193.83262310666873,1,0
East,Store,Fiber,Premium,New,0,1,0,1,1,88.42455241663484,0,0
North,Online,5G,Standard,Existing,1,1,1,1,0,163.9558160480576,3,0
North,Store,DSL,Premium,New,1,1,1,1,0,134.82221868110014,1,0
West,Online,Fiber,Premium,New,1,1,0,1,0,75.51773915284204,0,0
South,Store,DSL,Basic,New,1,1,1,1,0,178.02981585560443,1,0
North,Online,DSL,Basic,Existing,1,1,1,1,0,47.05486439948159,1,0
North,Phone,5G,Premium,Existing,1,1,1,1,0,41.74109927135209,0,0
North,Phone,5G,Standard,Existing,1,1,1,1,1,109.61667467473231,0,0
West,Store,5G,Basic,New,1,1,1,1,0,107.10743513028888,2,0
East,Phone,DSL,Premium,Existing,0,1,1,1,0,145.3687796889816,2,0
West,Online,DSL,Basic,Existing,0,1,1,0,0,45.01745099204367,0,1
South,Store,5G,Basic,New,1,1,1,1,0,149.1857403059837,0,0
South,Phone,DSL,Basic,New,1,1,1,1,0,127.21196135411458,1,0
South,Phone,5G,Standard,New,1,0,1,1,1,92.34958811317281,1,0
South,Store,5G,Standard,New,1,1,1,1,1,116.20089683955227,1,0
North,Phone,Fiber,Premium,Existing,1,1,1,1,0,50.565566643281095,0,0
North,Phone,5G,Standard,Existing,1,1,1,1,0,111.10193896797236,0,0
West,Store,Fiber,Premium,New,1,1,0,1,1,127.46396252206961,1,0
East,Phone,5G,Premium,New,1,1,1,1,1,143.00354146788857,1,0
South,Phone,DSL,Basic,New,1,1,1,1,0,41.40071596473268,2,0
West,Phone,Fiber,Basic,New,1,1,1,1,1,162.7632236115834,0,0
North,Phone,DSL,Standard,New,1,1,0,1,1,88.11193291881813,3,0
North,Store,DSL,Premium,Existing,1,1,1,1,1,97.37175288204541,0,0
East,Online,5G,Premium,New,1,1,1,1,0,159.9103472880016,0,0
East,Online,5G,Basic,Existing,1,0,0,1,0,197.33584898896152,1,1
East,Phone,DSL,Basic,New,1,0,1,1,1,127.12802814659334,0,0
West,Phone,5G,Basic,Existing,1,1,1,1,0,57.010405270735305,0,0
North,Online,5G,Standard,New,1,1,0,1,1,141.2469488935422,0,0
North,Phone,5G,Premium,New,1,0,1,1,1,199.98671247525468,1,0
East,Online,DSL,Premium,Existing,1,1,0,1,0,40.44084896319886,0,0
South,Store,Fiber,Premium,Existing,1,1,1,1,0,48.233432568174415,2,0
East,Store,Fiber,Basic,Existing,1,1,1,1,0,111.07892471131613,2,0
West,Store,DSL,Standard,Existing,1,1,1,1,1,42.22478839716223,1,0
East,Store,5G,Standard,Existing,0,1,1,1,1,92.64435843071223,0,0
East,Store,5G,Basic,Existing,1,1,1,1,0,74.20502849924387,0,0
West,Store,Fiber,Standard,Existing,0,1,1,1,0,135.68663483587665,1,0
East,Online,DSL,Standard,Existing,1,1,1,1,0,74.82195976303137,0,0
North,Phone,DSL,Premium,New,1,1,1,1,0,87.63947350047158,2,0
South,Online,5G,Basic,New,1,1,1,1,1,189.9478033565762,0,0
East,Store,5G,Basic,New,1,1,1,1,1,144.2503981005166,0,0
West,Phone,5G,Basic,Existing,1,1,1,1,0,164.45965224429023,0,0
South,Phone,DSL,Basic,Existing,0,1,1,0,0,125.68835382749627,0,1
West,Store,Fiber,Premium,New,1,1,1,1,1,57.34693045806196,1,0
South,Store,DSL,Standard,Existing,1,0,0,1,1,110.93315732837371,1,1
South,Store,DSL,Standard,New,1,1,1,0,1,73.88513322853414,1,0
East,Store,DSL,Premium,Existing,1,1,1,1,0,82.10942948804585,1,0
North,Store,Fiber,Standard,Existing,1,1,1,1,0,174.65850823291055,1,0
East,Store,5G,Basic,Existing,1,1,1,1,1,183.09706574949334,1,0
West,Phone,5G,Premium,Existing,1,1,0,1,0,75.81071668558955,1,0
West,Store,DSL,Premium,New,1,1,0,0,0,110.91523164838088,0,1
South,Store,DSL,Basic,New,1,1,1,1,0,195.0551457958701,1,0
South,Phone,Fiber,Basic,New,1,1,1,1,0,137.9428560099611,0,0
North,Online,Fiber,Basic,Existing,1,1,1,1,0,169.2607458490775,0,0
East,Store,5G,Standard,New,1,1,1,1,1,126.39699004442903,2,0
West,Phone,DSL,Basic,New,1,0,0,1,0,118.02828162425529,1,1
South,Phone,Fiber,Premium,New,1,1,1,0,0,155.9886077352746,0,0
North,Online,Fiber,Standard,New,1,1,1,1,1,91.06680903634793,1,0
West,Store,DSL,Standard,New,1,0,1,1,1,142.82328676871444,0,0
South,Store,DSL,Premium,New,1,1,1,1,0,122.94720056188099,2,0
West,Store,DSL,Standard,Existing,1,1,1,1,0,156.25620848421624,0,0
North,Phone,DSL,Basic,Existing,1,1,1,0,0,61.97740079862071,3,1
North,Store,DSL,Basic,Existing,1,1,1,0,1,148.0007550320428,0,0
West,Store,DSL,Basic,Existing,1,0,1,0,1,142.16123584140652,1,1
East,Store,Fiber,Basic,New,1,1,1,1,1,184.5452262112124,2,0
West,Store,DSL,Standard,New,1,1,1,1,0,100.1251645166951,0,0
South,Online,5G,Premium,Existing,1,1,1,1,1,176.62188586583028,2,0
East,Online,DSL,Standard,New,1,1,1,0,1,45.59802695041725,1,0
South,Online,5G,Premium,New,1,1,1,1,0,85.16526026204404,0,0
West,Store,5G,Premium,New,1,1,1,0,1,54.98236520234008,1,0
East,Store,5G,Basic,Existing,1,1,1,1,0,80.048743579231,2,0
South,Phone,DSL,Standard,New,1,1,1,1,1,94.00392642752132,0,0
West,Phone,DSL,Basic,Existing,0,1,1,1,0,139.09144429653594,1,0
West,Phone,5G,Standard,Existing,1,1,0,1,0,50.25499163591648,1,0
East,Store,DSL,Standard,New,1,1,1,1,1,73.57459897638448,0,0
West,Online,Fiber,Basic,Existing,1,1,1,1,1,156.20513276913476,0,0
North,Online,Fiber,Standard,Existing,0,1,1,0,1,150.00784903917264,0,1
South,Online,Fiber,Basic,Existing,1,1,1,1,1,132.32389090342562,0,0
South,Store,Fiber,Premium,Existing,1,1,0,1,1,152.7263567620908,1,0
West,Online,DSL,Basic,Existing,1,1,1,1,1,155.44941343559123,0,0
West,Phone,5G,Standard,New,1,1,1,1,1,73.43063783547493,0,0
North,Phone,DSL,Standard,New,1,1,1,1,0,125.04300303005478,2,0
East,Online,Fiber,Premium,Existing,1,1,0,1,1,154.69548894958692,0,0
West,Phone,DSL,Premium,Existing,0,1,1,1,0,147.00448646834076,0,0
West,Online,DSL,Premium,Existing,1,1,1,1,0,115.05904870686997,1,0
West,Online,Fiber,Basic,Existing,0,1,0,1,0,108.67362405555699,0,0
West,Phone,5G,Basic,Existing,1,1,1,0,1,80.68981208718738,0,0
South,Phone,DSL,Standard,Existing,1,1,1,1,0,101.72091906713919,0,0
West,Phone,DSL,Premium,Existing,1,1,1,1,0,145.91865326526056,0,0
South,Phone,Fiber,Premium,New,1,1,1,1,0,103.49873291516431,3,0
West,Online,5G,Basic,Existing,1,1,1,1,1,131.6607301444547,1,0
East,Phone,Fiber,Standard,New,1,1,1,1,0,191.0902931278657,0,0
North,Phone,Fiber,Premium,New,0,1,1,1,1,47.53875024415463,0,0
East,Store,DSL,Basic,Existing,1,1,1,1,1,160.748501755525,1,0
West,Phone,5G,Basic,New,1,1,1,0,1,156.4565668443489,2,1
West,Phone,Fiber,Premium,Existing,1,1,0,1,0,120.73660502434754,0,0
West,Online,DSL,Premium,New,1,1,1,1,0,63.41809099033918,0,0
East,Online,Fiber,Standard,New,1,1,1,1,0,97.0677741209139,0,0
West,Store,DSL,Premium,Existing,1,1,1,1,1,89.56343282255418,0,0
East,Phone,5G,Basic,New,1,1,1,0,0,153.97288685830176,0,0
South,Phone,Fiber,Premium,New,1,1,1,1,0,120.44628184739562,0,0
North,Phone,5G,Premium,New,1,0,1,1,1,96.1913956634961,0,0
North,Phone,5G,Standard,New,1,1,1,1,0,142.69138864116525,0,0
East,Phone,DSL,Basic,Existing,1,1,1,1,0,81.15168735046541,0,0
South,Phone,Fiber,Premium,New,1,1,0,1,1,142.6145596448705,0,0
East,Store,Fiber,Basic,Existing,1,1,1,1,1,196.05205973998898,0,0
South,Phone,DSL,Standard,Existing,1,1,0,1,0,73.02756424489735,1,0
West,Phone,DSL,Basic,Existing,1,1,1,0,0,55.59335847241569,1,0
South,Phone,5G,Premium,Existing,0,1,1,1,0,188.60174393560533,0,0
South,Store,Fiber,Premium,New,1,1,1,1,1,97.4340091300577,0,0
South,Phone,Fiber,Standard,New,1,1,1,1,0,146.5702659667383,0,0
North,Store,DSL,Standard,New,1,1,1,1,1,95.7308683249774,0,0
South,Online,DSL,Standard,New,1,1,1,1,1,172.68166226106092,1,0
West,Phone,DSL,Basic,Existing,1,1,1,1,0,118.35573438959781,2,0
West,Store,Fiber,Basic,Existing,1,1,1,1,0,90.01955407940613,0,0
West,Online,Fiber,Basic,New,1,1,1,1,0,170.8590283005464,0,0
South,Store,5G,Basic,Existing,1,1,1,1,0,81.46533474369085,0,0
East,Store,DSL,Standard,Existing,1,1,1,1,1,156.17396588074365,0,0
East,Online,5G,Basic,Existing,1,1,1,1,0,92.42266106917663,0,0
West,Phone,Fiber,Basic,Existing,1,1,1,1,1,111.55700881042213,0,0
North,Phone,5G,Basic,Existing,1,1,1,1,1,140.20325458449094,0,0
East,Store,5G,Basic,Existing,1,1,1,1,0,144.64805298516052,2,0
South,Online,5G,Standard,Existing,1,1,0,1,1,114.8051018961419,1,0
East,Phone,DSL,Standard,Existing,1,1,0,1,1,63.09489471457441,0,0
West,Store,Fiber,Premium,Existing,1,1,1,1,0,160.46508005473396,1,0
North,Online,DSL,Premium,New,1,1,1,1,1,181.62365043043866,0,0
East,Store,5G,Basic,New,1,1,1,1,0,186.66376501172036,0,0
East,Online,DSL,Basic,Existing,1,1,0,1,0,55.77116766999847,0,0
West,Phone,Fiber,Standard,New,1,1,1,1,0,154.9484350913591,1,0
North,Phone,Fiber,Premium,Existing,1,1,1,1,0,73.35149629717554,0,0
North,Store,5G,Basic,Existing,1,1,1,1,1,56.386513851273406,0,0
West,Phone,5G,Premium,New,1,1,1,1,0,51.37920590636371,1,0
South,Phone,DSL,Premium,New,1,1,1,1,0,40.69545344337204,1,0
East,Online,Fiber,Premium,Existing,1,1,0,1,0,187.54607874155053,2,0
South,Phone,Fiber,Standard,Existing,1,1,1,1,0,136.80296883218267,1,0
East,Online,DSL,Basic,New,1,1,1,1,0,136.53075996733708,0,0
East,Online,Fiber,Basic,Existing,1,1,1,1,1,169.81944212417312,0,0
South,Store,5G,Standard,New,1,1,1,1,0,177.87878743544405,0,0
West,Online,5G,Standard,Existing,1,1,1,1,1,40.73007981464188,0,0
West,Phone,DSL,Standard,Existing,1,1,1,1,0,160.74279550286968,0,0
East,Online,DSL,Premium,New,1,1,1,1,0,102.23469559331215,0,0
West,Online,DSL,Premium,Existing,1,1,1,1,0,92.45867652706994,1,0
East,Store,5G,Basic,New,1,1,1,1,0,159.1358910939289,0,0
West,Phone,DSL,Basic,Existing,1,1,0,1,0,108.82824481809324,0,0
East,Phone,Fiber,Premium,New,1,1,1,1,1,197.7901471297483,0,0
West,Phone,DSL,Premium,Existing,1,1,1,0,0,174.86583738096382,1,0
North,Online,Fiber,Standard,New,1,1,1,1,1,70.6693139352498,0,0
South,Phone,5G,Premium,New,1,1,1,1,1,122.1364149618949,2,0
North,Phone,Fiber,Basic,New,1,1,1,1,1,152.67573364480143,1,0
South,Online,Fiber,Basic,New,1,0,1,1,1,93.27348747907585,0,0
South,Store,Fiber,Standard,New,1,1,1,1,1,66.85375532001949,1,0
East,Store,5G,Standard,New,0,1,1,1,1,110.48049642250174,1,0
South,Online,Fiber,Basic,Existing,1,1,1,1,0,59.81530743553142,0,0
North,Store,Fiber,Premium,New,1,1,1,1,1,77.70483441277025,1,0
North,Store,DSL,Premium,Existing,1,1,1,1,1,155.23165008511023,1,0
West,Store,DSL,Basic,Existing,1,0,1,1,0,104.84777888575968,1,0
North,Phone,DSL,Premium,New,1,1,0,1,0,110.21856302135836,0,0
West,Store,Fiber,Premium,Existing,1,1,1,0,0,140.6482160581307,0,0
South,Phone,Fiber,Basic,Existing,0,1,1,1,0,101.00734276990158,2,0
North,Store,5G,Basic,New,1,1,1,1,0,111.29773532341181,1,0
South,Phone,Fiber,Standard,New,1,1,1,1,1,160.62555688395577,0,0
North,Online,Fiber,Basic,New,1,1,1,1,0,123.84338410426889,0,0
North,Online,5G,Standard,New,1,1,1,1,0,173.7483048742256,0,0
West,Store,Fiber,Standard,Existing,1,1,1,0,0,145.59747057290184,0,0
South,Phone,5G,Premium,New,1,1,1,1,0,114.11030246310374,0,0
North,Online,5G,Basic,New,1,1,1,1,1,185.80598891191326,1,0
East,Online,DSL,Premium,New,1,1,1,1,0,106.63569010976465,0,0
South,Online,Fiber,Basic,Existing,0,1,1,1,1,193.00749179863897,2,0
South,Online,DSL,Basic,Existing,1,1,1,1,0,181.46039917374054,0,0
South,Store,Fiber,Premium,New,1,1,0,1,0,89.77340327188256,0,0
West,Phone,DSL,Standard,New,1,1,1,1,0,43.599285252190384,1,0
East,Online,5G,Basic,New,1,1,1,1,0,85.2489861908175,0,0
South,Store,5G,Standard,Existing,1,1,1,1,0,113.84719730128147,0,0
North,Online,5G,Premium,Existing,1,1,1,1,0,183.6347301922383,1,0
North,Online,5G,Premium,Existing,1,1,1,1,1,72.1453365661739,0,0
West,Online,Fiber,Basic,Existing,1,0,1,1,0,193.03386720408406,1,0
North,Online,Fiber,Premium,New,0,0,1,0,1,196.9592940784919,2,1
South,Store,DSL,Basic,Existing,1,1,1,1,0,116.06139600069865,1,0
North,Phone,Fiber,Basic,New,1,1,1,1,1,63.40844079182734,0,0
South,Store,Fiber,Basic,New,1,1,1,1,0,161.37523315546784,0,0
North,Store,DSL,Basic,New,1,1,0,1,0,95.77685970716615,2,0
East,Store,5G,Basic,New,1,1,1,0,1,92.79720569448442,0,0
West,Online,DSL,Premium,Existing,1,1,1,1,1,56.02453653352954,0,0
West,Phone,DSL,Basic,New,1,1,1,1,0,196.1935145098643,0,0
East,Online,5G,Standard,Existing,1,1,1,1,0,183.0426353579617,0,0
East,Store,DSL,Basic,Existing,1,1,1,1,1,87.24786384048073,1,0
West,Online,DSL,Basic,Existing,1,1,1,0,1,50.24877309983584,0,0
East,Phone,DSL,Basic,New,1,0,1,1,1,117.69123228422318,1,0
South,Phone,Fiber,Premium,New,0,1,0,1,0,68.02333579737015,1,0
North,Online,5G,Standard,New,1,1,1,1,1,118.83938443652815,1,0
West,Store,5G,Standard,New,1,1,0,1,1,164.0848150190646,1,0
East,Online,DSL,Standard,New,0,1,1,1,0,99.80560222475269,2,0
South,Store,Fiber,Premium,Existing,1,1,1,1,1,132.3563192041484,0,0
West,Phone,5G,Premium,New,1,0,1,1,1,127.86843369466101,0,0
East,Online,5G,Basic,Existing,0,1,1,1,1,104.29113573511452,0,0
West,Phone,DSL,Premium,Existing,1,1,1,1,1,194.88470783833034,1,0
East,Store,DSL,Standard,Existing,1,1,0,1,0,94.58402214924132,1,0
West,Store,DSL,Standard,Existing,0,1,1,1,0,45.42102449775957,1,0
South,Online,5G,Premium,New,1,1,1,1,0,175.36628143088376,2,0
South,Online,DSL,Premium,New,1,1,1,1,0,188.93971848459933,1,0
North,Online,DSL,Standard,New,1,1,1,1,1,117.69269206797118,0,0
West,Phone,DSL,Standard,Existing,1,1,1,1,0,53.117895305546995,0,0
North,Store,Fiber,Standard,Existing,0,1,0,1,0,54.210833520376056,0,0
West,Store,DSL,Standard,Existing,1,1,1,1,1,130.8971373817197,1,0
East,Phone,5G,Standard,Existing,1,1,0,0,1,59.01174417575051,1,1
East,Online,DSL,Premium,Existing,1,1,1,1,1,71.38314864867367,1,0
North,Online,5G,Premium,Existing,1,1,1,1,0,164.96320599988036,1,0
West,Phone,Fiber,Basic,New,0,1,1,1,0,75.4990836047932,0,0
North,Store,Fiber,Basic,Existing,1,1,1,1,1,101.70283731370027,0,0
South,Store,DSL,Basic,New,0,1,1,1,0,99.54789282996438,0,0
North,Store,5G,Premium,New,1,1,1,1,0,110.42555871572176,0,0
North,Store,DSL,Basic,New,1,1,1,1,0,107.24256684264009,0,0
East,Phone,DSL,Basic,Existing,1,1,1,1,0,123.50766395427472,1,0
North,Store,5G,Premium,New,0,1,1,0,0,124.9187249651342,0,1
West,Phone,5G,Standard,New,1,1,1,1,0,75.88376280516815,0,0
East,Online,5G,Premium,Existing,1,1,0,1,0,63.92758144368809,0,0
North,Phone,5G,Premium,New,1,1,1,1,1,69.74392165537496,0,0
South,Store,5G,Standard,New,0,1,1,1,0,72.6901011223405,0,0
North,Online,Fiber,Basic,Existing,1,1,1,1,1,171.3597542135736,2,0
North,Phone,Fiber,Premium,Existing,1,1,0,1,0,188.82263881350303,1,0
North,Phone,Fiber,Premium,Existing,1,1,1,1,1,158.23430142978373,1,0
East,Phone,5G,Standard,New,0,1,1,1,1,46.65330642004734,2,0
West,Online,5G,Premium,New,1,1,1,1,1,135.90719340403757,0,0
South,Phone,5G,Basic,Existing,1,0,1,1,0,164.9197812575615,0,0
North,Store,DSL,Standard,New,1,1,1,1,1,123.44352669690014,2,0
West,Online,Fiber,Premium,Existing,1,1,1,1,0,52.80095965025494,0,0
West,Online,Fiber,Basic,Existing,1,1,1,0,0,121.92452821191857,1,0
East,Phone,DSL,Basic,Existing,1,1,1,1,1,141.97700053900837,1,0
South,Store,DSL,Premium,New,1,1,1,0,0,131.13149378871455,0,0
East,Online,Fiber,Basic,New,1,0,1,1,0,155.46065642293595,1,0
West,Phone,5G,Standard,New,1,1,0,1,0,82.75152770967667,0,0
West,Store,Fiber,Basic,Existing,1,1,0,1,1,151.6094682410232,0,0
West,Phone,5G,Standard,Existing,1,1,1,1,1,93.28544842404608,1,0
East,Phone,Fiber,Standard,New,1,1,1,1,0,154.08132809037278,0,0
South,Online,Fiber,Standard,New,1,1,1,1,1,118.14872249969784,0,0
North,Online,DSL,Premium,New,1,1,1,1,1,165.26501851767196,0,0
East,Phone,DSL,Basic,Existing,1,0,0,1,0,120.40035238027329,1,1
West,Online,5G,Premium,Existing,1,1,0,1,0,86.02851143922916,1,0
East,Online,5G,Premium,New,1,1,1,1,0,198.36600712136928,0,0
West,Store,Fiber,Standard,New,0,1,1,1,1,78.73992528222031,0,0
North,Store,DSL,Premium,New,1,1,1,0,0,104.41957333795494,2,1
North,Phone,5G,Basic,New,1,1,1,0,0,164.03190047441603,2,1
South,Phone,5G,Premium,Existing,0,1,1,1,0,122.85383401635906,1,0
West,Phone,5G,Premium,New,1,1,1,0,1,149.2929473629759,1,0
South,Phone,Fiber,Standard,New,1,1,0,1,1,118.07478200016347,1,0
South,Store,5G,Standard,Existing,1,0,0,1,0,137.6813670372547,0,1
North,Online,5G,Premium,Existing,1,1,1,1,0,121.95967384847614,1,0
East,Store,DSL,Standard,New,1,1,1,1,0,198.67031621929033,0,0
East,Phone,DSL,Premium,Existing,1,1,1,1,1,73.19840218133992,0,0
South,Phone,DSL,Basic,New,1,0,1,1,0,182.64679692920913,0,0
North,Store,Fiber,Basic,New,1,1,1,1,1,114.32302865918825,1,0
West,Store,DSL,Standard,New,1,1,1,1,0,44.02889607208776,0,0
East,Phone,DSL,Basic,Existing,1,1,1,1,0,196.47623892137236,0,0
South,Online,DSL,Basic,New,1,1,1,1,0,179.11654215430428,0,0
East,Phone,DSL,Premium,New,1,1,0,1,1,51.77223571346957,1,0
East,Store,5G,Standard,Existing,1,1,1,1,0,101.36240104658344,1,0
West,Phone,Fiber,Basic,Existing,1,1,1,1,0,178.16116780714563,1,0
North,Phone,5G,Standard,Existing,0,1,1,1,0,121.06276862455736,0,0
West,Online,5G,Standard,New,1,1,1,1,0,187.82730158192925,0,0
North,Phone,Fiber,Standard,New,1,1,1,1,1,135.39432825434898,0,0
East,Phone,5G,Basic,New,0,1,1,1,0,169.55203958476542,0,0
South,Phone,DSL,Standard,New,1,0,1,1,1,112.02647393460725,0,0
West,Store,Fiber,Standard,New,1,1,1,0,1,54.83503617494396,2,1
North,Store,5G,Premium,Existing,1,1,1,1,1,76.31946463753135,1,0
East,Online,5G,Premium,Existing,1,1,0,1,0,61.69871057483384,0,0
North,Phone,DSL,Premium,New,1,1,1,1,0,168.29541791982297,1,0
North,Store,5G,Premium,New,1,1,1,1,0,187.7897032098585,0,0
North,Online,5G,Standard,New,1,1,1,1,1,76.90354922905829,0,0
East,Phone,5G,Premium,New,1,1,0,1,0,91.47201481017875,0,0
South,Online,Fiber,Premium,New,1,1,1,1,0,158.35735619680702,0,0
South,Online,Fiber,Basic,New,1,1,1,1,0,109.34482453521808,1,0
South,Online,5G,Premium,New,1,1,1,1,0,169.634510272199,4,0
North,Online,5G,Premium,New,1,0,1,1,0,90.95228863803193,1,0
East,Online,DSL,Basic,Existing,1,1,1,1,1,124.41052719459327,0,0
North,Online,Fiber,Standard,Existing,1,1,1,1,1,173.43839928201857,0,0
South,Online,Fiber,Standard,New,1,1,1,1,0,95.9872933290803,0,0
South,Phone,Fiber,Basic,New,1,1,1,1,0,142.5963046841278,0,0
East,Phone,5G,Basic,New,1,1,1,1,1,143.39593050506988,0,0
North,Online,DSL,Standard,Existing,1,1,1,1,0,96.30863870738975,1,0
West,Phone,DSL,Premium,Existing,1,1,0,1,1,158.97412200108596,1,0
West,Online,5G,Basic,New,1,1,0,1,0,124.56715627213141,1,0
South,Phone,5G,Basic,New,1,1,1,1,0,135.04590776407034,0,0
East,Store,DSL,Basic,New,1,1,1,1,0,102.48857389220086,0,0
North,Online,DSL,Standard,New,1,1,0,1,0,54.39331250767091,0,0
North,Store,Fiber,Standard,New,1,1,1,1,0,151.73598540354757,2,0
South,Online,5G,Standard,Existing,1,1,1,1,0,94.88420533676958,2,0
South,Online,Fiber,Standard,New,1,1,0,1,1,137.35563358010663,1,0
North,Store,DSL,Standard,New,1,1,1,1,0,185.2583183780178,2,0
North,Store,Fiber,Premium,Existing,1,1,1,0,0,173.59525666731327,0,0
South,Store,DSL,Premium,New,1,1,0,1,0,140.6810571967746,0,0
North,Online,DSL,Standard,Existing,0,1,1,1,1,76.3931341297956,1,0
West,Store,Fiber,Standard,Existing,1,0,1,1,0,122.61299005006495,1,0
South,Store,5G,Standard,Existing,0,0,1,1,0,99.97669231339573,1,1
North,Phone,Fiber,Basic,New,1,1,1,1,0,134.56902993316223,1,0
South,Phone,Fiber,Basic,Existing,1,1,0,1,1,157.01350107871923,0,0
East,Store,5G,Standard,Existing,1,0,1,1,1,156.2018994778739,4,1
South,Store,5G,Standard,Existing,1,1,1,1,1,49.113924111831224,2,0
South,Store,Fiber,Basic,New,1,1,0,1,0,99.64470689133314,1,0
East,Store,DSL,Basic,Existing,0,1,1,1,0,102.40791713975182,2,0
West,Phone,Fiber,Basic,Existing,1,1,1,0,0,69.96245338685803,0,0
North,Online,DSL,Basic,New,1,1,0,1,0,117.86706023990672,2,0
East,Store,5G,Basic,New,1,1,1,1,0,84.65389770584682,1,0
South,Store,5G,Standard,Existing,1,0,1,1,1,95.5828659325232,0,0
North,Phone,DSL,Standard,Existing,1,1,1,1,0,131.6149405948491,0,0
East,Store,Fiber,Basic,Existing,1,1,1,1,0,175.5914086243536,1,0
North,Store,5G,Standard,New,1,1,1,1,0,108.53228733568639,2,0
North,Phone,DSL,Basic,New,0,1,1,1,1,126.41790785730473,0,0
East,Store,DSL,Basic,New,1,1,1,0,0,167.23690786483778,0,0
North,Store,Fiber,Basic,New,1,1,1,1,1,108.75539924978575,1,0
West,Phone,DSL,Standard,New,1,1,1,1,1,101.78913737511671,0,0
East,Online,DSL,Standard,Existing,1,1,1,1,0,146.54808197744342,0,0
West,Store,Fiber,Standard,Existing,1,1,1,1,0,83.3405899670802,2,0
South,Store,5G,Standard,New,1,1,0,1,0,44.557497744767076,0,0
North,Online,5G,Premium,Existing,1,1,1,1,0,61.50570803235014,2,0
South,Phone,5G,Basic,New,1,1,1,1,1,84.07890308920776,2,0
South,Online,DSL,Basic,Existing,1,1,1,1,0,169.4901502269544,0,0
North,Store,DSL,Standard,Existing,1,1,1,1,1,73.68218374831929,1,0
East,Online,Fiber,Standard,New,0,1,1,1,0,139.30759891294286,0,0
North,Phone,DSL,Premium,New,0,1,1,1,0,89.49243207877943,0,0
South,Store,DSL,Basic,Existing,1,1,1,1,0,49.41248156156283,2,0
South,Phone,5G,Basic,Existing,1,1,1,1,1,173.14278083575522,0,0
East,Phone,DSL,Standard,Existing,1,1,1,1,0,189.36123469028823,0,0
North,Online,DSL,Standard,Existing,1,1,1,1,0,66.60277494302031,1,0
South,Online,DSL,Premium,New,1,0,1,1,1,121.56078585502169,0,0
West,Phone,Fiber,Basic,Existing,1,1,1,1,1,86.05826156495021,1,0
South,Phone,DSL,Premium,New,1,1,1,1,1,127.98124430056603,2,0
South,Store,Fiber,Basic,Existing,1,0,0,1,0,152.39043698238606,0,1
East,Phone,5G,Standard,New,0,0,1,1,0,197.52786704583642,3,1
West,Phone,DSL,Premium,New,0,1,1,1,0,95.73769393973679,1,0
South,Online,Fiber,Standard,New,1,1,1,1,0,80.7125750244785,1,0
South,Phone,5G,Basic,Existing,1,1,1,1,0,146.93058277595557,0,0
West,Phone,DSL,Basic,Existing,1,0,1,1,1,174.8834553176217,0,0
North,Online,Fiber,Premium,New,1,0,1,1,1,44.46386781938321,2,1
North,Store,Fiber,Standard,Existing,0,1,1,0,0,46.93473891499405,1,1
South,Online,5G,Basic,New,1,0,1,1,0,133.00360739442738,1,0
South,Online,DSL,Basic,New,1,1,1,1,0,60.8713207644929,1,0
North,Phone,DSL,Premium,New,0,1,0,1,0,140.66089041149252,0,0
East,Phone,DSL,Premium,New,1,1,1,0,1,130.550907893449,0,0
West,Store,Fiber,Standard,New,1,1,0,1,0,168.22613098705557,0,0
West,Phone,DSL,Premium,Existing,1,1,1,1,0,167.55869438209513,1,0
East,Store,Fiber,Basic,New,1,0,0,1,0,173.19148500626233,1,1
East,Store,Fiber,Standard,Existing,1,1,1,1,1,189.48105383422305,1,0
East,Store,5G,Standard,Existing,1,1,1,1,1,134.439472482873,0,0
East,Store,Fiber,Standard,Existing,1,1,1,1,0,63.16571953596727,0,0
East,Phone,5G,Basic,New,0,1,1,1,1,186.33852068236294,1,0
East,Online,5G,Premium,Existing,0,1,0,1,0,199.44628481321627,0,0
West,Online,DSL,Standard,Existing,1,1,1,1,0,46.15437787940094,2,0
East,Phone,5G,Basic,Existing,1,1,1,1,0,136.3205720623776,1,0
North,Phone,DSL,Premium,Existing,1,1,1,1,1,99.873348734181,1,0
East,Store,5G,Standard,New,1,1,1,1,1,88.60012520253554,1,0
East,Phone,Fiber,Premium,Existing,1,1,1,1,0,163.08382865111787,0,0
West,Online,DSL,Premium,Existing,1,1,1,1,1,88.22146181234842,1,0
West,Phone,Fiber,Premium,New,1,1,1,1,0,63.94812335254359,1,0
East,Phone,DSL,Basic,Existing,1,1,1,1,0,78.82109624289791,3,0
West,Store,Fiber,Standard,Existing,1,1,1,1,1,125.97969712759487,1,0
South,Store,5G,Standard,Existing,1,1,1,1,1,80.66912708722143,1,0
West,Store,DSL,Standard,Existing,1,1,1,1,1,95.92020438551016,0,0
West,Store,DSL,Basic,Existing,1,1,1,1,1,131.97162706066928,1,0
West,Online,DSL,Premium,New,1,0,1,1,1,150.73235652741434,0,0
West,Phone,5G,Basic,Existing,1,1,0,1,1,51.206425516877644,0,0
North,Phone,Fiber,Standard,Existing,1,1,1,1,0,105.83681700207136,1,0
North,Store,5G,Premium,New,0,1,1,1,0,154.31547143602714,2,0
North,Online,5G,Basic,Existing,1,1,1,1,1,92.45690629489397,0,0
East,Online,5G,Basic,Existing,1,1,0,0,0,161.1918402500364,1,1
East,Phone,Fiber,Basic,Existing,1,1,1,1,0,94.79234213501832,0,0
South,Store,5G,Basic,New,1,1,1,1,0,161.48713594840677,0,0
North,Phone,DSL,Premium,Existing,1,1,1,1,1,192.9270970852752,0,0
East,Phone,5G,Basic,Existing,1,1,1,1,0,120.6640056236431,0,0
West,Online,Fiber,Premium,Existing,1,1,1,1,0,117.24088161618181,1,0
West,Online,DSL,Basic,Existing,1,1,1,1,1,117.51491408964228,0,0
North,Phone,Fiber,Standard,Existing,1,1,1,1,0,192.37816522706055,1,0
South,Store,5G,Basic,New,1,1,1,1,0,65.48390920182699,0,0
South,Store,Fiber,Basic,Existing,1,1,0,0,0,158.44735266556845,0,1
West,Phone,DSL,Standard,New,1,1,1,1,1,150.35751980305685,1,0
South,Phone,Fiber,Premium,Existing,0,1,1,1,0,141.19060168723715,1,0
North,Store,DSL,Basic,Existing,1,1,1,1,0,158.30543901843305,0,0
West,Store,DSL,Basic,Existing,0,1,1,1,0,91.08966239516883,0,0
East,Store,5G,Standard,New,1,1,1,1,0,188.48388301933514,0,0
East,Phone,5G,Premium,New,1,1,1,1,1,185.24922932141288,1,0
South,Online,DSL,Standard,Existing,1,1,1,1,0,76.87678033627199,1,0
West,Store,Fiber,Basic,Existing,1,1,1,1,1,122.29750028974145,2,0
West,Store,DSL,Premium,New,1,1,1,1,0,90.1735713583501,0,0
East,Store,5G,Basic,New,1,1,1,1,0,166.524022762302,0,0
West,Phone,Fiber,Standard,New,1,1,1,1,0,184.0469182422313,0,0
West,Online,DSL,Basic,Existing,1,1,0,1,0,125.59301352466633,0,0
West,Online,5G,Standard,New,1,1,1,1,0,91.30074301800434,2,0
South,Store,DSL,Standard,New,0,1,1,1,0,143.2681836270982,1,0
West,Phone,DSL,Premium,New,1,1,1,1,0,62.789108349800884,0,0
North,Online,DSL,Standard,New,1,1,1,1,0,121.41572908805489,1,0
South,Phone,Fiber,Premium,Existing,1,1,1,1,1,161.382170837153,0,0
West,Online,5G,Premium,New,1,1,1,1,1,82.04558882249512,0,0
West,Store,5G,Premium,New,1,0,1,1,0,102.71004172103869,1,0
North,Phone,DSL,Premium,Existing,1,1,1,1,0,144.69324698632812,0,0
South,Store,DSL,Premium,New,1,1,1,1,1,193.5469155982534,1,0
East,Online,DSL,Standard,Existing,0,1,0,1,1,52.700998088116094,1,0
East,Online,Fiber,Standard,New,0,1,1,1,0,64.89502593107275,0,0
South,Store,5G,Premium,Existing,0,1,1,1,1,60.47227380727982,0,0
West,Online,DSL,Standard,New,0,0,1,1,1,75.29888702426403,0,1
West,Store,5G,Premium,Existing,1,0,1,1,1,49.697607663117736,0,0
East,Store,DSL,Standard,Existing,1,1,1,1,0,97.94281059436955,0,0
East,Store,5G,Premium,Existing,1,1,1,1,0,84.89900694152735,1,0
East,Online,DSL,Basic,Existing,1,0,1,1,1,71.69962342087145,1,0
North,Phone,Fiber,Basic,Existing,1,1,1,1,1,81.18777532297773,1,0
East,Store,DSL,Premium,Existing,1,1,1,1,1,142.9624767292381,2,0
North,Phone,DSL,Standard,New,1,1,1,1,1,150.23297532726974,1,0
South,Online,DSL,Premium,Existing,1,1,1,1,0,188.55670336992443,0,0
West,Online,DSL,Standard,Existing,1,1,1,1,0,73.64736948441744,2,0
East,Phone,DSL,Premium,Existing,1,0,1,1,1,56.160772974821725,1,0
West,Store,5G,Premium,Existing,1,1,0,1,0,49.37782915855841,1,0
West,Online,5G,Standard,New,1,1,1,1,0,118.89538454814476,0,0
East,Store,Fiber,Standard,Existing,0,1,0,1,0,143.3465901945412,0,0
East,Store,DSL,Premium,New,1,1,1,1,1,78.34560186918524,1,0
South,Phone,5G,Basic,Existing,1,1,0,1,1,146.51527809151145,1,0
North,Online,5G,Basic,New,1,1,1,1,0,69.98234015915067,1,0
North,Phone,DSL,Basic,New,1,1,1,1,0,75.58831015817704,0,0
West,Online,DSL,Basic,New,1,1,1,0,1,146.2760063449373,1,0
East,Phone,Fiber,Basic,Existing,1,1,0,1,0,192.71163850531997,2,0
South,Online,Fiber,Standard,New,0,0,1,1,1,184.50229785557784,1,1
South,Online,5G,Basic,Existing,1,1,1,1,0,44.32354188805279,0,0
South,Online,Fiber,Standard,Existing,0,1,1,1,0,197.02044383027834,1,0
South,Store,5G,Basic,Existing,0,1,1,1,0,98.3164081256598,0,0
South,Store,Fiber,Standard,New,1,1,1,1,0,128.68316368635726,0,0
North,Phone,DSL,Basic,New,0,1,1,1,1,95.25222723040852,0,0
North,Phone,Fiber,Basic,Existing,1,1,1,1,1,171.90499599048596,3,0
North,Online,5G,Standard,New,1,1,1,1,1,147.5817019169419,0,0
East,Online,Fiber,Standard,Existing,1,1,1,1,1,180.35170927672618,0,0
West,Store,5G,Premium,New,0,1,0,0,0,73.94000917260345,1,1
South,Store,5G,Basic,Existing,1,1,1,1,1,142.46677996997812,2,0
East,Store,Fiber,Basic,Existing,0,1,1,0,0,125.06365620971755,0,1
South,Phone,Fiber,Standard,New,1,1,1,1,1,134.21428060255528,0,0
North,Store,5G,Standard,New,1,1,1,1,0,98.46448742101595,2,0
East,Phone,DSL,Basic,Existing,1,1,1,1,0,41.02997745120714,0,0
North,Store,Fiber,Basic,New,1,1,1,1,1,152.74605734765925,0,0
South,Store,5G,Standard,New,1,1,1,1,1,154.2950650478325,0,0
South,Online,DSL,Standard,New,1,0,0,1,0,179.20784276781774,0,1
West,Phone,5G,Basic,New,0,1,1,0,0,194.00333075444428,2,1
South,Store,Fiber,Standard,New,0,1,1,1,1,71.85634542756628,0,0
North,Online,5G,Standard,Existing,1,1,0,1,0,50.897943333635034,1,0
South,Phone,5G,Basic,New,1,1,1,1,1,165.58494004338854,0,0
West,Phone,5G,Premium,New,1,1,1,1,1,180.59145247190224,0,0
West,Store,Fiber,Standard,New,1,1,1,1,0,67.38834704139863,2,0
North,Phone,DSL,Premium,New,0,1,1,1,0,57.448646077320156,0,0
East,Online,DSL,Standard,Existing,1,0,1,1,0,175.80706211024614,1,0
South,Online,DSL,Premium,New,1,1,0,1,1,196.4398327557119,2,0
West,Phone,DSL,Standard,Existing,0,1,1,1,1,105.25255609325676,2,0
South,Online,Fiber,Premium,New,1,1,1,1,1,184.78877100415605,1,0
South,Phone,5G,Premium,Existing,1,1,0,1,0,163.4224150438336,2,0
East,Online,DSL,Standard,New,1,1,1,1,1,86.3200395037409,0,0
West,Phone,DSL,Premium,New,0,1,1,1,1,65.11743900600968,0,0
South,Phone,Fiber,Basic,New,1,1,0,1,0,71.19898748487469,0,0
West,Phone,5G,Basic,New,1,1,0,1,0,124.1784322460424,0,0
North,Online,5G,Basic,Existing,1,1,0,1,1,103.57487537281605,0,0
North,Phone,DSL,Premium,New,1,1,1,1,0,193.37650619655872,1,0
South,Phone,DSL,Standard,Existing,1,0,1,1,0,106.45348221793056,1,0
West,Store,5G,Premium,Existing,1,1,1,0,1,55.544449411043274,0,0
South,Store,Fiber,Standard,New,1,1,1,1,0,59.11783157852773,0,0
West,Phone,5G,Premium,Existing,0,1,1,1,1,184.91949399282575,0,0
West,Store,5G,Standard,Existing,0,1,1,1,1,122.8917275663555,2,0
East,Phone,DSL,Premium,New,1,1,1,1,1,191.2706782416182,1,0
East,Store,Fiber,Premium,New,1,1,0,1,0,192.0352329818322,1,0
East,Online,Fiber,Basic,New,1,1,1,1,1,194.045129653407,1,0
South,Online,Fiber,Premium,New,1,1,1,1,0,187.44101443034245,1,0
East,Phone,DSL,Basic,New,0,1,0,1,1,182.06060794244823,1,0
East,Phone,Fiber,Standard,New,1,0,1,1,1,139.32889424260566,2,1
North,Online,Fiber,Standard,New,1,1,1,1,0,192.2731865173372,1,0
West,Online,DSL,Basic,Existing,1,1,1,1,1,167.28326503201134,0,0
West,Store,5G,Premium,Existing,1,1,1,1,0,148.99925308299595,1,0
East,Phone,Fiber,Standard,New,1,1,1,1,0,183.0734841641259,1,0
West,Online,5G,Premium,Existing,1,1,1,1,0,169.38267365181716,0,0
North,Online,Fiber,Premium,Existing,1,1,0,1,1,101.01419370481297,2,0
North,Phone,5G,Premium,Existing,1,1,0,1,0,84.774797476817,1,0
East,Store,5G,Standard,New,0,1,1,0,1,64.12206907403794,0,1
North,Store,DSL,Standard,Existing,0,0,1,1,1,192.10041104367133,0,1
West,Store,DSL,Premium,New,1,1,1,1,0,53.7223033175688,0,0
South,Store,Fiber,Basic,Existing,1,1,1,1,0,163.27204334737476,0,0
West,Online,Fiber,Basic,New,1,1,1,1,0,101.81602128064681,0,0
South,Phone,DSL,Basic,Existing,1,1,0,1,0,114.61618503326793,0,0
East,Phone,Fiber,Premium,Existing,1,1,1,1,0,59.38549604645619,1,0
South,Online,Fiber,Basic,New,1,1,1,1,0,58.98094845884284,2,0
North,Online,DSL,Standard,Existing,1,1,1,1,1,96.19803252437917,2,0
West,Online,5G,Basic,New,1,1,1,1,0,154.1019035759848,0,0
South,Phone,Fiber,Basic,New,0,1,1,0,0,82.88610173246767,1,1
West,Phone,DSL,Premium,New,1,1,1,1,0,151.40598841504183,1,0
East,Phone,Fiber,Standard,Existing,1,1,0,1,1,199.4597040567737,2,0
East,Store,Fiber,Standard,Existing,1,1,1,1,0,107.94586285612763,1,0
North,Online,DSL,Basic,New,1,0,1,1,1,189.6826410538356,1,0
East,Online,DSL,Premium,New,1,1,1,1,0,52.706972342243915,0,0
South,Online,Fiber,Premium,New,1,1,1,1,0,90.15311427765252,1,0
East,Phone,Fiber,Basic,Existing,1,1,1,1,0,135.83939542291606,0,0
North,Online,5G,Standard,Existing,1,1,1,0,0,74.36606544164862,3,1
West,Online,5G,Standard,New,0,0,1,1,0,99.71613847776503,0,1
West,Store,DSL,Standard,Existing,1,1,1,1,0,112.21660191819817,0,0
East,Phone,Fiber,Premium,Existing,0,0,1,1,1,147.86433474317568,2,1
South,Online,DSL,Basic,New,1,1,1,1,0,74.86746433105479,2,0
North,Phone,DSL,Premium,New,1,1,1,1,1,96.43765475306259,1,0
South,Phone,Fiber,Standard,Existing,1,1,1,1,0,192.74480344858284,0,0
North,Phone,5G,Premium,New,1,1,1,1,0,82.59048652384713,0,0
East,Store,DSL,Standard,New,1,1,1,1,1,157.64555848232027,0,0
North,Phone,DSL,Basic,Existing,1,1,1,1,1,179.35636634071648,2,0
North,Phone,Fiber,Standard,New,1,1,1,1,0,147.40983800003374,1,0
East,Phone,5G,Basic,New,1,1,1,1,0,166.17395015205489,0,0
South,Online,5G,Premium,Existing,1,1,1,1,1,197.44641594143613,1,0
East,Store,Fiber,Premium,New,1,1,1,1,0,93.09538515471948,0,0
North,Online,DSL,Premium,Existing,1,1,1,1,0,81.30657168312453,0,0
East,Store,Fiber,Standard,New,1,1,1,0,0,112.05427106343029,1,0
North,Store,Fiber,Basic,Existing,0,1,0,1,1,142.13111996597655,0,0
East,Phone,5G,Premium,Existing,0,1,1,1,1,57.146619072610854,0,0
West,Phone,DSL,Premium,New,1,1,1,0,1,48.38554244656329,0,0
West,Online,DSL,Basic,New,0,1,1,1,0,62.0169392679858,1,0
East,Store,5G,Standard,New,1,1,1,1,1,66.7122810207217,1,0
South,Phone,DSL,Premium,Existing,1,1,1,1,0,46.28414540362927,1,0
North,Phone,DSL,Standard,Existing,0,1,1,1,0,134.76596567084363,1,0
West,Phone,Fiber,Standard,New,1,0,1,1,0,132.8618344750958,4,1
South,Phone,Fiber,Standard,New,1,1,1,1,1,116.69747542462382,0,0
North,Online,Fiber,Premium,Existing,0,0,1,1,0,60.91339436900269,0,1
West,Online,DSL,Premium,New,0,1,1,1,1,191.45363135407317,1,0
West,Phone,DSL,Basic,Existing,1,0,1,1,1,152.8690372444089,1,0
East,Phone,DSL,Basic,New,0,1,1,1,0,56.22872700965502,0,0
North,Phone,DSL,Standard,New,1,1,0,1,0,132.25582678792927,0,0
South,Phone,5G,Premium,New,1,0,1,1,1,46.363788095677364,3,1
South,Phone,5G,Standard,Existing,1,1,1,1,0,104.7304854891069,0,0
South,Store,DSL,Basic,New,0,0,1,1,0,169.30765388083276,0,1
North,Store,Fiber,Standard,Existing,1,1,1,1,0,125.0068826424999,3,0
South,Store,Fiber,Standard,Existing,0,1,1,0,0,55.36275942307354,1,1
South,Store,5G,Premium,New,0,1,1,1,1,175.47430497484896,2,0
South,Phone,5G,Standard,New,0,1,0,1,0,51.91951235848766,0,0
East,Store,DSL,Standard,Existing,1,1,1,1,1,117.94839167214587,2,0
East,Store,DSL,Premium,New,1,1,1,1,0,122.21288254631473,0,0
North,Online,DSL,Premium,New,1,1,1,1,0,163.78158880715227,1,0
North,Store,DSL,Basic,Existing,1,1,1,1,0,197.70375783893766,2,0
South,Store,DSL,Premium,New,0,1,1,0,0,103.82219038004467,0,1
East,Phone,Fiber,Standard,Existing,1,1,1,1,0,142.5267950076294,0,0
West,Store,Fiber,Basic,Existing,1,1,1,1,0,123.24899573176587,2,0
West,Store,DSL,Basic,Existing,1,1,1,1,1,52.75434139778733,0,0
South,Phone,Fiber,Basic,Existing,1,1,1,1,0,167.56460194460152,1,0
South,Store,DSL,Basic,Existing,1,1,1,1,0,123.63734645453181,0,0
East,Phone,DSL,Standard,New,0,1,1,1,1,137.0621466896026,1,0
East,Store,5G,Standard,Existing,0,1,1,1,1,94.15865334473136,2,0
East,Online,Fiber,Standard,Existing,1,1,1,1,0,186.36941136527759,0,0
North,Online,Fiber,Standard,New,1,1,0,1,1,149.98976438540643,0,0
North,Store,5G,Basic,Existing,1,1,1,1,1,97.11924384705425,0,0
South,Online,Fiber,Standard,Existing,1,0,1,1,0,119.48871437856678,2,1
North,Phone,5G,Basic,New,0,1,1,1,0,88.90386252657495,1,0
East,Store,Fiber,Premium,New,1,1,1,1,0,142.21494795770155,2,0
East,Phone,DSL,Standard,New,1,1,1,1,0,169.40653816433678,0,0
North,Online,5G,Premium,Existing,0,1,1,1,0,94.85818622329754,0,0
West,Phone,DSL,Premium,Existing,1,1,1,1,0,170.95756522151098,3,0
South,Online,DSL,Standard,Existing,1,0,1,1,1,188.30330647365864,0,0
West,Online,Fiber,Basic,New,1,1,1,1,1,103.20447960016992,3,0
South,Online,5G,Premium,Existing,1,1,1,1,1,76.9741033212238,2,0
West,Phone,DSL,Standard,Existing,0,0,1,0,1,190.95353135888416,0,1
North,Online,DSL,Premium,Existing,1,1,1,1,0,48.760656322731876,1,0
South,Store,5G,Premium,New,1,1,1,1,0,117.3343731378533,1,0
South,Online,Fiber,Standard,New,1,0,1,1,0,164.67948778977149,0,0
South,Store,DSL,Premium,New,1,1,1,1,0,47.346725471732256,1,0
East,Store,Fiber,Basic,New,1,1,1,1,1,142.46573569113713,1,0
East,Store,5G,Basic,Existing,1,1,1,1,1,174.2455599473036,0,0
West,Store,Fiber,Premium,Existing,1,1,1,1,1,87.68682198155597,2,0
North,Phone,5G,Premium,Existing,1,1,1,1,1,89.65193219565424,0,0
East,Store,Fiber,Standard,New,1,1,1,1,0,45.410594848230126,2,0
South,Online,Fiber,Basic,Existing,1,1,0,1,1,128.16213426991825,0,0
East,Store,DSL,Premium,Existing,1,1,1,1,0,49.830710252336736,1,0
North,Online,Fiber,Basic,Existing,1,1,1,1,0,40.35539438816551,0,0
East,Phone,DSL,Premium,Existing,1,1,1,1,1,60.30610519914365,0,0
South,Store,5G,Standard,New,0,1,1,1,1,109.54579511069753,0,0
West,Online,5G,Standard,Existing,1,1,0,1,1,159.47431524800675,0,0
South,Phone,DSL,Basic,New,1,1,0,1,0,148.0187615199898,0,0
North,Phone,Fiber,Basic,Existing,1,1,1,1,1,89.9760296481464,1,0
West,Online,5G,Premium,New,1,1,0,1,0,91.35780882233394,2,0
East,Store,5G,Premium,New,1,1,1,1,0,145.21659341668834,1,0
East,Phone,5G,Premium,New,0,1,1,1,0,153.17390437271274,0,0
East,Online,DSL,Basic,Existing,1,1,1,0,0,155.66082589495613,1,0
West,Store,5G,Standard,New,1,1,1,1,0,65.34452701218042,1,0
South,Phone,5G,Standard,New,1,1,1,1,0,50.41561553155841,0,0
West,Online,5G,Basic,Existing,1,0,0,1,1,120.73135789557037,0,1
West,Phone,5G,Standard,Existing,1,1,1,1,0,103.78876966148228,0,0
North,Phone,DSL,Basic,Existing,1,1,1,1,1,188.68456046837653,0,0
West,Online,DSL,Premium,Existing,1,1,1,1,0,40.92135068290234,2,0
East,Phone,Fiber,Basic,New,1,1,0,1,0,169.43101291250645,0,0
South,Online,5G,Standard,New,1,1,1,1,0,198.70093328063064,1,0
South,Store,DSL,Basic,Existing,1,1,1,1,0,176.0608368557555,1,0
South,Online,Fiber,Basic,New,0,0,1,1,0,170.3642530044095,1,1
East,Store,Fiber,Basic,New,1,1,1,1,1,43.59583465963679,2,0
East,Phone,5G,Basic,New,1,1,1,1,0,178.46516782803414,1,0
East,Online,Fiber,Standard,New,1,1,1,1,1,133.4630060044789,0,0
East,Online,DSL,Premium,New,1,1,1,1,0,144.6378527493825,0,0
East,Online,Fiber,Standard,Existing,1,1,1,1,0,103.51149346046827,0,0
West,Online,Fiber,Standard,Existing,1,1,1,1,1,191.0403867607415,1,0
East,Store,DSL,Premium,Existing,1,1,1,1,0,123.69174775524758,1,0
East,Store,Fiber,Standard,Existing,1,0,1,1,0,138.82255120406177,1,0
East,Phone,Fiber,Premium,Existing,1,1,0,1,1,73.4263448139086,2,0
East,Phone,Fiber,Premium,Existing,1,1,0,1,1,129.30350799888618,0,0
South,Phone,Fiber,Basic,Existing,1,1,0,1,0,75.30348951536735,1,0
East,Phone,5G,Standard,New,1,1,1,1,0,58.3282513566744,0,0
West,Online,5G,Premium,Existing,0,0,1,1,0,122.40671849051847,4,1
West,Store,DSL,Standard,New,1,1,1,1,1,175.37708912941883,1,0
West,Store,Fiber,Standard,New,1,1,0,1,1,180.3847858593591,4,0
North,Store,DSL,Premium,New,1,1,0,1,0,189.916679327217,3,0
South,Store,5G,Basic,New,0,0,0,1,0,189.80380565886657,0,1
East,Phone,Fiber,Premium,New,1,1,1,1,1,194.98563264251632,2,0
North,Online,Fiber,Basic,Existing,1,1,0,1,0,155.4781706367586,0,0
East,Store,5G,Premium,New,1,1,0,1,0,57.844688838581945,2,0
North,Online,Fiber,Premium,Existing,1,1,1,1,0,138.8552883725356,0,0
North,Online,Fiber,Basic,Existing,1,1,1,1,0,137.42478844300757,0,0
West,Online,5G,Basic,Existing,1,1,1,0,1,57.15328521198208,1,0
West,Online,DSL,Standard,New,1,1,1,1,0,152.45235735747505,0,0
North,Store,DSL,Premium,New,1,1,1,1,0,106.24133095138662,0,0
West,Store,Fiber,Standard,Existing,0,1,1,1,0,51.235789248804444,0,0
North,Store,5G,Standard,Existing,0,1,1,1,0,189.60902030705415,1,0
South,Phone,DSL,Basic,Existing,1,1,1,1,0,70.68686977087067,3,0
West,Store,DSL,Basic,Existing,1,1,1,1,1,59.83273221637745,0,0
West,Phone,Fiber,Standard,Existing,1,1,1,1,0,72.43396525679952,1,0
West,Phone,DSL,Basic,New,1,1,1,1,0,162.285239672879,1,0
South,Phone,5G,Premium,Existing,1,1,1,1,1,163.39306474703213,0,0
North,Store,DSL,Basic,Existing,1,1,0,1,1,53.7193619396316,0,0
East,Store,5G,Basic,Existing,1,1,1,1,0,122.04426723027322,2,0
West,Store,5G,Premium,Existing,0,1,1,1,0,150.42032578321022,0,0
North,Phone,Fiber,Basic,New,1,1,1,1,1,149.27371067776852,1,0
South,Phone,DSL,Standard,Existing,0,1,1,1,0,147.35005407810758,0,0
East,Online,Fiber,Standard,Existing,1,1,1,1,0,107.88879772800607,0,0
West,Phone,DSL,Standard,New,1,1,1,1,1,105.46243611717748,0,0
South,Phone,Fiber,Basic,Existing,1,1,1,1,0,187.10228355714176,2,0
South,Store,Fiber,Basic,New,0,1,1,1,0,192.52553210271972,3,0
East,Online,Fiber,Basic,New,0,1,1,0,0,68.21907643072448,1,1
North,Online,DSL,Standard,Existing,1,1,1,1,1,199.28010950631463,0,0
West,Online,Fiber,Basic,Existing,1,1,1,1,1,62.01347734428724,1,0
West,Store,5G,Premium,New,1,1,1,0,1,165.82477340977235,0,0
North,Online,DSL,Basic,New,1,1,1,1,0,56.68503621579266,1,0
North,Online,5G,Standard,Existing,0,1,1,1,0,139.845788483672,0,0
North,Store,Fiber,Premium,Existing,0,1,1,1,0,128.6537035127347,0,0
East,Online,Fiber,Premium,New,1,1,1,1,0,199.7924762433563,0,0
East,Phone,5G,Standard,Existing,1,1,0,1,1,122.91464063255711,0,0
West,Phone,Fiber,Premium,New,1,1,1,1,0,141.39347602177003,1,0
East,Phone,DSL,Premium,Existing,1,1,1,1,0,155.27740316993237,0,0
South,Phone,5G,Premium,Existing,1,1,1,1,0,156.08489589602206,1,0
West,Phone,DSL,Premium,New,1,1,1,1,0,142.0326702163705,2,0
East,Phone,DSL,Premium,New,1,0,1,1,0,165.5411578586009,1,0
North,Phone,DSL,Basic,Existing,1,1,1,1,0,157.14734605911102,0,0
South,Phone,Fiber,Standard,New,1,1,1,1,1,98.91090020544851,3,0
North,Phone,Fiber,Standard,Existing,1,1,1,1,0,59.40231179759836,0,0
West,Store,5G,Basic,Existing,1,1,1,1,1,184.49621840886556,1,0
North,Store,5G,Basic,New,1,0,1,1,0,41.562851509163465,0,0
East,Phone,DSL,Standard,Existing,1,1,1,1,0,72.58869819489946,0,0
East,Store,Fiber,Standard,Existing,0,1,1,1,1,128.0036487534573,0,0
West,Store,Fiber,Basic,New,1,1,0,1,0,166.0199044513703,0,0
North,Phone,Fiber,Basic,New,1,1,1,1,0,74.17562782006131,0,0
West,Phone,5G,Premium,New,1,1,1,1,0,141.5687613890555,0,0
North,Store,Fiber,Basic,Existing,1,1,1,1,0,100.48267273296771,2,0
South,Phone,DSL,Basic,New,1,1,1,1,1,40.549932437665994,2,0
East,Phone,DSL,Premium,Existing,1,0,1,1,1,154.421525657443,0,0
West,Phone,DSL,Premium,New,1,1,1,1,0,139.99822998921377,1,0
South,Phone,Fiber,Standard,Existing,0,1,1,1,0,48.88119013227721,0,0
South,Store,DSL,Standard,Existing,1,1,1,1,0,179.1247157841495,1,0
West,Online,DSL,Basic,New,1,1,1,1,0,67.24119726934993,0,0
West,Store,5G,Premium,Existing,1,1,1,1,1,168.69361496588863,0,0
South,Online,5G,Premium,Existing,1,1,1,1,1,104.36359549432424,0,0
North,Online,Fiber,Standard,New,1,1,1,1,0,74.9073919517806,2,0
South,Online,Fiber,Standard,Existing,1,1,1,1,0,133.6706291630597,2,0
West,Store,Fiber,Basic,Existing,1,1,1,1,1,112.1783130117423,0,0
South,Store,Fiber,Premium,Existing,1,0,1,1,1,184.07302065590446,0,0
North,Store,Fiber,Standard,Existing,1,1,1,1,1,143.07277497972188,0,0
East,Store,5G,Basic,Existing,1,1,1,1,0,171.25211217058012,1,0
East,Store,5G,Basic,Existing,1,1,1,1,0,46.73792254035824,1,0
South,Online,5G,Basic,New,1,1,1,0,1,116.05754540832315,2,1
North,Store,DSL,Standard,New,1,1,1,1,1,92.06951621689757,2,0
East,Online,DSL,Standard,New,1,1,1,1,1,65.56910695772613,1,0
South,Store,5G,Standard,Existing,1,0,0,1,1,195.87670796409145,2,1
South,Store,5G,Standard,New,0,1,1,0,0,150.38369793921953,1,1
North,Phone,Fiber,Standard,New,1,1,1,1,0,89.45283204960947,0,0
West,Online,5G,Premium,Existing,1,1,1,1,0,109.00311910975378,0,0
South,Store,Fiber,Premium,New,1,1,0,1,1,122.56980382265277,3,0
West,Store,5G,Premium,New,1,1,1,1,0,42.43412446585065,1,0
West,Store,Fiber,Premium,Existing,1,1,0,1,0,163.88788371290906,0,0
East,Phone,5G,Basic,New,1,1,1,1,0,169.19598348923478,1,0
West,Online,Fiber,Basic,New,1,1,1,1,1,156.19057085785263,0,0
North,Store,DSL,Premium,New,1,1,1,1,1,100.32252983933742,1,0
East,Store,DSL,Standard,New,1,1,1,1,0,55.9260836794853,0,0
East,Store,Fiber,Premium,New,1,1,1,1,1,40.7960329553177,1,0
East,Phone,Fiber,Premium,New,1,1,1,1,0,109.82314421683537,0,0
South,Store,DSL,Basic,Existing,1,1,1,1,1,191.94999700783262,0,0
South,Online,5G,Standard,Existing,1,1,1,1,1,114.55125223182891,0,0
West,Online,Fiber,Basic,New,1,1,1,1,1,183.7119904525203,2,0
East,Online,5G,Standard,New,1,1,1,1,0,135.19792505929067,0,0
East,Online,DSL,Basic,New,1,1,1,1,1,139.426848813147,0,0
North,Store,DSL,Premium,Existing,1,1,1,0,1,168.28922522455252,2,1
West,Phone,Fiber,Standard,New,0,1,1,1,1,86.1056099303562,0,0
North,Phone,5G,Basic,Existing,1,0,1,1,1,124.74659630396495,0,0
West,Phone,DSL,Premium,Existing,1,1,1,1,0,54.56172867288396,0,0
West,Store,5G,Basic,New,1,1,1,1,0,192.81253891344693,1,0
South,Phone,DSL,Basic,Existing,0,1,0,1,1,199.118293267504,1,0
South,Online,Fiber,Basic,New,1,1,0,1,0,131.24744934883338,1,0
North,Store,5G,Premium,Existing,1,1,0,0,1,187.46394982300836,0,1
West,Phone,5G,Standard,New,1,1,1,1,1,173.6525351416353,1,0
East,Online,Fiber,Basic,New,1,1,1,1,1,124.1092624150609,2,0
South,Online,Fiber,Premium,Existing,1,1,0,1,1,139.27591389033518,0,0
East,Store,Fiber,Basic,New,0,1,1,1,0,156.65660353359365,1,0
North,Store,Fiber,Standard,Existing,1,1,1,1,1,93.0417067844594,2,0
South,Phone,DSL,Basic,New,0,1,1,1,0,89.53947136893646,0,0
South,Phone,5G,Premium,Existing,1,1,1,1,0,172.59513381450998,0,0
West,Phone,DSL,Basic,New,1,1,1,1,0,70.19520218769932,0,0
North,Store,Fiber,Basic,New,1,1,1,1,0,77.81559630105589,1,0
West,Phone,DSL,Standard,New,0,1,0,1,0,134.76878767465126,1,0
South,Phone,DSL,Standard,Existing,1,1,1,1,0,103.58115515848559,1,0
North,Online,5G,Standard,Existing,1,1,1,1,0,60.98581455125849,0,0
South,Online,5G,Basic,New,1,1,1,1,1,197.42373031368032,1,0
North,Online,5G,Premium,New,1,1,1,1,0,115.72288343619483,1,0
South,Phone,Fiber,Basic,New,1,1,1,1,0,199.82973866496724,0,0
East,Store,Fiber,Basic,Existing,0,1,1,1,0,112.217455746853,2,0
East,Online,5G,Basic,New,0,1,1,1,0,165.62496166797018,1,0
West,Store,DSL,Basic,New,1,1,0,1,0,152.6227011313987,0,0
East,Phone,5G,Standard,New,0,1,1,1,0,92.19175252746837,0,0
South,Phone,Fiber,Standard,Existing,1,1,1,1,0,53.32677982546953,3,0
South,Online,DSL,Standard,New,1,1,1,1,1,64.2734414329466,0,0
East,Store,Fiber,Standard,New,1,1,0,1,0,46.122093295164284,1,0
West,Online,5G,Premium,Existing,1,1,1,0,0,145.13907520922464,0,0
East,Phone,5G,Basic,New,0,0,1,1,1,50.488978776861835,1,1
North,Store,DSL,Basic,Existing,1,1,1,0,0,87.37349027010139,0,0
North,Online,5G,Basic,Existing,1,1,1,1,0,58.33697061582852,3,0
North,Phone,Fiber,Premium,Existing,1,1,1,1,1,133.36703296814989,1,0
East,Online,Fiber,Premium,Existing,1,1,1,1,0,152.24521761009802,0,0
East,Store,Fiber,Standard,Existing,1,1,1,1,0,111.28433848042431,0,0
East,Store,DSL,Basic,New,1,1,1,1,0,193.26630945327707,1,0
North,Store,Fiber,Basic,New,1,1,1,1,1,83.03930638389684,0,0
West,Store,5G,Premium,New,1,1,1,1,0,198.74523077094767,2,0
South,Store,DSL,Basic,New,1,0,1,1,1,133.6184699520512,0,0
East,Online,Fiber,Premium,New,0,1,1,1,0,177.66565943657972,0,0
West,Online,Fiber,Standard,New,1,1,0,1,0,59.19799911355392,0,0
South,Online,5G,Premium,New,1,1,1,1,1,197.38634125811686,1,0
South,Online,5G,Basic,New,1,1,1,1,1,160.80801449803164,0,0
South,Phone,DSL,Premium,Existing,1,1,1,1,1,135.14134918468972,0,0
West,Phone,Fiber,Premium,New,0,1,1,0,0,40.77811881756599,3,1
West,Online,Fiber,Standard,New,1,1,1,1,0,40.67434257023969,0,0
North,Phone,5G,Basic,Existing,1,1,1,1,1,67.02450803215577,1,0
West,Phone,DSL,Basic,New,1,1,1,1,1,105.15288892199055,1,0
West,Store,5G,Standard,Existing,1,0,1,1,1,87.34478316264948,0,0
West,Online,5G,Premium,New,0,1,1,1,0,175.958536024375,0,0
South,Phone,DSL,Premium,New,0,1,1,0,0,160.22662250854208,1,1
East,Phone,Fiber,Basic,Existing,0,1,1,1,0,182.70895173214632,1,0
North,Online,Fiber,Premium,New,1,1,1,0,0,99.83030441021485,0,0
East,Store,Fiber,Standard,Existing,1,1,0,1,0,165.88009696799176,2,0
East,Online,DSL,Basic,Existing,0,0,1,1,0,174.83712468336495,0,1
West,Store,DSL,Premium,Existing,1,1,1,1,1,199.53448517350958,1,0
North,Phone,DSL,Standard,New,1,1,1,1,1,164.315855198593,1,0
East,Store,DSL,Standard,Existing,0,1,1,1,1,177.38451290930502,1,0
East,Store,DSL,Basic,Existing,1,1,1,1,1,88.62030822072796,2,0
North,Online,5G,Basic,New,1,1,1,1,1,147.17141627305762,3,0
West,Phone,Fiber,Premium,Existing,1,1,1,1,1,145.85512317121055,1,0
East,Online,DSL,Premium,Existing,0,1,1,0,0,133.3458428984116,2,1
South,Online,Fiber,Premium,New,1,1,1,1,1,194.14364236416594,2,0
East,Phone,DSL,Standard,New,1,1,0,1,0,106.77849873467605,1,0
South,Online,Fiber,Standard,New,1,1,1,0,1,178.87333697424083,0,0
West,Online,5G,Premium,Existing,0,1,1,1,0,48.95339262715172,0,0
East,Store,Fiber,Basic,Existing,1,0,1,1,1,105.53976607032295,0,0
North,Online,Fiber,Standard,New,1,1,1,1,0,51.669973692825494,0,0
North,Phone,DSL,Standard,Existing,1,1,1,1,0,135.05458153174146,1,0
East,Online,Fiber,Premium,Existing,1,1,1,1,1,134.77910520874394,0,0
West,Store,5G,Basic,New,1,1,1,1,0,95.47400142711666,0,0
West,Online,5G,Standard,New,1,1,1,1,0,184.97788930651063,0,0
North,Online,5G,Basic,New,1,1,1,1,1,65.99601115629177,1,0
East,Online,DSL,Standard,Existing,0,1,1,1,0,114.28328902630291,2,0
West,Store,DSL,Basic,New,1,1,1,1,1,134.40946099590712,1,0
North,Phone,DSL,Basic,Existing,1,1,0,1,1,71.72004244809759,1,0
South,Phone,DSL,Standard,New,1,1,1,1,0,171.0897241748234,1,0
East,Store,DSL,Basic,Existing,1,1,1,1,1,112.89509578380026,2,0
South,Store,5G,Standard,New,1,1,1,1,0,123.70544791150769,1,0
South,Online,Fiber,Standard,Existing,1,1,1,1,0,105.03012633774097,1,0
West,Phone,5G,Basic,Existing,1,1,1,0,1,136.9672567892531,0,0
West,Store,DSL,Standard,Existing,1,1,1,1,1,170.23830870465127,1,0
West,Phone,5G,Basic,Existing,1,1,0,1,0,93.63526808829795,1,0
East,Online,Fiber,Standard,Existing,0,1,1,1,1,88.69885444353515,0,0
South,Store,DSL,Basic,Existing,1,1,1,1,1,185.90314766192375,1,0
East,Phone,5G,Standard,Existing,0,1,1,1,1,199.8828918752016,1,0
West,Phone,5G,Standard,New,1,1,1,1,1,76.449733241596,3,0
South,Online,Fiber,Premium,Existing,1,1,1,1,1,74.72788379842859,0,0
East,Store,DSL,Standard,Existing,1,1,1,1,0,63.679416933441466,2,0
East,Phone,DSL,Standard,Existing,0,1,1,1,0,86.84173405666331,2,0
North,Online,Fiber,Basic,Existing,1,0,1,0,1,119.41870905224326,2,1
East,Phone,Fiber,Basic,Existing,1,0,1,1,1,40.77521244082391,1,0
West,Online,Fiber,Basic,New,1,1,1,0,0,78.5581404328319,0,0
East,Phone,Fiber,Basic,New,0,1,1,1,1,177.36613388725863,0,0
South,Phone,DSL,Premium,New,0,1,1,0,1,59.81677542986377,0,1
East,Online,DSL,Premium,Existing,1,1,1,1,0,174.07403739512938,0,0
North,Store,5G,Basic,Existing,1,1,1,0,0,129.59798586565708,1,0
South,Online,5G,Basic,Existing,1,1,1,1,1,82.43903167571959,0,0
South,Store,5G,Basic,New,0,0,1,1,1,112.96647789079488,0,1
North,Phone,DSL,Basic,New,1,0,1,1,1,67.34046025931406,1,0
West,Phone,DSL,Standard,New,1,1,1,1,1,135.3642736059927,1,0
South,Online,DSL,Basic,Existing,1,1,0,1,0,53.0765297909706,1,0
West,Online,5G,Standard,Existing,1,1,1,0,1,137.7655915313019,0,0
South,Store,Fiber,Basic,Existing,0,1,1,1,0,116.00575072328078,0,0
South,Store,Fiber,Premium,Existing,1,1,1,1,0,40.180850207807026,0,0
West,Store,Fiber,Premium,New,1,1,1,1,0,188.64449648480561,2,0
South,Online,Fiber,Basic,New,0,1,1,1,0,44.74063362110029,0,0
West,Phone,Fiber,Premium,New,0,1,1,1,0,176.29371254568056,1,0
North,Online,DSL,Premium,New,1,1,1,1,1,80.80833120189982,1,0
West,Phone,5G,Premium,New,1,1,1,1,1,197.13118077575945,0,0
North,Online,Fiber,Premium,Existing,1,1,1,1,0,199.9545256871305,1,0
South,Online,Fiber,Standard,New,1,1,1,1,0,77.33219589647629,1,0
West,Store,Fiber,Standard,Existing,1,1,1,1,1,80.3396972594244,0,0
South,Phone,DSL,Standard,Existing,1,0,1,1,0,175.68933775401413,1,0
West,Online,Fiber,Standard,New,0,1,1,1,1,62.49647778126507,1,0
North,Online,5G,Basic,New,0,1,1,1,0,40.540477874358665,0,0
North,Phone,DSL,Premium,Existing,1,1,1,1,0,140.78443044299092,0,0
West,Online,DSL,Premium,Existing,1,0,1,1,0,83.50663637255727,1,0
North,Phone,DSL,Basic,Existing,1,0,1,1,0,99.00908497484963,0,0
South,Store,Fiber,Basic,Existing,0,1,1,1,1,111.60127039270778,1,0
South,Store,Fiber,Standard,New,1,0,1,1,1,82.53478003705665,1,0
East,Phone,Fiber,Standard,Existing,1,1,1,0,0,58.992189302962785,1,0
North,Store,Fiber,Premium,New,1,1,0,1,1,153.2491580687054,1,0
South,Phone,5G,Basic,New,1,1,1,1,1,118.8695010233881,2,0
West,Online,DSL,Premium,New,1,1,0,1,0,162.99083932614585,0,0
North,Online,Fiber,Basic,New,1,1,0,1,1,185.08842650591407,2,0
South,Phone,5G,Standard,Existing,1,1,1,1,1,76.18826524941154,0,0
North,Online,DSL,Premium,Existing,1,0,0,1,0,183.18458929485305,1,1
West,Store,DSL,Premium,New,1,1,1,1,0,193.0528239321142,0,0
South,Online,DSL,Basic,Existing,1,1,1,1,1,87.62460713089081,1,0
East,Online,Fiber,Premium,New,1,1,1,1,0,176.69089367217634,0,0
East,Phone,DSL,Standard,New,1,1,0,1,0,83.63170597211216,1,0
North,Store,Fiber,Premium,Existing,1,0,0,1,0,173.929604841495,0,1
West,Online,5G,Basic,Existing,1,1,1,1,0,185.15037277977524,2,0
South,Online,DSL,Premium,Existing,1,1,1,1,1,194.8569448677232,0,0
West,Phone,5G,Standard,Existing,1,1,1,1,0,131.77857064403668,1,0
South,Phone,Fiber,Basic,New,1,1,1,1,1,127.5263741188144,1,0
North,Store,Fiber,Basic,New,0,0,1,1,1,56.222732483943204,2,1
South,Online,Fiber,Standard,New,1,1,1,1,0,126.31309215789645,2,0
West,Phone,DSL,Basic,Existing,1,1,1,1,0,174.27621445450004,3,0
West,Phone,DSL,Basic,Existing,0,1,1,1,0,41.46223208079462,1,0
North,Phone,5G,Premium,New,1,1,0,1,1,185.39692062529835,0,0
West,Store,Fiber,Basic,Existing,1,1,1,1,0,132.19046951816057,0,0
South,Phone,5G,Premium,New,1,1,1,1,1,142.78628362757325,0,0
North,Store,Fiber,Standard,New,1,1,1,1,0,156.78397983531283,1,0
South,Store,Fiber,Standard,New,1,1,0,1,1,188.55286485597793,2,0
West,Online,5G,Standard,Existing,1,1,1,1,0,151.09580708238718,2,0
North,Online,Fiber,Standard,Existing,1,1,1,1,1,110.38570118055071,0,0
South,Store,5G,Basic,New,0,1,0,1,0,177.39852189129402,1,0
West,Online,DSL,Basic,Existing,1,1,1,1,0,192.13848790841104,1,0
West,Online,5G,Premium,Existing,1,1,1,1,1,139.3933483353358,1,0
East,Phone,5G,Premium,Existing,1,0,1,1,1,162.4022937889494,1,0
West,Online,Fiber,Premium,New,1,1,0,1,0,128.38987931768645,0,0
South,Store,5G,Basic,Existing,1,1,1,1,0,57.76846923830183,1,0
North,Online,DSL,Premium,Existing,1,1,1,1,0,137.74649657314492,1,0
East,Phone,DSL,Basic,Existing,1,1,1,1,1,131.1651092358482,2,0
West,Store,DSL,Standard,New,1,1,1,1,0,120.05004490331883,3,0
West,Online,DSL,Basic,New,1,1,1,1,0,130.3114274674042,0,0
West,Store,5G,Standard,New,1,1,1,1,1,94.25351473988664,3,0
South,Online,DSL,Premium,Existing,1,1,1,1,1,168.23110371304853,0,0
East,Phone,5G,Basic,New,1,1,1,1,0,78.89789238300261,1,0
South,Online,5G,Premium,Existing,1,1,1,1,0,109.12944519125566,0,0
East,Store,Fiber,Premium,New,1,1,1,1,1,154.1651391048174,0,0
North,Store,5G,Standard,Existing,1,1,1,1,0,129.96692408281956,1,0
South,Store,5G,Premium,New,1,1,1,1,1,60.880596712234606,0,0
South,Online,Fiber,Basic,New,1,1,1,1,0,119.26894830660773,1,0
North,Online,DSL,Premium,Existing,0,1,1,0,1,159.50621758383548,0,1
East,Online,DSL,Standard,New,1,1,1,1,1,51.261488741272814,0,0
West,Phone,5G,Standard,Existing,1,1,0,1,1,176.26595860772798,1,0
North,Phone,Fiber,Premium,Existing,0,1,1,1,1,121.7955951818238,1,0
West,Phone,5G,Standard,Existing,1,1,1,0,1,124.52389354818187,1,0
West,Store,5G,Premium,Existing,1,1,1,1,1,130.24130411976466,1,0
North,Store,DSL,Standard,Existing,0,1,1,1,0,78.97054936563464,0,0
East,Store,Fiber,Premium,Existing,0,0,1,0,0,100.92236734536908,0,1
West,Store,5G,Premium,New,1,1,1,1,0,147.02291059177648,0,0
North,Store,DSL,Basic,New,1,0,1,1,0,103.19889195415911,0,0
South,Online,5G,Basic,New,1,0,1,1,0,190.05951208161767,1,0
South,Store,DSL,Premium,New,1,1,1,1,1,185.0149617362766,1,0
South,Online,Fiber,Basic,New,1,1,1,0,0,68.15973904247848,0,0
North,Phone,5G,Basic,New,1,1,1,1,1,71.77085915391957,1,0
South,Phone,Fiber,Standard,Existing,1,1,1,1,1,105.76338800376786,0,0
West,Phone,DSL,Basic,Existing,1,1,1,1,0,133.30417978533902,0,0
South,Phone,Fiber,Standard,Existing,1,1,1,1,1,181.18559157157742,0,0
South,Phone,Fiber,Basic,New,1,1,1,1,0,60.09448080102159,0,0
West,Store,Fiber,Basic,Existing,1,0,1,1,0,167.25967279335956,1,0
South,Store,5G,Premium,Existing,1,1,1,1,1,59.4297933575814,1,0
West,Store,DSL,Basic,Existing,1,1,1,1,1,128.85727476307602,0,0
South,Phone,Fiber,Premium,Existing,1,1,1,1,0,132.7285932717237,0,0
West,Phone,5G,Premium,New,1,1,1,1,0,194.24198122988537,0,0
South,Online,DSL,Premium,Existing,1,1,1,1,1,160.29378436519548,0,0
West,Store,DSL,Premium,Existing,1,1,1,1,1,155.73675952425526,0,0
North,Phone,DSL,Basic,Existing,1,1,1,1,0,44.003423202164086,1,0
West,Phone,Fiber,Premium,New,1,1,0,1,1,160.9961387431603,1,0
South,Phone,Fiber,Basic,New,1,1,1,1,0,148.4979921936429,0,0
South,Online,Fiber,Basic,Existing,1,1,1,1,0,148.66910161400364,0,0
East,Phone,DSL,Standard,Existing,1,1,1,1,1,48.10555913667662,1,0
West,Online,DSL,Standard,New,1,1,1,1,0,102.70542942166844,0,0
North,Online,Fiber,Standard,New,1,1,1,1,0,58.37566470255343,1,0
West,Store,Fiber,Premium,Existing,1,1,1,1,0,185.92395687990705,0,0
West,Phone,DSL,Basic,New,1,0,1,1,1,98.69796748928201,0,0
North,Online,DSL,Basic,New,1,1,1,1,0,180.19558397868542,2,0
West,Phone,5G,Premium,New,1,1,1,1,1,90.83825757784922,0,0
North,Store,5G,Standard,Existing,1,1,1,1,0,147.38632273583642,2,0
North,Store,Fiber,Standard,New,1,1,1,1,0,41.51281552289735,1,0
West,Online,DSL,Basic,New,0,1,1,1,0,151.62090635447595,0,0
West,Store,DSL,Basic,Existing,1,1,1,1,1,151.56469071005492,1,0
South,Store,5G,Basic,Existing,1,1,1,1,1,62.053429894956324,0,0
South,Store,DSL,Standard,Existing,1,1,1,0,1,111.59263657898634,1,0
East,Phone,Fiber,Basic,New,1,0,1,1,0,149.3143742338219,1,0
East,Phone,5G,Standard,New,1,1,1,1,0,124.93366979191819,1,0
West,Online,DSL,Standard,Existing,0,1,0,1,0,188.06137742484583,1,0
North,Online,DSL,Standard,Existing,1,1,1,1,0,73.73711753077166,2,0
East,Store,Fiber,Premium,Existing,1,1,1,1,0,194.41220601182718,1,0
West,Store,DSL,Premium,Existing,0,1,1,1,1,118.87696099629672,0,0
East,Online,5G,Basic,Existing,1,1,1,1,0,199.960524865944,1,0
North,Store,5G,Standard,New,1,1,1,1,0,108.21557780300635,1,0
West,Online,DSL,Basic,New,1,1,1,1,0,178.99417390280533,1,0
North,Phone,DSL,Standard,Existing,1,1,1,1,0,173.7830403095783,0,0
West,Store,DSL,Basic,New,1,1,1,1,0,126.22581329429349,0,0
East,Store,DSL,Basic,Existing,1,1,1,1,0,162.0287674644497,1,0
South,Store,5G,Premium,New,1,1,1,1,0,158.84783590157622,0,0
East,Phone,Fiber,Premium,New,1,1,0,1,0,61.23466913254912,1,0
East,Phone,5G,Premium,Existing,1,1,1,1,0,157.51118141700857,1,0
South,Store,DSL,Premium,Existing,0,1,1,1,0,156.30004614832842,1,0
South,Online,DSL,Standard,Existing,1,0,1,1,0,108.8663818754232,1,0
West,Phone,5G,Basic,Existing,1,1,1,1,1,64.59498684686538,0,0
West,Store,5G,Basic,New,1,1,1,1,0,112.1945451107407,2,0
North,Store,DSL,Standard,New,1,1,1,1,0,159.5050905181302,2,0
North,Phone,5G,Standard,Existing,0,1,1,1,0,180.73990306985485,0,0
East,Online,DSL,Basic,New,1,1,0,1,0,99.03253353276305,1,0
South,Store,5G,Premium,Existing,1,1,1,1,0,94.09543538840298,1,0
North,Online,DSL,Premium,Existing,1,1,1,1,0,71.48665553156768,0,0
East,Online,5G,Premium,Existing,1,1,1,1,1,98.68369333035659,0,0
South,Phone,DSL,Standard,Existing,1,1,1,1,0,78.22731928329418,1,0
West,Store,Fiber,Basic,Existing,1,1,1,1,0,93.87968827857486,1,0
East,Store,Fiber,Standard,New,1,1,1,1,0,126.48726784005495,0,0
West,Online,5G,Basic,New,1,1,1,1,0,130.86533243415397,1,0
North,Phone,Fiber,Premium,New,1,0,1,1,0,158.64883464655517,0,0
North,Phone,DSL,Premium,Existing,0,1,1,1,1,197.28254497188493,1,0
South,Phone,5G,Premium,Existing,1,1,1,1,1,54.32904212069854,0,0
East,Online,5G,Basic,New,1,0,1,0,1,77.69582371438462,0,1
West,Online,DSL,Premium,New,1,1,1,1,0,105.57810437630444,1,0
South,Store,DSL,Basic,Existing,1,1,1,1,1,194.81794365030976,1,0
North,Phone,DSL,Standard,New,1,1,1,1,0,85.00345747505457,1,0
North,Online,5G,Premium,Existing,1,1,1,1,0,180.35677914513633,0,0
East,Phone,DSL,Standard,Existing,1,1,1,1,1,104.95636402943335,0,0
West,Online,Fiber,Standard,Existing,1,1,1,1,1,193.39183190339367,0,0
East,Store,5G,Basic,New,1,1,1,0,0,45.80625813924149,0,0
West,Phone,DSL,Standard,Existing,1,1,1,1,0,78.71341046789267,2,0
West,Online,5G,Basic,Existing,0,1,1,1,1,46.240568845678936,2,0
East,Phone,Fiber,Basic,New,0,1,1,1,0,160.2678214474563,1,0
South,Online,Fiber,Standard,Existing,1,1,0,1,0,144.31007614926176,0,0
East,Online,DSL,Basic,Existing,1,1,0,1,0,77.12693289739738,0,0
East,Online,5G,Basic,New,1,1,1,1,0,48.81441594384755,1,0
North,Phone,DSL,Basic,New,1,1,1,1,0,166.75778530789728,0,0
North,Online,5G,Standard,Existing,1,1,1,1,0,161.59149670801318,1,0
East,Store,DSL,Basic,New,0,1,0,1,1,187.09626865262084,0,0
East,Phone,DSL,Premium,New,1,1,0,1,1,66.75027216386097,1,0
North,Store,5G,Standard,Existing,1,1,0,1,1,131.83690200921484,1,0
West,Store,5G,Standard,Existing,1,1,1,0,0,186.91021596153467,1,0
East,Phone,Fiber,Basic,Existing,1,1,1,1,0,72.8876131858192,2,0
South,Online,Fiber,Standard,Existing,1,0,1,0,1,137.17323514386158,0,1
South,Store,5G,Premium,Existing,1,1,1,1,1,137.13667195372906,2,0
South,Phone,Fiber,Standard,Existing,0,1,0,1,0,46.688768264273435,0,0
East,Online,Fiber,Standard,New,0,1,1,1,0,165.1602107240535,0,0
West,Phone,5G,Standard,Existing,1,1,1,1,0,166.32136693806652,1,0
West,Phone,5G,Basic,New,1,1,1,1,1,70.6708679738365,1,0
North,Phone,5G,Premium,New,1,1,1,1,0,46.8035863135869,0,0
East,Online,DSL,Premium,Existing,1,0,1,1,0,155.204224785098,0,0
West,Store,5G,Premium,New,1,1,1,1,1,61.57008040049842,0,0
East,Store,5G,Standard,Existing,1,1,1,1,0,150.31288909165417,1,0
North,Phone,5G,Premium,New,1,1,1,1,1,64.04765432446764,1,0
North,Phone,Fiber,Basic,New,1,1,1,1,1,177.65291644849444,0,0
North,Online,5G,Standard,New,1,0,1,1,1,137.8372316720205,1,0
South,Phone,Fiber,Basic,New,1,1,1,1,1,132.2835401812086,1,0
East,Phone,DSL,Standard,New,1,1,1,1,0,125.49205213548773,1,0
North,Phone,5G,Basic,New,1,1,1,1,0,46.59953059381559,1,0
East,Store,5G,Standard,Existing,0,1,1,1,0,174.2055330725102,1,0
South,Phone,Fiber,Basic,New,1,1,1,1,1,112.50785442021333,2,0
South,Store,DSL,Premium,Existing,1,1,1,1,0,99.20991481530817,0,0
North,Online,5G,Standard,Existing,1,1,1,1,1,140.96131723261823,0,0
North,Online,DSL,Standard,New,1,1,0,1,1,119.96193052854728,3,0
West,Store,DSL,Basic,New,1,1,1,1,0,86.00566531145915,0,0
East,Store,5G,Basic,New,1,1,1,1,0,63.705113156811294,1,0
North,Store,DSL,Basic,Existing,1,1,1,1,1,56.214580045163416,0,0
West,Store,DSL,Standard,New,1,1,1,1,0,77.84044375510364,1,0
East,Phone,5G,Basic,Existing,0,1,1,1,0,179.21755351570428,0,0
North,Store,Fiber,Premium,New,1,1,1,1,0,57.572501651220946,1,0
West,Store,5G,Basic,New,1,1,1,1,1,170.43652216164386,0,0
West,Store,DSL,Basic,Existing,1,1,1,1,0,178.91222115059188,2,0
East,Phone,5G,Basic,New,1,1,1,0,0,172.01060199122475,0,0
West,Phone,Fiber,Premium,Existing,0,1,1,1,0,178.17338157521277,1,0
East,Phone,DSL,Basic,New,1,1,1,0,0,74.40382260007783,0,0
East,Online,DSL,Basic,New,1,1,1,0,0,199.26780966069987,1,0
East,Phone,Fiber,Standard,New,1,1,1,1,1,126.85142172093634,0,0
South,Store,Fiber,Standard,New,1,1,1,1,0,169.70074309052637,0,0
West,Phone,DSL,Basic,New,0,1,1,1,0,117.63665512621061,2,0
East,Phone,Fiber,Standard,Existing,1,1,1,1,0,70.54889176351507,0,0
North,Store,5G,Basic,Existing,1,1,1,0,1,175.38725743416347,1,0
South,Phone,Fiber,Basic,Existing,1,1,1,1,1,118.50204494155689,0,0
South,Online,5G,Premium,Existing,1,1,1,1,0,195.56402363906872,0,0
West,Phone,DSL,Basic,Existing,1,1,1,1,1,169.8112522801969,1,0
East,Online,DSL,Standard,New,1,1,1,1,1,160.07983040576306,1,0
West,Online,DSL,Standard,New,1,1,1,1,0,155.06202710541714,1,0
South,Online,DSL,Standard,New,1,1,1,1,0,137.4635903474607,0,0
East,Store,DSL,Standard,New,1,1,1,1,0,183.5588106097935,0,0
North,Phone,Fiber,Basic,New,1,1,1,1,1,139.37180158881546,0,0
East,Online,Fiber,Premium,Existing,0,1,1,1,0,199.35732214256484,0,0
South,Online,DSL,Premium,Existing,1,1,1,1,0,123.58537218711639,1,0
North,Phone,Fiber,Basic,Existing,1,1,1,1,1,53.08178880117593,1,0
East,Store,Fiber,Standard,Existing,1,1,0,0,0,161.18886232773684,1,1
North,Store,DSL,Premium,Existing,1,1,1,0,0,47.03767595576183,1,0
North,Online,Fiber,Premium,New,1,0,1,1,1,101.71527307638098,0,0
South,Store,DSL,Basic,New,1,1,1,1,0,111.90943115511661,1,0
North,Phone,DSL,Standard,New,1,1,1,1,0,182.06440335025718,1,0
West,Store,DSL,Premium,New,1,1,0,1,0,129.77461130090734,1,0
South,Phone,DSL,Basic,Existing,1,1,0,0,1,191.058035206631,1,1
West,Online,Fiber,Premium,Existing,0,1,1,1,0,78.4239249508154,1,0
North,Phone,Fiber,Premium,New,1,1,1,0,0,84.88892665308185,2,1
West,Online,5G,Standard,New,1,1,0,1,1,98.42933851792921,0,0
East,Phone,5G,Standard,New,1,1,0,1,0,156.77444353274495,1,0
North,Phone,DSL,Premium,New,1,1,1,1,0,148.8274083433924,0,0
East,Store,5G,Standard,New,1,1,1,1,0,72.9295225499091,0,0
West,Phone,Fiber,Premium,New,1,0,1,1,0,104.59498049754409,1,0
East,Online,Fiber,Premium,Existing,1,1,1,1,1,96.2874351961257,0,0
North,Phone,5G,Premium,Existing,1,0,0,1,1,161.48255830697565,0,1
East,Online,5G,Basic,Existing,0,1,1,1,0,98.87986375086814,2,0
West,Online,Fiber,Standard,Existing,1,1,0,1,0,160.9443886290048,1,0
West,Phone,5G,Standard,New,1,1,1,1,0,127.73629499530452,0,0
West,Store,Fiber,Premium,New,1,1,0,1,0,190.81380945238496,2,0
North,Phone,Fiber,Standard,New,1,1,1,1,1,196.4267326875207,2,0
West,Phone,5G,Premium,New,0,1,1,1,0,140.72383825143794,1,0
North,Store,5G,Standard,Existing,0,1,1,1,0,187.144249169355,0,0
East,Online,DSL,Standard,New,0,0,1,1,0,155.46482729633797,1,1
West,Phone,DSL,Premium,New,0,1,1,1,0,148.4624249077714,1,0
East,Store,DSL,Standard,Existing,1,1,1,1,0,114.48014438264849,0,0
South,Store,DSL,Premium,New,1,0,1,1,0,129.63796229240484,1,0
East,Online,DSL,Basic,Existing,1,1,0,1,1,102.30837839352061,1,0
South,Store,Fiber,Premium,New,1,1,1,0,1,67.99510124872883,2,1
East,Online,5G,Standard,Existing,1,1,1,1,0,187.95583716808747,1,0
North,Phone,Fiber,Basic,Existing,1,1,1,1,1,73.89999665456497,1,0
East,Store,DSL,Basic,New,1,1,1,1,1,126.70809601751898,2,0
North,Phone,DSL,Premium,New,0,1,0,1,0,157.9356960293507,1,0
North,Store,5G,Basic,Existing,1,1,1,1,1,171.7650556611346,1,0
West,Store,Fiber,Premium,New,1,1,1,1,0,96.8970408625519,0,0
North,Phone,DSL,Standard,Existing,1,1,1,1,1,145.2610338991165,0,0
South,Store,DSL,Premium,New,1,0,1,1,1,110.90767839281605,0,0
West,Phone,DSL,Basic,Existing,1,1,1,1,0,171.4773931155096,1,0
West,Phone,DSL,Premium,New,1,1,1,1,0,145.1455461903615,2,0
East,Online,Fiber,Premium,Existing,1,1,0,1,1,47.47884704196604,2,0
North,Phone,Fiber,Standard,Existing,1,1,1,1,1,137.59443798413264,0,0
North,Online,DSL,Premium,New,0,1,1,1,0,152.3874265012363,1,0
South,Phone,Fiber,Standard,New,1,1,1,1,1,185.38046593870033,1,0
East,Store,DSL,Basic,Existing,1,1,1,0,0,48.10862617033622,0,0
East,Phone,5G,Basic,Existing,1,1,1,1,0,135.52488297655628,1,0
West,Store,5G,Premium,Existing,0,1,1,1,1,120.11668860166041,2,0
West,Online,5G,Premium,New,1,1,1,1,1,142.57776443093408,0,0
West,Store,Fiber,Basic,Existing,1,1,1,1,0,162.44934795369963,0,0
South,Phone,DSL,Basic,Existing,1,0,1,1,0,61.49532390174329,0,0
South,Store,5G,Basic,New,1,1,1,0,0,126.7062098287607,0,0
West,Online,5G,Premium,Existing,1,1,0,1,0,123.29727753809856,1,0
East,Store,Fiber,Basic,New,1,1,1,1,1,122.41853886747785,1,0
South,Store,Fiber,Premium,Existing,1,1,1,1,0,106.1351173801689,0,0
East,Phone,5G,Basic,New,1,1,1,1,0,175.9306177022536,0,0
East,Phone,DSL,Basic,New,0,1,0,1,0,50.129491281288416,0,0
North,Store,DSL,Premium,New,1,1,1,1,1,101.57379642749825,0,0
West,Online,DSL,Standard,New,1,1,1,1,0,134.68092038432764,0,0
North,Store,5G,Premium,New,1,1,1,1,0,185.42672059947444,0,0
West,Online,Fiber,Standard,New,1,1,0,1,0,140.82188181343813,1,0
West,Online,DSL,Premium,Existing,1,1,1,0,1,60.98309612804401,3,1
East,Online,5G,Standard,New,1,0,1,0,0,148.95531929726025,0,1
West,Store,5G,Standard,Existing,1,1,1,1,1,94.32342736993999,3,0
East,Online,Fiber,Standard,New,1,1,1,1,1,133.92873564701733,1,0
East,Store,DSL,Premium,New,1,1,1,1,0,131.3722360608138,1,0
West,Online,5G,Premium,Existing,1,1,1,1,0,67.57842551666401,1,0
East,Online,DSL,Premium,New,1,1,1,1,1,171.019332926115,1,0
East,Store,DSL,Standard,Existing,1,1,1,1,0,126.41168751464826,2,0
East,Phone,DSL,Standard,Existing,1,1,1,1,0,101.82293947810174,0,0
South,Phone,5G,Premium,Existing,1,1,1,1,0,72.9416054762357,1,0
East,Store,DSL,Premium,New,1,1,1,1,0,186.56574838482376,0,0
South,Store,Fiber,Basic,Existing,1,1,1,1,0,78.72824605961102,3,0
South,Phone,5G,Basic,Existing,1,1,1,1,0,189.58240372833694,4,0
East,Phone,5G,Basic,Existing,1,1,1,1,0,126.62835699403082,1,0
East,Phone,DSL,Basic,New,1,1,1,1,0,120.45175419740859,1,0
South,Store,DSL,Basic,New,1,1,1,1,0,115.48466627351053,0,0
South,Online,DSL,Premium,New,1,0,1,0,0,181.0653213097739,2,1
East,Store,5G,Standard,New,1,1,1,1,0,170.23732398301578,0,0
East,Phone,Fiber,Standard,New,1,1,1,1,0,148.20180216155177,3,0
West,Online,Fiber,Premium,Existing,1,1,1,1,0,123.81181466076642,2,0
South,Store,5G,Premium,Existing,1,1,1,1,0,145.0807644186581,0,0
South,Phone,Fiber,Premium,Existing,1,1,0,1,0,78.91126117486377,2,0
West,Store,DSL,Basic,Existing,1,1,1,1,0,119.49625668678604,2,0
South,Online,5G,Basic,New,1,1,1,1,0,62.52194596180581,2,0
North,Phone,Fiber,Basic,New,1,1,1,1,1,60.52695287612126,0,0
South,Store,5G,Premium,New,1,1,0,1,0,153.38590380107286,1,0
West,Online,Fiber,Premium,New,1,1,1,0,0,190.8736821585196,0,0
North,Online,5G,Standard,Existing,1,1,1,1,1,168.40395842204097,0,0
East,Store,Fiber,Premium,Existing,1,0,1,1,0,190.23451195894773,3,1
West,Online,5G,Basic,Existing,1,1,1,1,1,75.49936467748113,1,0
West,Phone,5G,Standard,New,0,1,0,1,1,81.86675213105423,1,0
East,Online,5G,Premium,Existing,0,1,1,1,1,107.82117179706133,0,0
West,Store,5G,Standard,Existing,1,1,1,1,1,101.30664863505191,0,0
South,Phone,5G,Standard,New,1,1,1,1,0,87.6941117148697,1,0
East,Online,DSL,Premium,New,0,1,1,1,0,86.781861807424,0,0
West,Online,5G,Basic,Existing,1,1,1,1,0,186.08962759994003,1,0
East,Phone,5G,Basic,New,1,0,1,1,0,68.94407919924095,1,0
East,Phone,5G,Standard,Existing,1,1,1,1,0,179.90280641667334,1,0
East,Online,Fiber,Premium,Existing,1,0,1,1,0,121.58916922553308,1,0
North,Phone,5G,Premium,Existing,1,1,0,1,1,188.30557821786715,1,0
West,Store,DSL,Basic,Existing,1,1,1,1,0,42.856937530915516,1,0
North,Online,5G,Premium,Existing,1,1,1,1,0,75.51768084133172,0,0
West,Store,Fiber,Premium,New,1,1,1,0,0,119.8241272170663,0,0
South,Online,Fiber,Standard,New,1,1,0,0,1,62.63636826001722,2,1
South,Store,5G,Premium,New,1,1,1,1,0,74.40469885200115,0,0
South,Store,5G,Premium,Existing,1,1,1,1,0,115.87613380156945,1,0
West,Phone,5G,Premium,Existing,1,1,1,1,0,162.8391094479998,1,0
East,Online,5G,Basic,New,1,1,1,1,1,165.64675961894125,3,0
East,Phone,Fiber,Basic,New,1,0,1,1,1,138.49206969900888,0,0
North,Phone,5G,Standard,New,1,1,1,1,0,185.44221131953316,0,0
North,Online,Fiber,Basic,Existing,1,1,1,0,1,140.7055182377241,2,1
South,Store,Fiber,Basic,New,1,1,0,1,0,43.811172020606875,0,0
North,Online,DSL,Basic,New,1,1,1,1,0,122.8765258496779,0,0
West,Online,Fiber,Basic,Existing,1,1,0,1,0,194.81435274990832,1,0
West,Online,5G,Standard,New,1,1,1,1,0,144.98143932560168,0,0
North,Phone,5G,Premium,New,1,1,1,1,1,150.1461795055244,0,0
North,Online,5G,Premium,Existing,0,1,1,1,0,58.26029322453838,1,0
North,Online,5G,Premium,Existing,1,1,1,1,0,97.55109086350484,0,0
North,Online,DSL,Standard,New,1,1,1,1,0,175.4197643402632,2,0
South,Store,DSL,Basic,Existing,1,1,1,1,0,57.65186429479119,1,0
South,Store,DSL,Standard,New,1,1,1,0,0,174.27775696219663,1,0
North,Store,DSL,Standard,New,1,1,1,1,1,131.70157536611885,1,0
West,Store,Fiber,Standard,New,1,1,0,1,1,103.01807185112932,1,0
South,Phone,DSL,Premium,New,1,1,0,0,0,188.83230558829086,0,1
West,Phone,Fiber,Basic,Existing,1,1,1,1,1,44.71099729237032,0,0
East,Online,5G,Premium,Existing,1,1,1,1,0,188.28436801529026,1,0
West,Phone,Fiber,Standard,Existing,1,1,1,0,0,180.5460902060639,1,0
North,Store,Fiber,Standard,New,1,1,1,1,1,197.8956057865973,2,0
East,Online,DSL,Premium,New,1,1,1,0,0,106.67644498842073,0,0
South,Online,5G,Premium,New,1,1,1,1,0,113.71018021043332,1,0
South,Store,5G,Premium,Existing,1,1,1,1,0,152.8491944267971,0,0
East,Store,DSL,Basic,New,1,1,1,1,1,57.639996410583706,0,0
West,Store,Fiber,Premium,New,1,1,1,1,0,78.97250606772702,0,0
South,Phone,DSL,Basic,New,1,1,1,1,0,110.72006128572613,2,0
North,Online,Fiber,Basic,Existing,1,1,1,1,0,154.83305644633458,1,0
East,Store,DSL,Premium,New,1,1,0,1,1,119.43324693431532,0,0
North,Online,DSL,Standard,New,0,1,1,1,1,76.73083258246862,0,0
East,Online,5G,Standard,Existing,1,1,1,1,0,86.68356725540295,0,0
South,Phone,5G,Basic,Existing,1,0,1,1,0,159.94722885797574,0,0
West,Online,5G,Basic,New,1,1,1,1,0,168.94491444857925,1,0
East,Store,DSL,Basic,New,1,1,0,1,1,109.78673523681151,0,0
East,Store,5G,Standard,Existing,1,1,1,0,1,70.93292169272239,0,0
North,Online,5G,Basic,Existing,0,1,1,1,1,131.98189295814456,0,0
South,Online,DSL,Basic,Existing,1,1,1,1,1,104.01803425313256,2,0
North,Phone,5G,Standard,New,1,1,1,1,1,142.22984678855383,0,0
South,Store,Fiber,Premium,Existing,1,1,1,1,0,171.98144803671664,1,0
North,Store,5G,Standard,New,1,1,1,1,0,124.48729293862368,0,0
East,Online,Fiber,Premium,Existing,1,1,1,1,1,184.3004996221541,0,0
North,Online,5G,Premium,New,1,1,1,1,1,98.9936891592855,1,0
West,Online,DSL,Basic,New,1,1,1,1,1,116.92786840810142,0,0
South,Store,DSL,Basic,Existing,1,1,1,1,0,131.30641058741315,0,0
South,Online,5G,Premium,Existing,1,1,0,1,0,155.0267000160614,1,0
East,Phone,Fiber,Basic,New,1,1,1,1,1,124.59809224395116,0,0
South,Phone,5G,Premium,Existing,1,0,0,0,0,169.77720610760147,1,1
West,Online,DSL,Basic,New,1,1,1,1,0,151.4589731671534,3,0
North,Phone,5G,Standard,New,1,1,1,1,1,96.00579522794041,0,0
East,Phone,DSL,Premium,Existing,1,1,1,1,0,142.38780485243467,0,0
West,Phone,Fiber,Premium,New,0,1,0,1,0,90.67255819098163,0,0
South,Phone,Fiber,Basic,Existing,1,0,1,1,1,154.65198963749077,1,0
South,Phone,DSL,Standard,New,1,1,1,1,0,144.55324035759514,0,0
West,Store,Fiber,Basic,New,1,1,1,1,0,68.37190246127291,2,0
North,Online,DSL,Standard,Existing,1,1,1,1,0,152.0856676671259,0,0
North,Phone,DSL,Basic,New,0,1,1,1,1,60.91189530809261,0,0
East,Online,DSL,Premium,New,1,1,1,1,0,54.71082164741462,2,0
South,Phone,5G,Standard,New,1,1,0,1,1,142.84829220259502,0,0
West,Store,Fiber,Standard,Existing,1,1,1,0,0,93.34516798579966,1,0
North,Store,5G,Basic,Existing,1,0,0,1,0,65.71757792744827,3,1
East,Phone,5G,Standard,New,1,1,1,1,1,197.98803544910177,1,0
South,Phone,Fiber,Basic,New,1,1,1,1,0,179.18872584656273,2,0
South,Phone,5G,Standard,New,1,1,1,1,0,68.30001968395436,0,0
East,Store,DSL,Basic,Existing,0,1,0,1,0,190.97732906070254,1,0
East,Store,5G,Basic,New,1,1,1,1,0,136.96678641867084,0,0
North,Online,DSL,Basic,New,1,1,1,1,1,123.18322165812114,1,0
West,Store,Fiber,Premium,Existing,1,1,1,1,1,97.09405844975082,1,0
South,Phone,5G,Standard,Existing,1,0,1,1,0,91.42102397407774,0,0
West,Online,Fiber,Premium,New,0,1,1,1,1,56.47948122689401,0,0
South,Store,DSL,Premium,Existing,1,1,1,1,0,69.02760582454124,0,0
South,Store,5G,Premium,New,1,1,1,1,1,83.05514528647592,1,0
West,Phone,DSL,Premium,Existing,1,1,1,1,1,157.79744839379828,0,0
East,Online,DSL,Standard,Existing,1,1,1,1,1,193.59435971878324,0,0
North,Store,DSL,Standard,Existing,1,1,1,1,0,114.48486347408719,1,0
South,Store,Fiber,Premium,Existing,1,1,1,1,0,99.36794151975937,1,0
East,Phone,Fiber,Standard,New,0,1,1,1,0,177.45619757803306,0,0
South,Online,Fiber,Standard,New,1,1,1,0,0,148.91991644934592,0,0
North,Online,5G,Basic,Existing,1,1,1,1,0,79.16791597470271,1,0
South,Online,DSL,Standard,New,0,1,1,1,0,126.10751249806984,1,0
North,Online,Fiber,Premium,New,0,1,1,1,0,181.3559138443932,0,0
North,Phone,DSL,Standard,New,1,1,1,1,0,145.59793922357431,0,0
South,Store,Fiber,Premium,Existing,1,1,1,1,0,99.66880446953297,0,0
South,Store,DSL,Standard,Existing,1,1,1,1,0,108.51569224393806,1,0
North,Online,Fiber,Premium,New,0,1,1,1,0,183.7763282967546,0,0
East,Online,Fiber,Standard,New,1,1,1,1,1,153.28954871414805,1,0
West,Online,Fiber,Standard,New,1,1,0,1,1,121.60762867438272,4,0
North,Store,Fiber,Standard,New,1,1,1,1,1,148.50150947135702,1,0
South,Store,DSL,Premium,Existing,0,1,1,1,1,149.66749812559925,1,0
South,Online,Fiber,Basic,New,1,1,1,1,1,130.77359170800716,0,0
East,Phone,Fiber,Premium,New,1,0,1,1,1,140.40851854391286,2,1
West,Store,Fiber,Standard,New,1,1,1,0,0,96.49138685608627,0,0
North,Store,DSL,Premium,New,1,1,1,1,1,95.94638391340318,0,0
North,Online,Fiber,Standard,New,1,1,1,1,0,94.26526450424923,0,0
West,Phone,DSL,Standard,Existing,1,1,1,1,1,46.18884228984611,1,0
North,Online,5G,Basic,Existing,1,1,1,1,0,172.50774404415222,1,0
West,Online,DSL,Standard,Existing,1,1,1,1,1,65.19682448797064,0,0
South,Phone,5G,Standard,Existing,0,1,1,1,0,55.071094729434336,0,0
West,Phone,Fiber,Standard,Existing,0,1,0,1,0,107.65853391067361,0,0
North,Phone,Fiber,Basic,New,1,1,1,1,0,116.69542662324466,3,0
West,Store,DSL,Premium,Existing,1,1,1,0,0,82.10774731620931,1,0
East,Online,Fiber,Basic,Existing,1,1,1,1,0,193.04822877980564,0,0
South,Store,Fiber,Premium,Existing,1,0,1,1,0,66.66018309705623,1,0
South,Phone,DSL,Standard,New,1,1,1,1,1,131.80017034612848,0,0
West,Store,Fiber,Premium,New,1,1,1,1,1,137.70574633354312,0,0
North,Phone,5G,Premium,New,1,1,0,0,0,144.8736836498905,2,1
East,Phone,5G,Premium,New,1,1,1,1,0,167.0198349032317,0,0
South,Online,Fiber,Premium,Existing,1,0,0,1,0,178.40705299323676,0,1
South,Online,Fiber,Standard,Existing,1,1,1,1,1,86.66780691125867,1,0
North,Online,5G,Basic,Existing,1,1,0,1,0,197.7642693078741,1,0
North,Store,Fiber,Premium,New,1,1,1,1,0,106.22789471976587,0,0
East,Online,5G,Standard,Existing,1,0,1,1,1,165.46440370844056,1,0
West,Phone,DSL,Standard,Existing,1,1,1,1,1,46.54939134087259,2,0
North,Online,5G,Standard,New,1,1,1,1,0,159.2623564786909,0,0
West,Store,Fiber,Standard,New,1,0,1,1,0,172.8726817376513,0,0
East,Online,Fiber,Premium,Existing,1,1,1,1,0,57.33487698080934,0,0
West,Online,5G,Basic,Existing,1,1,1,1,0,88.97054980507761,1,0
South,Online,5G,Standard,Existing,1,1,1,1,0,111.63897834558196,0,0
West,Store,Fiber,Basic,Existing,1,1,1,1,1,162.23046627434124,2,0
East,Phone,Fiber,Basic,Existing,1,1,1,1,1,124.74363227273804,0,0
East,Phone,Fiber,Basic,Existing,1,1,1,1,1,141.02457022418344,1,0
East,Phone,DSL,Standard,New,1,1,1,1,0,98.99060938579451,0,0
West,Online,DSL,Standard,New,1,1,1,1,1,179.17072492461327,0,0
South,Online,5G,Standard,Existing,1,1,1,1,0,98.63278687564666,2,0
North,Store,5G,Basic,New,1,1,1,1,1,115.88886600721709,3,0
South,Phone,DSL,Standard,Existing,0,1,1,1,1,110.73698268019396,0,0
West,Online,DSL,Standard,Existing,0,1,0,1,1,165.6962291417096,0,0
West,Online,5G,Basic,New,0,1,1,1,0,171.36282745944897,0,0
North,Online,DSL,Standard,New,1,1,1,1,0,184.9360375998295,0,0
West,Store,5G,Premium,Existing,1,1,1,1,1,76.78377082963374,0,0
East,Phone,Fiber,Premium,New,1,1,1,1,0,185.76444009287522,1,0
East,Store,5G,Premium,Existing,1,1,0,1,1,86.36651118224842,1,0
East,Phone,DSL,Premium,New,1,1,1,1,1,180.4853158878075,2,0
East,Phone,DSL,Basic,Existing,1,1,0,1,0,177.14001272737084,0,0
East,Online,DSL,Standard,New,1,1,0,1,0,112.76040547264564,0,0
West,Online,5G,Premium,Existing,0,1,1,1,0,167.7490489574412,0,0
North,Online,DSL,Premium,New,0,1,1,1,0,158.92554895329772,1,0
North,Online,5G,Standard,New,1,1,1,1,0,47.19838252043104,0,0
East,Online,Fiber,Basic,New,1,1,1,1,0,44.19248933477155,1,0
West,Phone,Fiber,Premium,Existing,1,1,1,1,0,54.059085141550014,1,0
South,Online,DSL,Standard,New,1,0,0,1,0,191.72211605120077,2,1
South,Online,5G,Standard,New,0,0,1,1,0,154.06194101628213,1,1
West,Store,5G,Premium,Existing,0,1,1,1,1,106.3128924923575,2,0
East,Store,DSL,Premium,Existing,1,1,0,0,1,75.33103119663912,0,1
North,Phone,5G,Standard,New,1,1,1,1,0,191.64762112434315,0,0
West,Phone,DSL,Standard,New,1,1,1,1,1,79.09095699672987,1,0
South,Store,DSL,Premium,New,0,1,1,1,1,126.99628073619535,0,0
South,Store,Fiber,Premium,New,0,1,0,1,1,78.90779442143624,0,0
South,Online,DSL,Premium,Existing,1,1,1,0,1,156.2832202838062,1,0
East,Online,5G,Premium,New,1,1,1,1,1,67.60027863304204,0,0
South,Phone,DSL,Basic,Existing,1,1,1,1,0,135.26989843153382,0,0
West,Store,Fiber,Standard,Existing,1,0,1,1,0,143.94045374668042,0,0
West,Phone,Fiber,Premium,New,1,1,1,1,1,194.2331524107541,1,0
South,Online,5G,Standard,Existing,1,1,1,1,0,136.4656852117344,0,0
West,Phone,DSL,Premium,New,1,1,1,1,1,117.60720594662807,1,0
South,Phone,5G,Basic,Existing,1,1,1,1,0,102.8384607296523,0,0
South,Phone,5G,Standard,Existing,0,0,1,1,1,56.93065128977467,0,1
North,Online,DSL,Basic,Existing,1,1,1,1,1,155.5159912411379,0,0
East,Phone,Fiber,Standard,New,1,1,1,1,0,79.54941179305548,1,0
East,Online,5G,Basic,Existing,1,1,1,1,0,90.01810597771197,1,0
North,Store,5G,Premium,Existing,1,1,1,1,0,41.896462003457096,2,0
North,Phone,Fiber,Premium,Existing,1,0,1,1,1,145.44235091144404,1,0
East,Phone,DSL,Basic,Existing,1,1,1,1,0,161.41788641929878,2,0
South,Online,DSL,Premium,Existing,1,1,1,1,1,55.09726002368778,0,0
South,Phone,DSL,Basic,Existing,1,1,0,1,0,61.92503578491003,0,0
East,Online,Fiber,Basic,New,1,1,1,1,0,171.67416922153188,2,0
South,Phone,5G,Standard,Existing,1,1,1,1,1,157.5564299774131,2,0
North,Store,Fiber,Basic,Existing,1,1,1,1,1,59.80269422787046,1,0
South,Store,5G,Standard,New,1,1,1,1,1,107.63556595835848,0,0
South,Store,5G,Basic,Existing,1,1,1,1,1,89.88107186042411,2,0
West,Phone,DSL,Standard,Existing,1,0,0,1,0,66.22064138764162,0,1
West,Phone,DSL,Standard,New,1,1,1,1,1,110.13772437720303,0,0
West,Store,DSL,Premium,New,0,1,1,1,0,176.3136639353869,2,0
South,Store,Fiber,Standard,Existing,1,1,1,1,1,170.6032324081398,0,0
East,Online,DSL,Standard,Existing,1,1,1,1,0,133.77816336554258,0,0
North,Online,Fiber,Basic,Existing,1,1,1,1,1,129.54843859885747,0,0
South,Store,DSL,Standard,Existing,1,1,1,1,0,144.7432324215141,0,0
East,Store,DSL,Premium,New,1,1,0,1,1,196.0512170313248,0,0
South,Phone,DSL,Basic,Existing,1,1,1,1,0,171.72863174187762,1,0
North,Store,Fiber,Standard,New,1,1,1,1,1,74.12706974364697,1,0
South,Online,5G,Basic,Existing,1,1,0,1,0,114.69140090677159,0,0
North,Online,Fiber,Basic,New,1,1,1,1,0,159.4368808927145,1,0
South,Online,Fiber,Basic,Existing,1,1,1,1,0,175.70370120773964,2,0
North,Online,Fiber,Basic,New,0,1,1,1,0,53.526650072728046,2,0
South,Online,5G,Basic,New,1,1,1,1,0,151.01945830856474,1,0
North,Online,Fiber,Standard,New,1,1,1,1,0,64.4602455116239,0,0
West,Store,DSL,Basic,New,1,0,0,1,0,56.956661829794854,1,1
South,Online,5G,Basic,New,1,1,1,1,0,174.9642271519011,0,0
South,Online,Fiber,Premium,Existing,0,0,1,1,1,165.85847002998736,1,1
East,Online,Fiber,Premium,Existing,1,1,1,0,0,159.454552500751,0,0
East,Online,5G,Basic,Existing,1,1,1,1,0,43.87174693505951,1,0
North,Store,Fiber,Standard,New,1,1,1,1,1,81.09751927271198,0,0
South,Phone,5G,Premium,New,1,0,1,0,0,108.97757840285863,0,1
North,Phone,DSL,Premium,Existing,1,1,1,1,0,180.80722976773447,3,0
West,Phone,Fiber,Basic,New,1,1,1,1,0,123.70706269241973,1,0
East,Phone,Fiber,Standard,New,1,1,1,1,0,119.78214879858463,0,0
North,Online,DSL,Standard,New,1,0,1,1,1,40.73842728429302,1,0
North,Phone,Fiber,Premium,New,1,1,1,1,0,172.76082639386112,0,0
East,Phone,Fiber,Premium,Existing,0,1,1,1,1,133.61559325750844,1,0
South,Store,5G,Premium,Existing,0,1,1,1,1,99.41740101093905,0,0
North,Store,Fiber,Premium,Existing,1,1,0,1,0,65.68185973480792,0,0
East,Store,DSL,Premium,New,1,0,1,1,1,107.09258852345259,0,0
South,Online,Fiber,Basic,Existing,0,1,1,1,1,78.19538018192931,0,0
West,Online,5G,Basic,New,1,0,1,1,0,112.0310402848314,0,0
East,Online,DSL,Basic,Existing,1,1,1,0,1,89.03968625444358,2,1
North,Store,DSL,Premium,Existing,1,1,1,1,0,47.035669009401175,1,0
West,Phone,DSL,Basic,New,1,0,1,1,1,198.7910010573783,0,0
South,Store,DSL,Premium,Existing,0,1,1,1,0,111.65235076327252,0,0
South,Online,5G,Standard,New,1,1,1,1,0,170.168576096346,0,0
East,Store,5G,Standard,Existing,1,1,1,1,0,58.580118736618054,0,0
East,Phone,5G,Basic,Existing,1,1,1,1,1,137.40105436528853,0,0
East,Online,5G,Standard,Existing,1,1,1,1,0,123.98885023806265,0,0
South,Phone,Fiber,Standard,Existing,1,1,1,1,0,192.57709270314902,1,0
West,Phone,5G,Standard,Existing,1,1,1,1,1,168.57736427833527,0,0
South,Online,Fiber,Basic,Existing,1,1,0,1,1,106.1244799480886,0,0
North,Phone,DSL,Standard,New,0,1,1,1,1,167.08843655416536,3,0
South,Store,Fiber,Basic,Existing,1,1,1,1,0,105.28538993624176,2,0
North,Phone,Fiber,Premium,Existing,1,1,1,1,0,161.7308856181475,0,0
West,Phone,Fiber,Premium,New,1,1,1,1,0,86.63427046407756,0,0
East,Phone,5G,Basic,New,1,1,1,1,0,99.67107563996043,0,0
East,Store,5G,Basic,Existing,1,1,0,1,0,136.90625889118502,2,0
South,Phone,DSL,Standard,Existing,1,1,1,1,1,126.54109390126848,0,0
East,Phone,5G,Premium,New,0,1,1,1,0,103.27661597563306,1,0
West,Store,Fiber,Standard,Existing,1,0,1,1,1,190.02078733998658,1,0
East,Online,5G,Premium,Existing,1,0,1,1,1,120.64656757494208,1,0
South,Online,5G,Standard,Existing,1,1,1,1,0,155.40011949025597,2,0
West,Online,Fiber,Standard,New,1,1,1,1,0,106.71323280500079,0,0
North,Phone,DSL,Premium,Existing,1,1,0,1,1,155.7249106173368,0,0
South,Online,5G,Standard,New,1,1,1,1,1,166.78072406118307,0,0
North,Store,DSL,Premium,Existing,1,1,0,1,0,127.53549596019637,1,0
West,Phone,Fiber,Basic,New,1,1,1,1,1,45.231726456630895,1,0
South,Phone,5G,Standard,New,1,1,1,1,0,120.67199069059363,0,0
South,Phone,DSL,Premium,Existing,1,1,0,0,0,183.82267908827956,0,1
West,Online,DSL,Premium,New,1,1,1,1,1,53.4176667506855,0,0
East,Online,Fiber,Standard,New,1,1,1,1,0,133.47332899880655,0,0
South,Online,5G,Premium,Existing,0,1,1,1,0,45.472892265203356,1,0
South,Phone,DSL,Standard,New,1,1,1,1,0,117.95834141779838,2,0
North,Store,DSL,Standard,New,1,1,0,1,1,150.70391441982534,0,0
East,Phone,DSL,Basic,New,1,1,1,1,0,100.88190329238428,0,0
North,Store,DSL,Basic,New,1,1,0,1,0,58.23047281528646,0,0
North,Phone,DSL,Basic,Existing,1,1,0,1,1,191.58448100924616,2,0
East,Store,DSL,Standard,Existing,1,1,1,1,0,189.29460657398369,1,0
East,Phone,DSL,Standard,Existing,0,1,0,1,0,167.23625830915853,1,0
West,Phone,DSL,Premium,New,1,1,1,1,1,73.2288146088855,0,0
East,Store,DSL,Basic,Existing,1,1,0,1,0,163.66052196343253,1,0
South,Store,DSL,Basic,New,1,1,0,1,1,93.58597013626499,0,0
East,Store,5G,Premium,Existing,1,1,1,1,0,137.45197907507804,1,0
West,Store,Fiber,Basic,New,1,1,0,1,0,111.56227682581036,0,0
West,Store,Fiber,Basic,Existing,1,1,1,1,1,80.06659172775349,0,0
West,Store,Fiber,Basic,New,1,1,1,1,0,144.4898369647205,2,0
East,Store,DSL,Premium,New,1,1,1,1,1,155.05104570868303,0,0
East,Store,Fiber,Basic,New,1,1,1,1,1,124.531677155233,0,0
North,Phone,DSL,Standard,New,1,1,1,1,0,65.92522323262484,2,0
North,Store,5G,Basic,Existing,1,1,1,1,0,119.1252382762843,0,0
South,Store,Fiber,Standard,New,1,1,1,1,1,163.04096791273363,2,0
North,Phone,5G,Basic,New,1,1,1,1,0,175.44047954273645,1,0
South,Phone,5G,Standard,New,1,0,1,1,0,44.31224840342633,2,1
West,Online,DSL,Basic,Existing,1,1,1,1,1,69.85728353061369,0,0
North,Online,Fiber,Standard,Existing,1,1,1,1,0,188.81121012262673,0,0
East,Store,5G,Standard,Existing,0,1,1,1,1,165.0727509788927,0,0
North,Store,Fiber,Basic,New,1,1,1,1,1,154.96104751960772,0,0
South,Online,5G,Premium,New,1,1,1,1,0,62.071320087183835,1,0
North,Online,5G,Basic,Existing,1,0,1,1,0,40.69765397758347,1,0
West,Store,DSL,Premium,New,1,1,1,1,0,134.2062319264226,1,0
East,Online,Fiber,Premium,Existing,0,1,1,1,1,178.56651273398418,0,0
South,Store,DSL,Premium,New,0,1,0,1,0,51.40036759161788,1,0
East,Phone,DSL,Premium,New,1,1,1,1,0,51.10061134105418,2,0
East,Phone,DSL,Premium,Existing,0,1,1,1,0,199.76852435902197,0,0
South,Online,DSL,Premium,New,1,1,0,1,0,77.82132204154772,1,0
East,Phone,DSL,Basic,New,0,1,1,1,0,146.44521754410422,1,0
East,Phone,5G,Standard,New,1,1,1,1,1,129.25113018913885,1,0
North,Phone,Fiber,Standard,Existing,1,0,0,1,0,106.32443375344434,1,1
East,Phone,Fiber,Basic,New,0,0,1,1,1,168.4680923040222,1,1
East,Store,DSL,Basic,New,1,1,1,1,1,78.0579505762909,1,0
East,Store,Fiber,Basic,New,1,1,1,1,1,84.77751998065953,0,0
East,Online,5G,Premium,New,1,1,1,1,0,82.62185266837044,1,0
South,Phone,DSL,Premium,Existing,0,1,1,1,0,127.54586710110593,0,0
West,Phone,5G,Standard,Existing,1,1,1,1,1,144.96819178364646,1,0
North,Phone,5G,Basic,Existing,1,1,1,1,1,54.8245839833468,1,0
East,Online,DSL,Standard,New,1,1,1,1,1,63.46955113568042,0,0
East,Store,5G,Standard,Existing,1,1,0,1,0,58.91490212303887,1,0
South,Phone,DSL,Premium,Existing,1,1,0,1,1,144.2214952825596,0,0
West,Store,5G,Premium,New,1,0,1,1,1,140.06795533786703,1,0
East,Online,Fiber,Standard,New,1,1,1,1,0,172.82294561130377,0,0
South,Store,Fiber,Premium,New,1,1,0,1,0,85.8416811466873,0,0
North,Phone,Fiber,Premium,Existing,1,1,1,1,1,157.21512956749604,0,0
North,Store,DSL,Premium,New,1,1,1,1,0,85.62754601309565,0,0
East,Store,5G,Standard,Existing,1,1,1,1,0,160.26813769008805,0,0
East,Online,5G,Standard,New,1,0,1,1,1,137.27690548400338,0,0
West,Online,Fiber,Standard,Existing,1,1,1,1,0,106.2322615588635,0,0
West,Online,Fiber,Basic,New,1,1,1,1,1,141.61338769646642,1,0
East,Online,DSL,Standard,New,1,1,1,1,1,175.250936045048,1,0
South,Store,DSL,Premium,Existing,1,0,1,1,0,75.50791747884168,0,0
West,Store,5G,Standard,New,0,1,0,1,0,138.40036166201907,0,0
East,Online,DSL,Basic,Existing,1,1,0,1,0,198.9328369079565,1,0
West,Online,DSL,Premium,New,1,0,1,1,0,167.58561743920035,0,0
East,Phone,DSL,Standard,Existing,0,1,1,0,0,87.89424826415201,0,1
North,Phone,Fiber,Standard,Existing,0,1,1,1,1,165.52813037817435,1,0
East,Online,Fiber,Premium,New,1,1,0,1,0,119.17874400153961,0,0
North,Store,5G,Standard,New,1,0,1,1,0,164.93026773545108,0,0
West,Online,DSL,Basic,New,1,1,1,1,0,55.63727644792324,0,0
East,Store,Fiber,Premium,Existing,1,1,1,1,1,176.85275738243195,1,0
West,Store,DSL,Standard,Existing,1,1,1,1,1,199.10901825444182,0,0
North,Phone,5G,Premium,Existing,1,1,0,1,1,110.68375820985725,1,0
East,Online,DSL,Standard,Existing,1,1,0,1,0,122.003926054862,0,0
West,Online,5G,Standard,Existing,1,0,1,1,0,69.93460529476586,0,0
North,Store,5G,Premium,Existing,1,0,1,1,1,149.36996604360812,1,0
West,Online,Fiber,Standard,Existing,0,1,1,1,0,52.40582534577641,0,0
South,Phone,DSL,Standard,New,0,1,1,1,1,130.66034586872544,1,0
North,Phone,Fiber,Premium,Existing,1,1,0,0,1,106.95206262767894,1,1
North,Online,DSL,Standard,New,1,1,1,1,1,71.9956227529878,1,0
North,Online,DSL,Standard,Existing,1,1,1,0,0,171.99497727673614,1,0
East,Phone,5G,Premium,Existing,1,1,1,1,1,160.17856903662454,0,0
East,Online,5G,Basic,Existing,1,1,1,1,1,87.95201767515728,2,0
East,Store,DSL,Basic,New,1,1,1,1,1,101.80279162410258,1,0
South,Online,Fiber,Basic,Existing,1,0,0,1,1,80.41404105882009,2,1
South,Store,5G,Basic,Existing,1,1,1,1,1,73.56801246758911,0,0
North,Online,5G,Basic,Existing,1,0,1,1,1,75.4207150731686,2,1
South,Online,DSL,Basic,New,0,1,1,1,0,61.408305213862704,2,0
West,Phone,DSL,Premium,New,1,1,1,1,1,94.23131605020599,1,0
North,Store,5G,Premium,Existing,1,1,1,1,0,150.9990685868804,1,0
North,Phone,Fiber,Premium,Existing,1,1,1,1,0,82.09707435442209,0,0
West,Online,5G,Standard,Existing,1,1,1,1,0,152.4660326311427,0,0
North,Phone,DSL,Basic,New,1,1,1,1,0,162.45360408641915,1,0
South,Online,5G,Basic,Existing,1,1,1,1,0,94.11195084792281,0,0
East,Online,DSL,Premium,Existing,0,1,1,1,1,49.229708691446845,2,0
West,Online,5G,Standard,Existing,1,1,1,1,0,154.84939205446432,0,0
South,Store,DSL,Standard,New,1,1,1,1,1,62.22148728792735,0,0
West,Store,DSL,Premium,Existing,1,1,1,1,1,83.83274230205616,0,0
West,Store,Fiber,Basic,Existing,1,1,1,1,0,134.65436063487167,2,0
North,Phone,DSL,Standard,New,1,1,1,1,0,187.1245455082308,2,0
North,Online,5G,Basic,Existing,0,1,1,1,0,160.83056343804617,0,0
South,Phone,DSL,Standard,Existing,1,1,1,1,1,83.07587657072914,2,0
West,Phone,5G,Basic,Existing,1,1,1,0,1,170.04469459868693,0,0
North,Online,Fiber,Standard,New,1,1,1,1,0,105.56772749550014,0,0
North,Phone,5G,Basic,New,1,0,1,1,0,63.065092401983605,0,0
West,Online,Fiber,Basic,Existing,1,1,0,1,0,89.50755388905196,0,0
South,Online,Fiber,Basic,New,1,1,1,1,1,171.48940906868478,1,0
South,Online,DSL,Premium,Existing,1,1,1,1,0,99.3508992583378,0,0
West,Online,Fiber,Basic,Existing,1,1,1,1,1,100.79239507683837,2,0
South,Phone,5G,Basic,New,1,1,1,1,1,196.22596990352108,0,0
North,Phone,Fiber,Standard,New,0,1,1,1,0,122.6013287030927,2,0
West,Phone,Fiber,Standard,New,0,1,1,1,0,119.48867964659108,1,0
North,Store,DSL,Premium,Existing,1,1,1,1,1,156.7842080978262,2,0
East,Phone,5G,Standard,Existing,0,1,1,0,0,193.8715301930519,0,1
East,Phone,Fiber,Basic,Existing,1,1,1,1,1,198.28963051874993,2,0
South,Store,DSL,Premium,Existing,1,1,1,1,0,164.83833769682442,0,0
East,Online,DSL,Premium,New,1,1,0,1,0,179.4378907219002,0,0
North,Online,5G,Premium,Existing,1,1,1,1,0,185.1703204178297,0,0
East,Online,DSL,Basic,New,1,1,0,1,0,159.1990093887948,1,0
North,Store,Fiber,Basic,Existing,1,1,1,1,1,130.3101438693571,1,0
South,Phone,DSL,Standard,Existing,1,1,1,1,1,80.01484653030859,1,0
South,Phone,5G,Standard,New,1,1,0,1,1,156.5967275234475,1,0
North,Phone,5G,Standard,New,1,1,1,1,0,120.29224428286982,0,0
East,Phone,DSL,Premium,Existing,1,1,1,0,1,186.74834199083074,0,0
South,Store,Fiber,Basic,New,1,1,1,1,0,40.21925183773347,0,0
West,Phone,DSL,Standard,Existing,1,1,1,1,0,187.23572726451334,0,0
South,Online,5G,Basic,Existing,1,1,1,1,1,191.99313539072452,0,0
East,Store,DSL,Premium,Existing,1,1,1,1,1,75.11495829648877,2,0
West,Store,DSL,Basic,Existing,0,1,1,1,0,180.6455778859594,0,0
East,Online,Fiber,Basic,New,1,1,1,1,0,134.42472951065406,0,0
North,Online,DSL,Premium,New,1,1,1,0,1,86.94117158887641,0,0
West,Phone,Fiber,Standard,New,1,1,1,1,1,148.0785557909353,0,0
East,Online,DSL,Basic,New,1,1,1,1,0,167.60167489574337,1,0
West,Store,DSL,Basic,Existing,1,0,1,0,0,107.44185186776429,0,1
East,Store,Fiber,Premium,Existing,1,0,0,1,0,139.39205557054208,3,1
West,Store,Fiber,Basic,New,0,1,1,1,1,72.24146460693052,0,0
East,Phone,5G,Basic,New,1,1,0,1,0,45.21626510444277,0,0
North,Phone,Fiber,Basic,New,0,1,1,1,1,189.6800717717912,0,0
West,Online,DSL,Premium,Existing,1,1,1,1,0,64.67854838376668,0,0
West,Phone,5G,Basic,New,1,1,1,1,0,122.20311523009829,1,0
West,Phone,Fiber,Premium,Existing,1,1,0,1,0,53.63133612066466,1,0
West,Store,Fiber,Standard,New,1,1,1,1,0,176.92667048206684,0,0
North,Store,5G,Basic,New,1,1,1,1,0,163.4370813892897,1,0
West,Online,DSL,Premium,Existing,1,1,1,1,0,70.94554481835186,0,0
South,Store,DSL,Premium,Existing,1,1,1,1,0,170.20439789570082,2,0
North,Phone,5G,Basic,New,1,1,0,1,1,94.60663574663934,0,0
South,Online,DSL,Premium,New,1,0,1,1,0,174.2688849963374,2,1
West,Online,Fiber,Standard,Existing,1,1,1,1,1,80.11001109365239,1,0
East,Store,DSL,Standard,Existing,1,0,1,1,0,115.45338255962152,2,1
South,Store,Fiber,Standard,Existing,1,1,1,0,0,81.84381759941976,0,0
West,Store,DSL,Standard,Existing,1,1,1,1,0,147.18669845821975,0,0
South,Online,Fiber,Premium,Existing,1,1,1,1,1,48.705641028746776,1,0
West,Store,5G,Premium,New,1,1,0,1,0,132.6477035154913,1,0
West,Phone,Fiber,Standard,Existing,1,0,1,1,1,157.98976819384438,0,0
West,Online,DSL,Standard,New,1,1,0,0,0,71.26315836971636,0,1
East,Store,Fiber,Standard,Existing,1,1,1,1,0,77.91300511273549,0,0
South,Phone,DSL,Standard,Existing,1,1,1,1,0,156.1070433682326,1,0
North,Phone,DSL,Standard,New,1,1,1,1,0,106.51060717545944,1,0
North,Store,Fiber,Premium,New,1,1,1,0,0,139.66334118286775,0,0
North,Phone,DSL,Standard,Existing,1,1,1,1,0,108.26691163437167,0,0
North,Online,5G,Standard,Existing,1,1,1,1,1,107.00746788257646,1,0
West,Online,DSL,Basic,Existing,0,1,0,1,0,88.08709325306447,1,0
South,Phone,5G,Premium,New,1,0,0,1,0,133.60850305982808,0,1
South,Online,5G,Standard,New,1,1,1,1,1,135.8928834113027,1,0
East,Store,DSL,Premium,Existing,1,1,1,1,0,160.3493722511282,0,0
South,Phone,5G,Basic,New,1,1,1,1,0,120.26573669393608,0,0
South,Online,5G,Basic,Existing,1,1,1,1,0,129.9067067469352,0,0
South,Store,Fiber,Standard,New,1,1,1,1,0,175.6096446582456,0,0
East,Store,5G,Standard,Existing,1,1,1,1,0,46.45887822189836,1,0
North,Online,5G,Standard,Existing,1,1,1,1,1,123.1182873038687,2,0
South,Phone,5G,Standard,Existing,1,1,1,1,0,60.200348966535785,1,0
East,Store,5G,Basic,New,1,1,1,1,0,149.680156369334,0,0
East,Store,5G,Premium,Existing,1,1,1,1,0,183.09469166385813,4,0
West,Store,DSL,Standard,Existing,1,1,1,1,0,107.94482827130834,0,0
East,Store,5G,Premium,New,1,0,1,1,1,141.7296357455383,1,0
North,Phone,DSL,Standard,New,1,0,1,1,0,99.11044339013122,0,0
South,Online,DSL,Standard,Existing,1,1,1,1,1,160.94300530150076,1,0
East,Online,DSL,Basic,Existing,0,1,1,1,0,134.29272370327925,1,0
North,Online,Fiber,Standard,Existing,1,0,1,0,1,137.1343958536974,0,1
East,Store,Fiber,Standard,Existing,1,1,1,0,1,67.7432153323511,0,0
East,Phone,DSL,Standard,New,0,1,1,1,0,41.093953147817146,1,0
East,Online,Fiber,Basic,Existing,1,1,1,1,1,140.12443930857955,1,0
East,Phone,5G,Premium,New,1,1,1,0,1,57.960424731830415,2,1
East,Online,DSL,Basic,Existing,1,1,1,1,0,61.357735371350195,1,0
North,Store,DSL,Standard,Existing,1,1,1,1,1,66.18782265914588,2,0
South,Online,DSL,Standard,Existing,1,1,1,1,0,103.99153803432046,0,0
South,Store,Fiber,Standard,New,1,1,1,1,1,79.15572465093975,1,0
South,Store,Fiber,Premium,New,1,1,1,1,0,192.56553697478247,0,0
South,Online,Fiber,Premium,New,1,1,1,1,1,148.29577874058307,0,0
North,Phone,5G,Standard,Existing,1,1,1,1,1,71.0731703583251,0,0
West,Store,Fiber,Standard,New,0,1,1,1,0,168.6212097250617,0,0
West,Phone,DSL,Premium,Existing,0,1,1,1,1,84.84717604290366,2,0
North,Online,Fiber,Basic,Existing,1,1,1,1,0,167.9701530111111,1,0
North,Store,Fiber,Basic,Existing,1,1,1,1,1,115.04574867253474,0,0
East,Phone,Fiber,Premium,Existing,0,1,1,0,0,116.79553557090867,0,1
East,Store,Fiber,Premium,Existing,1,1,1,1,0,101.19034142654776,0,0
East,Online,DSL,Standard,Existing,1,1,1,1,1,79.49886653408436,2,0
South,Store,Fiber,Premium,Existing,1,1,1,1,1,149.92423793074806,1,0
East,Online,DSL,Premium,Existing,1,1,1,0,0,120.5402372109714,2,1
West,Phone,Fiber,Standard,New,1,1,1,1,1,41.41980160735624,0,0
South,Store,5G,Premium,Existing,1,1,1,1,0,91.45192712700769,0,0
East,Phone,5G,Standard,New,1,1,0,1,1,162.60026536102228,0,0
South,Online,DSL,Basic,Existing,1,1,1,1,1,87.27217700193046,1,0
West,Online,DSL,Basic,Existing,0,1,0,1,0,149.63285999029208,0,0
East,Phone,5G,Basic,Existing,1,1,1,1,0,72.47162655703329,0,0
West,Phone,5G,Standard,Existing,1,1,1,1,1,161.07130333794282,0,0
West,Online,Fiber,Basic,New,1,1,1,1,0,108.43498839478379,0,0
West,Phone,5G,Basic,New,1,1,1,1,1,41.27491645091942,0,0
East,Online,DSL,Standard,New,1,1,1,1,0,143.94213905424172,1,0
North,Phone,DSL,Standard,New,1,1,1,1,1,132.20379326497707,0,0
East,Online,5G,Basic,New,1,0,1,1,0,131.2032894542828,0,0
West,Online,DSL,Basic,New,1,1,0,1,0,192.30269574647565,0,0
East,Store,Fiber,Basic,Existing,1,1,0,1,1,99.82278759549482,0,0
West,Online,Fiber,Premium,Existing,1,0,1,1,1,184.08360214000896,1,0
North,Online,5G,Standard,New,1,1,1,1,0,40.36452017454824,1,0
South,Store,DSL,Standard,New,1,0,1,1,1,194.03157339465477,1,0
North,Store,5G,Standard,New,1,1,0,1,0,128.2905284303635,0,0
North,Phone,DSL,Standard,Existing,1,1,1,1,1,121.53921067052515,0,0
South,Phone,DSL,Basic,Existing,1,1,1,1,0,182.6159849849568,0,0
East,Online,DSL,Standard,Existing,1,1,1,1,0,141.78672882717996,0,0
South,Phone,Fiber,Premium,Existing,1,1,1,1,0,123.44732334620116,1,0
East,Phone,DSL,Premium,Existing,0,1,1,1,0,101.4918785432652,1,0
East,Online,Fiber,Basic,New,1,1,1,1,0,145.46948649254773,0,0
West,Store,DSL,Basic,Existing,1,0,0,1,1,48.50128141626806,1,1
West,Store,5G,Standard,New,1,1,1,1,1,79.65178069090436,0,0
South,Online,Fiber,Basic,Existing,1,1,1,1,0,56.135076733336895,0,0
North,Online,Fiber,Basic,New,1,1,1,0,0,120.89198790595397,0,0
South,Online,Fiber,Basic,Existing,1,1,1,1,1,55.42819135475176,0,0
East,Online,5G,Premium,Existing,1,1,1,1,1,169.81596878122906,1,0
West,Online,Fiber,Standard,Existing,1,1,1,1,0,86.61105756635082,1,0
South,Online,5G,Basic,Existing,1,1,1,1,0,139.59161386347753,1,0
South,Phone,DSL,Standard,Existing,1,1,1,1,0,93.40576787758292,2,0
West,Phone,DSL,Standard,New,0,1,0,1,1,151.90724361120922,1,0
West,Phone,5G,Standard,Existing,1,1,0,1,1,96.59020165150673,3,0
West,Store,Fiber,Premium,Existing,1,1,1,1,0,100.69105346165273,0,0
East,Online,Fiber,Standard,Existing,0,1,1,1,0,116.81144934405174,0,0
West,Online,5G,Standard,Existing,0,0,1,1,0,91.77223355744434,2,1
North,Phone,DSL,Basic,Existing,1,1,1,1,0,67.28298766116254,0,0
South,Store,5G,Basic,Existing,1,1,1,0,1,109.91168208316905,0,0
West,Phone,Fiber,Premium,Existing,1,1,1,1,0,146.1705460276103,2,0
West,Online,Fiber,Standard,Existing,1,1,1,1,1,92.1841338331197,0,0
East,Online,Fiber,Premium,Existing,1,1,1,1,0,169.5410642502927,1,0
East,Phone,Fiber,Standard,New,1,1,1,1,0,171.31988029805007,0,0
South,Phone,DSL,Premium,New,1,1,1,1,0,73.38153704973244,2,0
North,Online,DSL,Standard,Existing,1,1,1,1,0,83.18847559021376,0,0
South,Phone,DSL,Basic,Existing,0,0,1,1,1,40.37068593743058,1,1
West,Online,Fiber,Premium,Existing,1,0,1,1,1,96.43434344984966,0,0
North,Phone,Fiber,Basic,Existing,1,1,1,1,0,186.04769944335322,0,0
North,Store,Fiber,Standard,Existing,1,1,1,1,1,165.17376956517316,3,0
North,Online,5G,Premium,New,1,1,0,1,0,193.6740234519651,1,0
North,Store,Fiber,Basic,Existing,1,1,1,1,0,74.27721269103672,2,0
South,Phone,DSL,Basic,New,1,1,0,1,1,131.56838615534184,0,0
East,Store,DSL,Basic,Existing,1,1,0,1,1,98.35498452781592,1,0
East,Phone,DSL,Standard,Existing,1,1,1,1,1,138.54054908276657,1,0
West,Store,5G,Premium,Existing,1,1,1,1,0,159.05365027281655,2,0
East,Store,DSL,Basic,Existing,1,1,1,0,0,55.190821487742255,1,0
East,Store,5G,Standard,New,1,1,1,1,0,54.05067145791699,1,0
East,Online,5G,Standard,New,1,1,1,1,1,57.40849692490505,0,0
East,Store,5G,Standard,New,0,1,1,1,0,84.92921358725846,0,0
West,Phone,Fiber,Premium,New,1,1,1,1,1,159.15880941960347,0,0
South,Phone,Fiber,Standard,New,1,1,0,1,1,142.17401730211333,1,0
North,Online,DSL,Standard,Existing,1,1,1,1,0,88.04949571792626,2,0
East,Online,DSL,Premium,Existing,1,1,1,1,0,176.9680947844394,1,0
South,Phone,5G,Premium,New,1,1,1,1,0,156.5797143662793,1,0
East,Store,Fiber,Standard,Existing,1,1,0,1,0,195.65368880130956,2,0
East,Phone,DSL,Standard,Existing,1,1,1,1,0,149.701612233484,1,0
North,Online,DSL,Basic,Existing,1,1,1,1,1,154.75174884666183,0,0
North,Online,Fiber,Premium,New,1,0,1,1,0,171.73996813306857,0,0
North,Phone,5G,Premium,New,1,1,1,1,1,188.07363612330604,0,0
East,Store,DSL,Basic,New,1,1,1,1,1,84.37602031579462,0,0
East,Store,DSL,Standard,New,1,1,1,1,0,143.34931944586236,0,0
East,Online,Fiber,Standard,Existing,1,1,1,0,0,105.96897992745116,1,0
North,Phone,Fiber,Standard,Existing,1,1,1,1,0,76.71434177650968,1,0
West,Phone,5G,Standard,Existing,1,1,1,1,0,70.73953688246885,0,0
South,Online,5G,Basic,Existing,1,1,1,1,1,55.68571766117202,1,0
West,Phone,DSL,Premium,Existing,1,1,1,1,0,175.74818470382567,1,0
East,Online,5G,Premium,Existing,1,1,1,1,0,41.828739054111104,0,0
East,Store,DSL,Standard,New,1,1,1,1,0,199.15354078609434,2,0
West,Store,DSL,Basic,Existing,1,1,1,0,0,194.34920660980038,0,0
East,Phone,Fiber,Standard,Existing,1,1,1,1,0,124.92306238148088,0,0
South,Store,DSL,Standard,Existing,1,1,0,1,0,158.84516396396373,0,0
East,Store,Fiber,Basic,Existing,1,1,1,1,0,113.33002977152336,1,0
South,Online,DSL,Basic,Existing,1,0,1,1,0,75.12787418307155,0,0
West,Online,DSL,Premium,New,1,1,1,1,1,158.24996840363298,0,0
West,Phone,DSL,Premium,Existing,0,1,1,1,0,111.74319371563871,0,0
East,Online,5G,Standard,Existing,1,1,1,1,0,178.58205236960427,2,0
South,Phone,5G,Standard,New,0,1,1,1,1,177.67468712934243,5,0
East,Phone,Fiber,Premium,New,1,1,1,1,1,193.32803200664165,0,0
North,Online,DSL,Basic,Existing,1,1,1,1,0,151.75195353096973,0,0
North,Store,Fiber,Standard,Existing,1,1,1,1,0,118.78243604905633,0,0
North,Store,Fiber,Standard,New,1,1,0,0,0,129.74605782253974,2,1
North,Store,DSL,Basic,Existing,0,1,1,1,0,97.41097544354268,0,0
East,Store,5G,Standard,New,0,0,1,0,0,145.50711426859203,0,1
North,Phone,5G,Basic,New,1,1,1,1,1,54.756228232047164,2,0
South,Store,Fiber,Premium,New,1,1,1,1,1,198.6632377000887,1,0
West,Phone,5G,Premium,Existing,1,1,1,1,0,50.1061255538641,2,0
West,Online,DSL,Premium,New,1,0,1,1,0,136.42034328033142,2,1
North,Online,DSL,Premium,New,0,1,0,1,0,86.5032953430415,0,0
North,Phone,5G,Premium,Existing,0,1,1,1,0,171.5478024163856,1,0
North,Store,5G,Standard,New,1,1,0,1,1,140.78558169124267,1,0
East,Phone,Fiber,Premium,New,1,1,1,1,0,137.18084925525784,1,0
West,Store,5G,Standard,Existing,1,0,0,1,0,159.76889877158004,0,1
North,Store,Fiber,Standard,Existing,1,1,1,1,0,58.89362535266432,0,0
South,Phone,DSL,Basic,Existing,0,0,1,1,0,89.87588280402565,0,1
North,Phone,DSL,Standard,Existing,1,1,1,1,1,120.94205986989776,0,0
West,Store,DSL,Standard,Existing,1,1,1,1,0,91.19505353202823,1,0
North,Phone,5G,Premium,Existing,1,1,1,1,0,57.62503622101761,0,0
West,Store,5G,Premium,Existing,0,1,1,0,1,89.53026063612862,0,1
North,Phone,5G,Basic,Existing,1,1,1,0,1,113.34417386406179,3,1
South,Online,Fiber,Basic,Existing,1,1,1,1,0,63.64666948914472,0,0
North,Store,Fiber,Standard,Existing,1,1,1,1,1,145.892970068206,0,0
South,Online,Fiber,Basic,Existing,1,1,0,1,1,51.62176591482979,1,0
South,Phone,DSL,Premium,Existing,1,1,1,1,0,182.65688328974545,0,0
North,Online,Fiber,Premium,Existing,1,1,0,1,1,98.06061769037561,0,0
South,Phone,5G,Premium,Existing,1,1,1,1,1,97.42669407139715,0,0
East,Store,5G,Standard,New,1,1,1,1,0,73.57312483236988,1,0
North,Phone,DSL,Standard,Existing,1,1,1,1,1,117.1079299761173,0,0
North,Phone,5G,Basic,Existing,1,1,1,1,0,173.14773337121542,0,0
South,Store,5G,Premium,New,1,1,1,1,1,133.8793682032421,1,0
South,Phone,5G,Standard,New,1,1,1,1,0,169.62563849775788,0,0
North,Store,Fiber,Standard,New,1,1,1,1,0,195.00574113740032,1,0
East,Phone,Fiber,Basic,Existing,0,1,1,1,1,140.0441256504688,0,0
South,Store,5G,Premium,New,1,1,1,1,0,66.98499311637332,0,0
South,Online,5G,Premium,Existing,1,1,1,1,0,88.44082576656871,2,0
West,Phone,5G,Basic,Existing,1,1,1,1,0,145.82337199809137,3,0
East,Phone,5G,Basic,New,1,1,1,1,0,165.12208288588988,0,0
East,Phone,Fiber,Basic,New,1,1,0,1,0,144.73007569410396,1,0
North,Store,DSL,Basic,New,0,1,1,0,1,132.63261413551555,0,1
East,Phone,5G,Premium,Existing,1,1,1,1,1,188.31282505554177,0,0
North,Store,Fiber,Premium,New,0,1,1,1,0,119.44709973800332,0,0
West,Phone,5G,Basic,New,0,1,0,1,1,146.66502250897264,1,0
East,Online,DSL,Standard,New,1,0,1,1,0,89.97448376856627,0,0
South,Phone,Fiber,Standard,New,1,1,0,1,0,102.21529288298073,0,0
West,Online,Fiber,Premium,New,1,1,1,1,0,77.5093393502438,0,0
North,Store,DSL,Premium,New,1,0,1,1,1,168.0403609006931,0,0
West,Online,DSL,Basic,New,1,1,1,1,1,71.86301128909929,2,0
North,Phone,Fiber,Standard,New,0,1,1,1,0,77.17761304743347,2,0
West,Phone,DSL,Premium,Existing,0,1,1,1,1,57.14911592659283,0,0
North,Store,5G,Standard,New,1,1,1,1,0,157.53482181187468,0,0
East,Phone,DSL,Basic,Existing,1,1,1,1,0,52.14849120732276,1,0
South,Phone,DSL,Premium,New,1,1,1,1,1,49.5403774480762,1,0
North,Store,Fiber,Premium,Existing,1,1,1,1,1,140.04201647399628,0,0
West,Store,DSL,Standard,Existing,1,1,1,1,0,100.08117900991904,0,0
North,Online,Fiber,Standard,Existing,1,1,1,1,0,188.33213606621504,0,0
North,Store,5G,Premium,New,1,1,1,1,1,180.34104611246966,0,0
North,Phone,DSL,Standard,Existing,1,1,1,0,0,119.48225255052117,0,0
West,Store,DSL,Standard,Existing,1,1,1,1,0,53.12941961742483,1,0
South,Phone,Fiber,Basic,New,1,0,1,1,0,128.05649322557738,1,0
East,Online,Fiber,Standard,New,1,1,1,1,1,199.09525290257406,0,0
South,Store,DSL,Premium,Existing,0,1,1,0,0,145.65974613018466,1,1
North,Phone,Fiber,Basic,New,0,1,1,1,1,167.06257193294172,0,0
West,Store,DSL,Premium,New,1,1,1,1,0,104.5698823945553,1,0
South,Store,5G,Basic,New,1,1,1,1,1,51.90997860314319,0,0
North,Store,DSL,Basic,Existing,1,1,1,0,1,190.36985674170677,0,0
East,Store,5G,Standard,Existing,1,1,0,1,1,92.74567832152167,2,0
East,Online,5G,Standard,New,1,1,1,1,0,64.20263718291028,2,0
East,Phone,Fiber,Premium,Existing,1,1,1,1,1,64.85715243224222,0,0
North,Store,Fiber,Standard,New,0,1,1,1,0,61.77824463713206,1,0
West,Phone,Fiber,Basic,New,1,1,1,1,0,108.73347038016965,2,0
South,Online,Fiber,Standard,New,1,1,1,1,0,177.60641657162114,1,0
East,Phone,DSL,Premium,New,1,1,1,1,0,63.55940356877676,0,0
North,Phone,5G,Basic,New,1,1,1,1,0,160.85950279485144,2,0
North,Online,DSL,Premium,Existing,1,1,1,1,0,51.59511888366225,0,0
South,Store,5G,Standard,New,1,1,0,1,0,59.27983786465397,0,0
East,Phone,5G,Basic,Existing,1,1,1,1,1,58.5975013097206,0,0
North,Phone,5G,Premium,New,1,0,1,1,0,122.62627944906535,0,0
South,Store,DSL,Standard,New,1,1,1,1,0,180.74328829573756,0,0
West,Store,Fiber,Standard,Existing,1,1,1,1,0,159.0638570574883,1,0
West,Phone,DSL,Premium,Existing,1,1,1,1,0,178.23250069711045,1,0
West,Online,5G,Basic,Existing,1,1,1,1,0,178.25970761515916,1,0
East,Store,DSL,Premium,Existing,1,1,0,1,0,58.28243194472769,0,0
South,Store,5G,Standard,New,1,1,1,1,0,128.17828978068542,1,0
South,Online,Fiber,Premium,New,1,1,1,1,1,166.22720737180867,0,0
North,Phone,Fiber,Standard,Existing,1,1,1,1,1,191.93730180209874,0,0
North,Store,DSL,Basic,Existing,1,1,1,1,0,149.46211192270755,0,0
North,Phone,Fiber,Premium,Existing,1,1,1,1,1,177.04466175783386,0,0
South,Phone,5G,Basic,Existing,1,1,1,1,1,99.48555634004705,0,0
North,Phone,5G,Premium,Existing,1,1,1,1,1,152.94441773286715,2,0
South,Online,Fiber,Standard,Existing,1,1,0,1,0,99.26460742420988,0,0
South,Phone,Fiber,Basic,Existing,1,1,1,1,0,71.16758666356974,0,0
West,Phone,Fiber,Standard,Existing,1,1,1,1,1,50.44009387865236,1,0
North,Store,DSL,Premium,New,1,1,1,1,1,181.52423245355754,1,0
West,Store,DSL,Standard,New,0,1,1,1,0,50.32152470452079,3,0
East,Online,5G,Premium,Existing,1,1,1,1,0,199.95223099252476,0,0
East,Online,DSL,Basic,New,1,1,1,1,1,121.7124790638527,0,0
East,Store,DSL,Standard,Existing,0,1,1,1,0,120.61202445072878,1,0
South,Store,5G,Standard,New,1,1,1,1,1,51.7576874154348,1,0
South,Online,5G,Premium,Existing,1,1,0,1,1,51.93692609913667,1,0
South,Phone,Fiber,Premium,New,1,1,1,1,0,154.9009021882665,0,0
North,Online,Fiber,Premium,Existing,0,1,1,1,0,110.85641680665331,0,0
West,Phone,DSL,Basic,New,1,1,1,1,1,68.4162102397225,5,0
South,Store,5G,Standard,New,0,1,1,1,1,72.40308425686108,0,0
West,Store,DSL,Premium,Existing,1,1,0,1,0,77.07593944318297,0,0
West,Store,DSL,Premium,New,1,1,1,1,0,169.66242747820658,0,0
West,Phone,5G,Standard,New,1,1,1,1,1,137.86041595752732,0,0
North,Online,5G,Basic,New,1,1,1,1,0,51.56141840876195,0,0
North,Phone,5G,Standard,New,1,1,0,1,0,150.50201707364187,0,0
East,Online,5G,Premium,Existing,1,1,1,1,0,123.16940293699373,0,0
East,Online,DSL,Standard,Existing,0,1,1,1,1,132.76348909794265,1,0
West,Online,DSL,Premium,Existing,1,1,0,1,0,88.35144261696358,0,0
East,Store,DSL,Premium,New,0,1,1,1,0,42.85688269598186,0,0
West,Online,5G,Standard,Existing,1,1,1,1,1,121.39735404245343,1,0
North,Store,Fiber,Standard,New,1,1,1,1,1,135.22062967818042,1,0
North,Online,DSL,Basic,New,1,1,0,1,0,143.2409294448958,0,0
North,Online,Fiber,Premium,New,1,1,1,1,1,110.74341055428833,0,0
South,Store,Fiber,Premium,Existing,1,0,1,1,1,129.71425390957683,1,0
West,Store,Fiber,Premium,Existing,1,1,1,0,0,127.03599576345681,1,0
North,Phone,5G,Premium,New,1,1,0,1,0,99.13502982759576,1,0
West,Online,5G,Premium,New,1,0,1,1,0,169.2661510332795,0,0
East,Store,DSL,Standard,Existing,0,1,1,1,0,109.3119419054679,0,0
East,Phone,DSL,Premium,New,1,0,1,1,1,77.96652392176121,0,0
North,Phone,5G,Standard,New,1,1,1,0,0,41.431325608498014,0,0
West,Store,5G,Basic,Existing,1,1,1,1,0,85.95705546366227,0,0
North,Online,Fiber,Premium,Existing,1,1,1,1,0,56.55147996205997,2,0
East,Phone,5G,Basic,New,1,1,1,1,0,120.18734015408072,0,0
North,Online,5G,Standard,Existing,1,1,1,1,0,101.03248672490777,1,0
West,Online,5G,Standard,New,1,1,0,1,0,80.16689412174034,0,0
East,Phone,5G,Basic,New,1,1,1,1,0,60.68064375990885,0,0
South,Store,Fiber,Premium,Existing,1,0,0,0,1,168.9064752580589,1,1
East,Online,DSL,Standard,New,1,1,1,1,0,197.57075474523737,2,0
South,Store,Fiber,Standard,Existing,1,1,1,1,0,177.8386633299071,0,0
North,Phone,5G,Standard,Existing,0,1,1,1,0,165.88495464825982,0,0
North,Online,5G,Standard,Existing,1,1,1,1,1,124.99219937423686,1,0
West,Store,DSL,Standard,New,1,1,1,1,0,173.68884721738036,1,0
South,Store,DSL,Standard,Existing,1,1,0,1,0,125.46062730026316,2,0
North,Online,DSL,Basic,New,1,0,1,1,0,91.52360807535402,1,0
South,Store,Fiber,Premium,New,0,1,1,1,0,76.18695954997973,0,0
North,Store,DSL,Premium,Existing,1,0,1,1,0,74.54566654675853,1,0
East,Phone,5G,Premium,New,1,1,1,1,0,112.98346120242115,0,0
North,Phone,5G,Premium,Existing,1,1,1,1,1,142.13740167381184,1,0
West,Store,5G,Basic,Existing,1,1,0,1,1,64.32608291422915,0,0
East,Store,Fiber,Basic,Existing,1,1,1,1,1,41.946089754834865,3,0
West,Online,DSL,Premium,New,1,1,1,1,0,43.64641556669254,2,0
East,Phone,DSL,Standard,Existing,1,1,1,1,1,89.32171544303182,0,0
South,Online,DSL,Premium,Existing,0,1,1,1,1,155.3123575595277,0,0
West,Store,DSL,Standard,Existing,1,1,1,0,0,40.60723670271001,1,0
North,Online,5G,Standard,New,1,1,1,1,0,114.77377012793565,2,0
South,Store,Fiber,Basic,New,0,1,1,1,0,87.5826230163899,0,0
North,Phone,DSL,Standard,Existing,1,1,1,1,0,186.23102919870598,0,0
East,Phone,5G,Basic,Existing,1,1,1,1,1,193.39693305140943,0,0
East,Store,5G,Premium,Existing,1,1,0,1,1,103.79734167939746,0,0
North,Phone,Fiber,Basic,New,0,1,1,1,0,196.3650390266002,0,0
North,Store,DSL,Standard,New,1,1,1,1,0,195.36872470021814,0,0
South,Online,Fiber,Standard,New,0,1,1,1,0,132.17362227646188,2,0
North,Store,DSL,Standard,Existing,1,0,1,1,1,101.66944275550605,0,0
West,Online,Fiber,Premium,New,1,1,1,0,1,56.894239535584546,0,0
West,Store,DSL,Basic,Existing,1,1,0,1,0,128.5738493934653,1,0
North,Phone,DSL,Premium,New,1,1,1,1,0,173.5797810357411,1,0
West,Store,Fiber,Basic,Existing,1,1,1,1,0,103.33902370816638,1,0
North,Store,DSL,Premium,New,1,1,0,1,0,120.84935547422275,1,0
South,Store,Fiber,Premium,New,0,1,1,1,0,103.73451139789098,0,0
West,Phone,Fiber,Standard,New,1,1,1,1,1,152.5785383995787,0,0
West,Store,DSL,Premium,New,1,0,1,1,0,128.13573222628239,3,1
North,Phone,DSL,Premium,Existing,0,1,1,1,0,122.23799073879272,1,0
West,Store,Fiber,Basic,Existing,1,1,0,1,0,74.8354773918081,1,0
East,Online,5G,Premium,Existing,1,1,1,1,0,134.89358638652715,0,0
South,Store,Fiber,Standard,New,1,1,1,1,0,119.15254435194299,1,0
South,Online,5G,Premium,Existing,1,1,1,1,0,152.345739595495,0,0
West,Phone,5G,Basic,New,1,1,1,1,0,141.1677306165458,0,0
West,Phone,Fiber,Basic,New,0,1,1,0,0,87.01593302218014,1,1
East,Store,Fiber,Premium,New,1,0,1,1,1,140.78115709591083,0,0
East,Phone,Fiber,Premium,Existing,1,1,1,1,1,162.24080160148975,1,0
West,Store,5G,Basic,New,1,1,1,1,0,144.17353145427657,0,0
West,Phone,Fiber,Standard,New,1,1,1,1,0,119.95092485654432,0,0
East,Online,Fiber,Premium,New,0,1,1,0,0,145.75573174034696,1,1
North,Phone,DSL,Standard,New,1,1,1,1,0,115.70863189410863,1,0
East,Online,DSL,Standard,Existing,0,1,1,1,1,94.28735039265005,0,0
North,Store,DSL,Premium,Existing,0,1,0,1,0,139.46575197492587,0,0
South,Store,Fiber,Standard,Existing,1,1,1,0,0,43.0441490198611,1,0
South,Store,Fiber,Basic,Existing,1,1,1,1,0,54.85793312194687,0,0
East,Online,Fiber,Standard,Existing,1,1,1,1,0,69.30509311718149,0,0
North,Store,5G,Basic,New,1,1,1,1,0,196.64416687117108,0,0
East,Store,5G,Premium,Existing,1,1,1,1,0,85.8497918049104,1,0
East,Online,DSL,Standard,Existing,0,1,1,1,0,120.0214666265232,2,0
North,Phone,5G,Basic,Existing,1,1,1,1,0,131.1681352827437,2,0
East,Store,5G,Basic,Existing,1,1,1,1,0,42.06666226529311,0,0
South,Phone,5G,Premium,Existing,1,0,1,1,0,52.264898393615375,0,0
West,Phone,DSL,Standard,New,1,1,1,1,0,64.95175391407437,1,0
West,Store,DSL,Basic,Existing,1,1,1,0,0,74.85925527440688,0,0
East,Store,5G,Basic,New,1,1,1,1,0,51.63310905615832,1,0
North,Online,Fiber,Premium,Existing,1,1,1,1,1,144.07789566994848,1,0
North,Online,DSL,Standard,New,1,1,0,1,1,59.13569077161849,0,0
South,Store,5G,Standard,New,1,0,1,1,1,183.20452369597317,1,0
North,Phone,Fiber,Basic,Existing,1,1,1,1,1,120.50888321805712,0,0
North,Online,Fiber,Standard,Existing,1,1,1,1,0,69.91433037674567,0,0
South,Online,DSL,Standard,Existing,1,1,1,1,0,77.02162696107207,0,0
East,Store,Fiber,Standard,New,1,1,1,1,1,143.48285434468704,0,0
West,Store,DSL,Standard,New,1,1,1,1,0,58.06281023882388,0,0
South,Store,5G,Standard,Existing,1,1,1,1,0,47.16538699103447,1,0
East,Store,DSL,Standard,New,1,1,1,1,0,167.91974047136665,1,0
South,Online,Fiber,Standard,Existing,1,1,1,1,0,118.7294789711685,0,0
East,Online,DSL,Basic,New,1,1,1,1,0,175.9907043860818,0,0
South,Online,DSL,Basic,Existing,1,1,1,1,0,192.07052023471357,1,0
East,Phone,5G,Standard,New,1,1,1,1,0,112.68311187403158,0,0
South,Online,Fiber,Standard,Existing,0,1,1,1,0,88.55062510556807,1,0
East,Online,DSL,Premium,New,1,1,1,1,1,99.23905001032914,0,0
South,Store,5G,Basic,New,0,1,0,1,0,182.9164042317996,1,0
West,Online,5G,Premium,Existing,1,1,1,1,1,199.75459789403348,1,0
West,Online,5G,Basic,New,1,1,0,1,1,101.00402562786957,0,0
North,Online,5G,Premium,New,1,1,1,1,1,194.32728888050562,0,0
East,Store,5G,Premium,Existing,1,1,1,1,1,120.86394581683173,0,0
South,Online,DSL,Premium,Existing,1,0,1,1,0,45.86376727902344,1,0
East,Online,DSL,Basic,Existing,0,1,0,1,1,72.41181518934587,0,0
West,Phone,Fiber,Basic,New,1,1,1,1,1,101.95935466046657,0,0
East,Phone,DSL,Standard,New,1,1,1,1,0,96.66034118476725,1,0
South,Phone,Fiber,Basic,Existing,1,1,1,1,0,170.0954200823382,1,0
East,Phone,Fiber,Basic,New,1,1,1,0,0,165.98770211748314,0,0
South,Store,Fiber,Basic,New,0,1,1,0,0,60.20270588817611,3,1
West,Phone,DSL,Basic,New,1,0,1,1,1,49.101495734542375,3,1
West,Online,5G,Standard,Existing,1,1,1,1,0,153.5757404927142,0,0
West,Phone,Fiber,Standard,Existing,0,1,0,1,1,108.09812981082428,0,0
North,Store,5G,Basic,Existing,1,1,1,1,0,67.46939808457515,0,0
West,Phone,Fiber,Premium,Existing,1,1,1,1,0,53.823705857530456,0,0
East,Phone,DSL,Premium,New,1,1,0,1,1,74.25921837610295,0,0
North,Store,Fiber,Basic,Existing,1,1,1,1,0,193.32434550265762,0,0
West,Store,DSL,Standard,Existing,1,1,1,1,0,53.92789179673272,2,0
East,Store,5G,Premium,New,1,1,1,1,1,128.12118307028837,2,0
East,Store,DSL,Standard,Existing,1,1,1,1,1,44.18988223332523,0,0
East,Store,5G,Standard,New,1,1,1,1,0,184.54156220553878,0,0
South,Store,DSL,Premium,New,0,1,1,1,1,121.91569280651865,0,0
North,Online,Fiber,Basic,New,1,1,1,1,0,189.9859553389647,0,0
East,Phone,Fiber,Standard,New,0,1,1,1,0,91.94673923573241,0,0
South,Phone,DSL,Premium,New,1,1,1,1,0,104.8351611737214,1,0
West,Store,5G,Standard,Existing,1,0,1,1,1,159.92959852869373,1,0
East,Store,5G,Premium,New,1,1,1,1,0,190.71040191332025,1,0
South,Online,5G,Basic,Existing,1,1,1,1,0,62.406994173899264,2,0
East,Online,DSL,Basic,Existing,1,1,1,1,1,103.64403904042994,1,0
North,Store,DSL,Basic,New,1,1,1,1,1,195.29369264131964,0,0
North,Online,DSL,Standard,New,1,1,1,1,0,92.13640178014423,0,0
West,Online,DSL,Basic,Existing,1,0,1,1,0,189.9102215503934,1,0
East,Store,5G,Basic,New,1,1,1,1,0,139.22514430687727,0,0
South,Store,5G,Basic,Existing,1,1,0,1,0,116.91777758071937,2,0
West,Store,DSL,Basic,New,1,1,1,1,1,93.11808785957582,1,0
East,Store,DSL,Premium,New,1,1,1,1,0,121.45729523808916,0,0
West,Phone,5G,Premium,New,1,1,1,1,0,144.60713847106186,0,0
South,Phone,5G,Standard,Existing,1,1,1,1,1,153.70122021886127,0,0
West,Store,Fiber,Premium,New,0,1,0,1,1,52.208992008639825,0,0
West,Online,DSL,Premium,New,1,0,1,1,0,142.45338588693625,0,0
West,Store,Fiber,Premium,Existing,1,1,1,1,0,182.78768253607555,2,0
East,Phone,5G,Premium,Existing,1,1,1,1,1,108.30290679123003,0,0
South,Online,5G,Premium,Existing,1,1,0,1,0,80.08025328378999,3,0
North,Phone,DSL,Basic,New,0,1,1,1,0,151.88426535821506,0,0
East,Store,Fiber,Standard,Existing,1,0,1,1,0,58.20427641120457,0,0
North,Phone,5G,Premium,Existing,0,1,1,1,0,189.2410093231277,1,0
North,Phone,Fiber,Premium,Existing,1,1,0,1,0,122.08528606968159,1,0
East,Phone,Fiber,Standard,New,1,1,0,1,0,145.86603340045446,0,0
East,Online,Fiber,Premium,New,1,1,1,1,1,96.39827765695463,0,0
South,Phone,Fiber,Premium,New,1,1,1,1,1,108.81720774112019,0,0
South,Online,Fiber,Standard,Existing,1,1,1,1,0,132.315628081106,2,0
West,Store,DSL,Basic,New,1,0,1,1,1,197.95146064882624,0,0
North,Store,DSL,Basic,New,1,1,1,1,1,152.3785394325128,1,0
South,Phone,Fiber,Standard,Existing,1,1,0,1,0,189.5740070172928,1,0
West,Online,DSL,Basic,New,1,1,0,0,0,192.85130600323566,0,1
South,Store,5G,Basic,New,1,0,1,1,1,164.9485131960588,0,0
East,Online,Fiber,Basic,Existing,1,1,1,1,0,46.58636615483766,1,0
South,Online,DSL,Basic,Existing,1,1,1,1,0,83.25169317355491,3,0
North,Phone,DSL,Premium,Existing,0,1,1,1,0,169.08431570995572,0,0
South,Phone,5G,Standard,Existing,1,0,1,1,1,42.18549256201365,2,1
North,Online,5G,Basic,Existing,1,1,1,1,0,117.67846377004473,0,0
East,Online,5G,Basic,Existing,1,1,1,1,1,162.60133548812772,1,0
North,Phone,5G,Standard,Existing,0,1,1,1,0,188.94912221454126,0,0
South,Online,Fiber,Premium,Existing,1,0,1,0,0,110.5673596711519,0,1
West,Phone,DSL,Basic,New,1,1,1,1,1,172.67645768218446,2,0
East,Online,DSL,Basic,New,1,1,1,1,0,113.04442370043553,0,0
South,Phone,5G,Premium,New,1,1,1,1,1,62.81272676986204,1,0
East,Online,DSL,Standard,New,1,1,1,1,0,113.11138497665698,0,0
East,Phone,DSL,Basic,New,1,1,1,1,0,110.69367654487336,0,0
South,Online,DSL,Basic,Existing,0,0,1,1,0,123.9465360626711,0,1
South,Store,5G,Standard,Existing,1,1,1,1,1,188.87904740491155,1,0
West,Store,DSL,Premium,Existing,1,1,1,1,1,138.90950263827872,0,0
East,Online,DSL,Standard,New,1,1,0,1,1,54.3986115619213,0,0
East,Store,DSL,Basic,New,1,1,1,1,0,108.91676922580695,0,0
South,Online,Fiber,Premium,Existing,0,1,1,1,0,112.91894465912775,0,0
North,Online,Fiber,Premium,Existing,1,1,1,1,1,172.16413187853618,1,0
South,Store,DSL,Premium,New,1,1,0,0,0,122.7343426455808,0,1
East,Online,DSL,Standard,New,0,1,1,1,0,109.17226786274752,1,0
South,Phone,DSL,Standard,Existing,1,1,1,1,1,61.50787837122749,1,0
West,Online,DSL,Standard,New,1,1,1,1,1,164.7776579146228,0,0
North,Online,DSL,Basic,New,1,1,1,1,1,163.4423693397173,1,0
South,Store,DSL,Standard,Existing,1,1,1,1,1,72.05701885682686,1,0
West,Phone,Fiber,Premium,Existing,1,1,1,1,0,145.71676283335626,0,0
East,Online,5G,Basic,New,1,1,0,1,1,53.41501746632307,1,0
South,Online,DSL,Basic,Existing,1,0,0,1,0,132.4643858244553,0,1
East,Online,DSL,Basic,Existing,1,1,1,1,1,126.8669395690425,2,0
West,Online,DSL,Premium,New,1,1,1,1,0,59.99781731526794,1,0
East,Online,5G,Standard,New,1,1,1,1,0,146.02154489289387,0,0
West,Online,DSL,Premium,Existing,1,1,0,1,1,53.90069564071189,0,0
West,Phone,DSL,Standard,New,1,1,1,1,0,170.09263371118035,2,0
West,Phone,5G,Basic,Existing,1,0,0,1,0,64.31189852140471,1,1
South,Online,DSL,Basic,Existing,0,1,1,1,0,108.24881638751434,1,0
East,Online,5G,Premium,New,0,1,0,1,0,176.14095573332213,0,0
East,Store,5G,Standard,Existing,1,0,1,1,1,50.356077419757796,0,0
North,Phone,DSL,Basic,New,1,1,1,1,0,168.1701003735133,0,0
North,Phone,Fiber,Premium,New,1,1,1,1,0,159.57436675662905,1,0
North,Online,Fiber,Premium,New,1,1,1,1,0,86.67999019567554,2,0
North,Phone,DSL,Standard,New,1,1,1,1,0,183.30732941479837,1,0
East,Phone,5G,Standard,Existing,1,1,1,1,0,186.38573297319692,0,0
West,Store,5G,Standard,Existing,0,1,1,1,0,157.052918748526,0,0
West,Store,5G,Basic,Existing,0,1,1,1,1,172.31314651104955,1,0
South,Phone,DSL,Premium,New,1,0,1,1,1,63.20126179505712,0,0
West,Phone,Fiber,Standard,Existing,1,1,1,1,0,110.75986967707875,1,0
East,Phone,5G,Premium,Existing,1,1,0,1,1,195.18170818779825,1,0
East,Online,5G,Basic,New,1,0,1,1,1,55.316919733548616,1,0
East,Store,DSL,Basic,New,1,1,1,1,0,106.5703676704911,0,0
South,Online,Fiber,Standard,Existing,1,1,1,0,1,193.92502389882,0,0
North,Store,Fiber,Basic,Existing,1,1,1,1,0,133.76685997429908,2,0
West,Store,DSL,Premium,New,1,1,0,1,1,44.61870174897315,1,0
East,Store,Fiber,Premium,New,1,1,1,1,0,176.3535647404541,0,0
East,Phone,DSL,Basic,New,0,1,1,1,1,91.65916826398087,0,0
North,Store,5G,Basic,Existing,1,1,1,0,0,45.75077292579518,0,0
East,Online,DSL,Basic,Existing,1,1,1,1,0,172.94973931880156,0,0
West,Store,5G,Premium,New,1,1,1,1,0,159.30220626026636,1,0
South,Online,DSL,Basic,New,1,1,0,1,0,124.96412857830583,0,0
East,Store,5G,Standard,Existing,1,1,1,1,1,98.096730500149,3,0
West,Store,5G,Standard,New,1,1,1,1,1,161.35862005122652,0,0
East,Phone,DSL,Premium,New,1,1,0,1,1,135.68176284636445,0,0
North,Online,5G,Basic,New,1,1,1,1,0,77.67696407286837,2,0
East,Store,Fiber,Basic,Existing,1,1,0,1,1,180.74717032879508,0,0
East,Store,DSL,Basic,Existing,0,1,0,1,0,125.4452320638002,1,0
South,Online,Fiber,Standard,New,1,1,0,1,0,177.28891599357374,0,0
North,Store,5G,Standard,Existing,1,1,1,1,0,53.23926072689826,2,0
North,Phone,5G,Standard,New,1,0,1,1,0,76.6891640817301,1,0
South,Online,5G,Standard,Existing,1,1,1,1,1,90.22317415587992,1,0
East,Phone,DSL,Standard,Existing,1,1,1,1,0,175.27756776914737,2,0
West,Online,5G,Premium,New,1,1,1,1,1,179.51931788559997,1,0
North,Online,Fiber,Premium,New,1,1,1,1,0,163.3809438135802,0,0
North,Online,Fiber,Basic,Existing,0,1,1,1,1,133.2051049762124,0,0
East,Store,DSL,Basic,Existing,1,1,1,1,1,112.8626414382201,0,0
East,Online,Fiber,Standard,New,1,1,1,1,0,55.14796233469552,0,0
North,Online,DSL,Basic,New,1,1,1,1,0,144.88305780424017,0,0
East,Online,DSL,Premium,New,1,1,1,1,1,173.65335002776962,2,0
West,Phone,5G,Premium,New,1,1,1,1,0,177.4560287947704,0,0
North,Online,Fiber,Basic,New,1,1,1,1,0,78.56470556425153,0,0
West,Store,Fiber,Standard,Existing,1,1,1,1,0,133.91270111032912,1,0
West,Online,Fiber,Premium,New,1,1,1,1,1,190.96187010397696,0,0
East,Online,5G,Basic,New,1,1,1,1,1,176.58706119463716,3,0
West,Phone,DSL,Standard,New,1,1,1,1,0,65.16779451271306,1,0
East,Store,Fiber,Basic,Existing,1,1,1,1,0,102.74878233350714,2,0
South,Store,Fiber,Standard,Existing,1,1,1,1,0,55.674494668980756,1,0
East,Store,Fiber,Standard,Existing,1,0,1,1,0,173.29915119786773,1,0
West,Online,Fiber,Premium,New,1,1,1,1,0,137.08465460311473,0,0
South,Online,5G,Premium,New,1,0,1,1,0,152.072642673232,0,0
East,Store,DSL,Basic,Existing,1,1,1,1,0,66.34365211649269,1,0
West,Store,Fiber,Basic,Existing,1,0,1,1,1,156.137627516512,0,0
North,Phone,Fiber,Standard,New,0,1,1,1,1,76.05812964368593,0,0
North,Store,DSL,Premium,Existing,1,1,0,1,1,195.66953302708444,0,0
East,Online,5G,Standard,Existing,1,1,0,0,1,180.01246330505833,2,1
East,Online,5G,Standard,New,1,1,1,1,1,42.56247671882362,0,0
North,Online,5G,Standard,Existing,1,1,1,1,1,147.76658177944142,1,0
West,Phone,5G,Standard,New,1,1,1,1,0,93.92051561388128,1,0
West,Store,Fiber,Standard,Existing,1,1,1,1,0,149.54384692502094,0,0
West,Online,DSL,Standard,Existing,1,1,1,1,0,68.26629981329242,2,0
East,Phone,DSL,Basic,New,1,1,1,1,1,83.68839716760819,0,0
South,Phone,DSL,Premium,Existing,1,1,0,1,0,47.407152797035806,2,0
South,Online,5G,Premium,New,1,1,1,1,1,98.97097481857762,3,0
South,Phone,5G,Standard,Existing,1,1,1,1,0,136.52589409643213,1,0
South,Phone,DSL,Standard,Existing,1,1,1,1,0,178.8241348090062,0,0
South,Online,Fiber,Standard,New,1,1,1,1,0,73.75636860821274,3,0
East,Phone,5G,Premium,New,1,1,1,1,0,180.53164705803027,2,0
East,Online,Fiber,Premium,Existing,1,1,1,1,1,168.50384735874573,0,0
South,Online,DSL,Standard,New,1,1,1,1,0,143.68761969899393,1,0
East,Phone,5G,Premium,New,1,1,1,1,0,177.75470306323908,0,0
East,Online,Fiber,Standard,New,1,1,1,1,1,92.16298739154078,1,0
South,Online,5G,Standard,New,1,1,1,1,1,190.68576519196307,2,0
West,Store,DSL,Standard,Existing,1,1,1,1,0,68.68513381810905,0,0
East,Online,DSL,Basic,Existing,1,1,1,1,0,132.5593688760148,0,0
West,Store,DSL,Premium,New,0,1,1,1,1,114.72144548953658,2,0
East,Store,Fiber,Premium,Existing,1,1,1,1,0,160.05958858423483,1,0
East,Store,5G,Premium,Existing,1,1,1,1,1,95.80140448864485,0,0
South,Store,5G,Standard,Existing,1,1,1,1,0,187.06412392928354,0,0
East,Phone,5G,Basic,Existing,1,1,1,1,0,55.39606968711588,3,0
North,Phone,DSL,Standard,Existing,0,1,1,1,0,138.1266506761939,0,0
North,Online,Fiber,Standard,Existing,0,1,1,1,0,51.852610250277955,0,0
South,Online,DSL,Standard,New,1,1,1,1,0,195.48417470638353,0,0
West,Online,DSL,Basic,Existing,0,1,1,1,1,72.36778329166576,0,0
West,Phone,Fiber,Standard,Existing,1,1,1,1,0,163.6462826214775,1,0
West,Store,DSL,Standard,New,1,1,1,1,0,156.64079371715692,0,0
North,Phone,DSL,Basic,New,0,1,0,1,0,196.16159753109017,1,0
West,Phone,5G,Standard,Existing,1,1,0,1,1,189.42315716059096,0,0
West,Online,Fiber,Standard,Existing,1,1,1,1,0,179.40801119953034,0,0
South,Online,Fiber,Premium,Existing,1,1,1,1,0,142.93772444180155,0,0
West,Online,5G,Basic,Existing,1,1,0,1,0,123.44930591711139,0,0
North,Store,Fiber,Premium,New,1,1,1,1,1,72.3777206955368,1,0
North,Store,5G,Standard,New,1,1,1,1,0,141.38973453006162,0,0
North,Phone,DSL,Basic,New,0,1,1,1,1,154.65705949100888,0,0
South,Store,Fiber,Basic,New,1,1,1,1,1,190.90995840367987,0,0
South,Online,Fiber,Standard,New,1,1,1,1,0,85.15952072528022,2,0
East,Store,DSL,Premium,New,0,1,1,1,0,97.29212514251726,1,0
West,Store,DSL,Standard,Existing,1,1,1,1,1,111.87239561862287,0,0
South,Store,Fiber,Basic,Existing,1,1,0,1,0,150.63157057906784,0,0
North,Store,Fiber,Basic,Existing,1,1,0,1,1,174.70674633667213,0,0
North,Online,Fiber,Standard,New,1,1,0,1,0,81.25171513901319,0,0
South,Online,5G,Standard,Existing,1,1,1,0,1,126.4291969665468,1,0
South,Phone,Fiber,Standard,New,1,1,1,1,1,80.29758467927519,2,0
South,Phone,Fiber,Standard,New,1,1,1,1,0,114.31055968347279,0,0
East,Phone,DSL,Premium,Existing,1,1,1,1,0,189.5040191606106,1,0
North,Store,DSL,Premium,Existing,1,1,1,1,1,181.20622451501953,1,0
East,Store,5G,Premium,Existing,1,1,1,1,1,113.7886289795599,0,0
East,Online,DSL,Premium,Existing,1,1,1,1,0,98.66814789264771,0,0
West,Phone,Fiber,Basic,New,1,1,1,0,0,127.17949785571528,1,0
North,Online,Fiber,Basic,Existing,1,1,1,1,0,157.32815962421176,1,0
North,Phone,5G,Premium,New,1,1,1,1,1,58.71573857911294,1,0
South,Phone,DSL,Standard,New,1,1,0,1,0,76.2728203592993,0,0
South,Phone,DSL,Basic,Existing,1,0,0,1,1,59.239445502474446,2,1
West,Store,DSL,Standard,New,1,1,1,1,0,42.98010561275792,0,0
East,Phone,5G,Premium,Existing,1,1,1,1,0,165.43005040255218,1,0
South,Phone,DSL,Basic,New,1,1,1,1,0,99.97412276939156,1,0
South,Store,DSL,Basic,New,1,1,1,1,0,162.27650457162312,1,0
North,Phone,DSL,Basic,New,1,1,1,1,1,119.40591359257618,2,0
North,Store,Fiber,Basic,Existing,0,1,0,1,0,149.6919221842328,0,0
South,Store,5G,Premium,Existing,0,1,1,1,0,119.66779911670437,0,0
North,Online,Fiber,Basic,Existing,1,0,1,1,0,117.93209582471849,2,1
West,Store,5G,Premium,Existing,1,1,1,1,0,181.85715640745408,0,0
South,Store,DSL,Basic,New,1,1,1,1,0,142.08659870620673,1,0
North,Store,Fiber,Premium,Existing,1,1,1,1,1,57.62945046079744,0,0
West,Phone,DSL,Premium,New,1,1,1,1,0,130.937897172602,2,0
North,Online,DSL,Standard,Existing,0,1,1,1,0,62.41946359556627,0,0
North,Phone,5G,Premium,New,0,1,0,0,0,133.04795726446477,1,1
North,Store,DSL,Standard,New,1,1,1,1,1,145.71545086461168,2,0
South,Store,Fiber,Basic,New,1,1,1,1,1,70.95596448159745,0,0
East,Online,5G,Standard,New,1,0,1,0,1,65.67058264627887,0,1
North,Online,5G,Premium,New,1,1,0,1,1,69.32157368633227,0,0
West,Store,Fiber,Standard,New,1,1,1,1,0,171.72155165564345,1,0
South,Store,DSL,Basic,Existing,1,1,1,1,0,65.29825199890504,0,0
South,Phone,DSL,Standard,New,1,0,1,1,0,164.87193687672305,1,0
West,Store,DSL,Premium,Existing,1,1,1,1,0,43.20294808574584,2,0
North,Phone,DSL,Premium,Existing,1,1,1,0,0,171.931907865689,2,1
East,Online,DSL,Basic,Existing,1,1,1,1,0,78.91963022798126,0,0
North,Phone,5G,Basic,New,1,1,1,1,0,70.14303117770172,1,0
West,Store,5G,Standard,New,1,1,1,1,0,140.9329137495923,1,0
South,Phone,Fiber,Basic,New,1,0,1,1,1,179.58058410212635,0,0
East,Phone,DSL,Premium,New,0,1,1,1,0,154.62166807772746,0,0
South,Online,DSL,Standard,New,1,1,1,1,0,129.6949819208455,2,0
West,Phone,DSL,Standard,Existing,1,1,1,1,1,78.34320023323365,0,0
North,Store,Fiber,Standard,New,1,1,1,1,0,105.38994794021578,1,0
East,Phone,DSL,Standard,Existing,1,1,1,1,1,177.228305516564,2,0
South,Phone,5G,Basic,New,1,1,1,1,0,167.7189161807837,0,0
South,Phone,DSL,Standard,New,1,1,1,1,0,75.4948483556191,1,0
South,Store,Fiber,Standard,Existing,0,1,0,1,0,180.31794177018614,0,0
North,Phone,5G,Standard,Existing,1,0,1,1,0,78.36375738674766,0,0
East,Store,5G,Premium,New,1,1,0,1,0,197.25776862882032,0,0
North,Phone,5G,Premium,New,1,1,1,1,1,158.96737976095676,1,0
North,Online,DSL,Basic,Existing,1,1,1,1,1,153.36666590016483,0,0
North,Online,Fiber,Premium,New,0,1,1,1,0,133.37932247333762,0,0
West,Online,Fiber,Premium,New,1,1,1,1,1,176.92534328137447,3,0
West,Store,DSL,Basic,New,1,1,1,1,0,181.3550901224961,0,0
West,Store,Fiber,Basic,New,1,1,1,1,0,80.7289345857251,0,0
East,Store,5G,Standard,New,1,1,1,1,0,166.7170144708339,1,0
North,Phone,5G,Standard,New,1,1,1,1,0,66.45753471086184,0,0
North,Store,Fiber,Basic,Existing,1,1,1,1,1,103.15899087468539,2,0
West,Store,Fiber,Standard,New,1,1,1,1,0,186.38294244665343,1,0
North,Store,DSL,Standard,Existing,1,1,1,1,0,88.75205814017106,0,0
North,Store,DSL,Standard,New,1,1,1,1,0,109.08239914253835,0,0
South,Online,DSL,Basic,Existing,1,1,1,1,1,107.34577222101726,1,0
North,Phone,DSL,Premium,New,1,1,0,1,0,131.29859800175797,0,0
South,Online,DSL,Premium,Existing,1,1,1,1,1,173.4639621910187,0,0
North,Phone,DSL,Basic,Existing,1,1,1,1,0,127.53284469371586,1,0
East,Phone,5G,Basic,New,1,1,0,1,1,190.284282990223,1,0
West,Online,Fiber,Standard,Existing,1,1,1,1,0,179.95725065504746,1,0
South,Store,DSL,Basic,Existing,1,1,0,1,0,138.15124169615075,0,0
West,Online,5G,Basic,New,0,1,1,1,1,109.11288069124566,1,0
South,Phone,Fiber,Basic,New,1,1,1,1,1,91.95970436138394,2,0
South,Phone,Fiber,Basic,Existing,0,1,1,1,0,137.964754705862,0,0
South,Store,Fiber,Standard,New,1,1,1,1,0,169.35481278142188,1,0
East,Online,DSL,Standard,Existing,1,1,1,1,0,120.89090556572508,1,0
North,Phone,DSL,Basic,New,1,1,1,1,1,180.97993052381125,1,0
South,Online,DSL,Basic,Existing,1,1,1,1,0,86.0055431009472,0,0
East,Store,Fiber,Premium,Existing,1,1,1,1,1,177.56118293458562,1,0
South,Store,Fiber,Premium,Existing,1,1,1,1,0,146.21263743331417,0,0
North,Phone,5G,Basic,Existing,0,1,1,1,0,86.66041928098036,0,0
South,Store,5G,Premium,New,1,1,1,1,0,106.28656208466437,1,0
East,Phone,5G,Premium,Existing,1,1,1,1,1,46.13524722366806,1,0
North,Phone,5G,Standard,New,0,1,0,1,1,186.41291285658184,0,0
East,Store,Fiber,Standard,New,1,0,1,1,1,162.9386855650345,1,0
North,Store,DSL,Standard,Existing,0,1,1,1,1,137.55391707529373,2,0
North,Online,DSL,Premium,Existing,1,0,1,1,0,195.39115194133376,0,0
West,Online,DSL,Basic,Existing,1,1,1,1,1,187.50264462219147,0,0
West,Phone,DSL,Standard,Existing,1,1,1,1,0,186.66420484164536,4,0
West,Online,5G,Premium,New,1,1,1,0,0,88.61503857050684,0,0
North,Phone,Fiber,Basic,Existing,1,1,1,1,0,76.28015202593792,0,0
South,Store,DSL,Standard,Existing,1,1,1,1,0,158.989946026936,1,0
East,Store,Fiber,Premium,New,1,1,1,1,0,92.24128062935426,0,0
East,Online,5G,Standard,New,1,0,1,1,1,83.51914106981934,1,0
East,Phone,5G,Premium,Existing,1,1,1,1,1,80.40487945598935,1,0
West,Phone,DSL,Standard,Existing,1,1,0,0,1,51.072360434432,0,1
North,Online,DSL,Premium,Existing,1,1,1,1,0,155.93783279743766,1,0
West,Phone,5G,Basic,Existing,0,1,1,1,0,41.33140125770794,1,0
South,Phone,5G,Standard,Existing,1,1,1,1,0,130.34865508174812,1,0
North,Store,Fiber,Standard,Existing,1,1,1,1,0,82.66853431857515,1,0
East,Phone,5G,Premium,Existing,1,0,1,1,1,146.853449461083,0,0
West,Phone,Fiber,Basic,Existing,1,1,0,1,0,191.22800138990078,3,0
West,Phone,5G,Basic,Existing,1,0,1,1,0,150.57511167199098,0,0
South,Online,Fiber,Standard,Existing,1,1,1,1,0,100.53687564172145,0,0
South,Online,5G,Premium,New,1,1,1,1,1,68.50743429030013,0,0
West,Online,5G,Standard,New,1,1,1,1,0,94.24075894245176,0,0
South,Phone,Fiber,Premium,Existing,1,1,0,1,1,113.41085707795862,1,0
East,Phone,Fiber,Basic,Existing,1,0,0,1,0,180.94799337397507,0,1
South,Online,DSL,Standard,Existing,1,1,0,1,1,196.33023314259506,1,0
South,Online,DSL,Premium,Existing,1,1,1,1,1,188.38331529809818,0,0
West,Phone,5G,Basic,Existing,1,1,1,1,0,120.1030910524548,0,0
West,Phone,5G,Premium,New,1,1,1,1,1,115.46940663939317,1,0
North,Store,Fiber,Standard,Existing,1,1,1,1,0,83.48637704023893,2,0
North,Online,5G,Premium,New,1,1,0,1,0,100.81371017985303,1,0
West,Phone,DSL,Standard,Existing,1,1,1,1,0,186.7774877716274,0,0
South,Online,Fiber,Basic,Existing,1,1,1,1,1,177.84855498705656,2,0
South,Online,5G,Premium,Existing,1,1,1,1,0,63.52753243658082,1,0
North,Online,Fiber,Basic,Existing,1,1,1,1,1,96.74465442940843,0,0
North,Store,DSL,Basic,Existing,1,1,1,1,1,132.91495585286867,0,0
North,Phone,DSL,Standard,Existing,1,1,0,1,0,57.862362914771914,1,0
East,Phone,DSL,Standard,Existing,1,1,1,1,1,96.29890128169876,0,0
East,Online,5G,Basic,Existing,1,1,1,1,1,133.57015239317025,1,0
North,Phone,5G,Standard,New,1,1,1,1,0,112.26471388859812,2,0
South,Store,5G,Basic,Existing,1,1,1,1,1,178.25442739564642,0,0
North,Online,5G,Standard,Existing,1,1,0,1,1,135.09364225696348,2,0
East,Store,5G,Standard,Existing,1,1,1,1,1,147.38647083709736,1,0
South,Store,5G,Premium,Existing,0,1,1,1,0,124.39256977265956,1,0
East,Phone,DSL,Premium,Existing,1,1,1,1,0,89.39517058175169,0,0
South,Phone,DSL,Standard,New,1,1,1,1,0,134.96223912304822,2,0
East,Store,5G,Basic,Existing,1,1,1,1,0,199.6735958455273,0,0
South,Phone,DSL,Basic,New,1,1,1,1,1,72.10423251761249,0,0
South,Store,Fiber,Basic,New,1,1,0,1,0,155.7983905784231,0,0
South,Store,5G,Standard,Existing,1,1,1,1,1,153.92620215944135,0,0
South,Online,Fiber,Standard,New,1,1,1,1,1,164.84932567001948,1,0
West,Store,5G,Basic,Existing,1,0,1,1,1,110.00693660681671,0,0
East,Store,5G,Premium,New,1,1,0,1,0,41.71698858420555,2,0
East,Phone,DSL,Premium,Existing,1,1,0,1,0,184.66004310676135,1,0
West,Online,Fiber,Basic,New,1,1,1,1,0,81.26595561354719,0,0
South,Phone,DSL,Standard,Existing,1,1,1,1,0,104.15949999447234,2,0
South,Online,5G,Standard,New,1,1,1,1,1,172.88533594359987,0,0
East,Phone,Fiber,Basic,New,1,1,1,1,0,179.51129188069712,1,0
West,Store,5G,Premium,Existing,1,1,1,1,0,150.0575932015982,0,0
South,Online,DSL,Basic,New,1,1,1,1,0,110.35554844267297,0,0
South,Online,5G,Basic,New,1,1,1,1,0,143.1439934214015,1,0
South,Online,5G,Basic,New,1,1,1,1,1,109.06050643516743,1,0
North,Online,DSL,Premium,New,1,1,1,1,1,72.83447876107486,1,0
West,Phone,5G,Basic,Existing,1,1,1,1,1,94.0780262225819,0,0
South,Phone,Fiber,Premium,New,1,1,1,1,0,136.67072221470474,1,0
North,Online,DSL,Standard,Existing,0,1,1,0,1,53.72073372858502,1,1
West,Online,5G,Premium,Existing,1,1,1,1,0,43.39662755150981,0,0
South,Online,DSL,Premium,New,1,1,1,1,1,40.75462288433663,1,0
East,Phone,5G,Basic,New,1,1,1,1,0,57.94527339917417,1,0
North,Online,DSL,Standard,Existing,1,1,1,1,1,61.939505191155334,2,0
North,Online,DSL,Basic,Existing,1,0,1,1,0,148.16074795117575,0,0
South,Online,Fiber,Premium,Existing,1,1,1,1,0,104.74844434719421,1,0
South,Phone,DSL,Premium,New,1,1,1,1,0,47.14903822787864,1,0
North,Store,Fiber,Basic,New,1,1,0,1,0,70.19873311860087,1,0
East,Store,DSL,Standard,New,1,1,1,1,1,121.95091401430079,0,0
East,Phone,DSL,Premium,Existing,1,1,1,1,0,139.38954755308583,1,0
West,Store,5G,Premium,New,1,1,1,1,0,197.7078844103168,0,0
South,Online,5G,Premium,Existing,0,1,0,1,1,123.00906580733687,1,0
East,Online,5G,Standard,Existing,1,1,1,1,1,59.0350347833078,1,0
West,Phone,DSL,Basic,Existing,1,1,1,1,1,143.61242795690515,0,0
East,Phone,DSL,Standard,Existing,1,1,0,1,0,137.00610062841616,0,0
South,Store,Fiber,Standard,Existing,1,1,1,1,0,94.85617794632427,1,0
West,Store,Fiber,Premium,New,1,1,1,1,0,145.4027200945378,0,0
West,Online,Fiber,Standard,Existing,1,1,1,1,0,188.76453458442444,0,0
West,Phone,5G,Premium,New,0,1,0,1,1,43.192469639155,2,1
East,Store,5G,Standard,Existing,1,1,1,1,1,73.06154321237143,0,0
South,Store,Fiber,Standard,New,1,1,1,1,0,58.94647631671917,1,0
West,Online,DSL,Basic,New,1,1,1,1,0,152.8510449655937,0,0
North,Online,5G,Standard,Existing,1,1,0,1,1,145.78168047631897,0,0
South,Online,5G,Basic,New,1,1,1,1,0,54.98899817652999,0,0
North,Online,Fiber,Premium,New,0,0,0,1,0,61.67723790940444,0,1
North,Store,5G,Premium,Existing,1,1,0,1,0,176.34679642193657,1,0
West,Phone,Fiber,Basic,Existing,1,1,1,1,1,134.80125402050328,0,0
West,Phone,5G,Premium,Existing,1,1,0,1,0,121.65538759995027,1,0
East,Online,DSL,Premium,New,0,1,1,1,1,124.20306363622416,0,0
East,Online,DSL,Standard,New,0,1,1,1,0,66.45146951063472,2,0
East,Store,5G,Basic,New,1,1,1,1,1,103.65887151896663,2,0
South,Online,Fiber,Premium,Existing,1,1,1,1,0,133.17700245392427,0,0
East,Phone,5G,Basic,New,1,1,0,1,0,118.54335634355027,1,0
North,Online,Fiber,Standard,Existing,0,1,1,1,0,108.55940323003615,0,0
East,Phone,5G,Premium,Existing,1,1,1,1,1,85.62924821175648,0,0
West,Online,DSL,Premium,New,1,1,0,1,1,99.01010151402747,1,0
East,Online,DSL,Basic,New,1,1,1,1,1,148.29876974827985,0,0
South,Phone,5G,Premium,Existing,1,1,1,1,1,195.6255008758802,0,0
South,Store,5G,Basic,Existing,1,1,1,0,1,183.3721878321412,1,0
North,Store,5G,Premium,New,1,0,1,1,0,167.79471091108203,3,1
South,Online,DSL,Standard,Existing,1,0,1,0,1,154.1616031163473,0,1
East,Online,DSL,Standard,Existing,0,0,1,1,1,110.96579091595613,0,1
West,Phone,Fiber,Basic,New,1,0,1,1,1,103.05311107010068,1,0
South,Phone,5G,Premium,Existing,0,1,1,1,0,145.35748610159533,0,0
North,Online,5G,Premium,New,1,1,1,1,1,69.53841110171263,1,0
East,Phone,DSL,Basic,New,1,1,1,1,0,188.94424822344882,0,0
North,Store,5G,Standard,New,1,1,1,0,0,58.86726326768773,2,1
South,Store,Fiber,Standard,Existing,0,1,1,1,0,58.390958772229396,1,0
South,Phone,5G,Standard,New,1,1,1,1,1,69.25727617003177,0,0
North,Phone,DSL,Basic,New,1,0,1,1,0,51.22907419016148,0,0
East,Phone,5G,Standard,New,1,1,1,1,0,48.49747958171909,1,0
South,Store,DSL,Basic,New,1,1,1,1,1,64.3877531670246,0,0
West,Online,Fiber,Standard,New,1,1,1,0,1,92.40394321548207,0,0
South,Phone,Fiber,Standard,New,1,1,1,1,0,130.96799384986798,0,0
East,Phone,5G,Basic,Existing,1,1,1,1,1,126.41729973576022,0,0
South,Phone,5G,Premium,Existing,1,1,1,1,1,51.85570225240223,0,0
North,Online,DSL,Premium,Existing,1,1,0,1,0,151.80918041893628,3,0
South,Phone,Fiber,Premium,Existing,1,1,1,1,0,86.86223863264246,2,0
South,Phone,Fiber,Standard,New,1,1,1,1,0,106.07882160245998,1,0
East,Store,Fiber,Standard,Existing,1,1,0,1,1,98.78496060067414,1,0
North,Phone,Fiber,Premium,Existing,1,0,1,1,0,119.25127157672806,1,0
East,Store,5G,Standard,Existing,1,1,1,1,1,45.249292773416116,1,0
South,Online,5G,Standard,New,1,1,1,1,0,70.93859630014096,1,0
West,Phone,DSL,Premium,New,1,1,1,1,0,64.59991256840743,3,0
South,Phone,Fiber,Basic,New,1,1,1,1,0,168.4657494832109,2,0
East,Store,5G,Premium,Existing,1,1,1,1,1,128.87182557602563,0,0
West,Online,5G,Premium,New,1,0,1,1,0,161.7038412292752,0,0
East,Online,Fiber,Basic,New,1,1,1,1,1,153.0148665378416,1,0
East,Store,5G,Standard,New,1,1,1,1,1,82.8147801041766,1,0
North,Online,DSL,Premium,Existing,1,1,1,1,0,121.67863529037604,0,0
West,Online,DSL,Premium,New,1,1,1,1,1,63.2059436468885,1,0
South,Online,Fiber,Standard,Existing,1,1,1,1,1,164.95956283902865,0,0
East,Online,DSL,Standard,Existing,0,1,1,1,1,72.77167572767489,0,0
South,Online,5G,Basic,New,1,1,1,1,1,197.56806305938164,0,0
North,Online,DSL,Standard,New,1,1,0,1,0,195.6707073353628,0,0
North,Online,5G,Premium,New,1,1,1,1,0,66.51900057642342,0,0
West,Online,Fiber,Standard,New,1,1,1,1,1,41.15843530425405,1,0
North,Phone,Fiber,Standard,Existing,0,1,0,1,0,58.727571442760066,0,0
North,Store,5G,Basic,Existing,1,1,1,0,1,105.39026376855776,1,0
South,Online,5G,Basic,Existing,1,1,1,1,0,164.7588191734216,1,0
North,Store,DSL,Premium,Existing,1,0,1,1,1,175.3565108600668,1,0
North,Online,5G,Premium,New,1,1,1,1,0,117.1983813460116,2,0
East,Online,Fiber,Standard,Existing,1,1,0,1,1,179.54271659762105,1,0
North,Phone,5G,Premium,Existing,1,1,1,1,0,181.49415817766518,0,0
East,Store,DSL,Premium,New,1,1,1,1,0,136.56308500130564,0,0
North,Store,DSL,Standard,Existing,0,1,1,1,1,94.84971278035367,3,0
North,Phone,5G,Standard,New,1,1,1,1,1,159.1771042072887,1,0
West,Phone,DSL,Standard,New,1,1,1,1,1,147.25890152934358,0,0
West,Store,DSL,Basic,New,1,0,0,1,0,114.86029444120886,0,1
East,Online,Fiber,Basic,Existing,0,1,1,1,0,163.2071732007856,0,0
North,Online,5G,Standard,New,0,1,1,1,1,170.94367207315054,2,0
South,Store,Fiber,Basic,New,1,1,1,1,0,143.97386260539477,1,0
West,Online,Fiber,Basic,New,0,1,1,1,0,42.49885061269252,2,0
South,Phone,DSL,Basic,Existing,1,1,1,1,1,114.51374391328308,1,0
West,Phone,Fiber,Premium,Existing,0,1,1,1,0,109.86144283274,2,0
West,Phone,5G,Standard,New,0,1,1,1,0,183.01742890882565,1,0
North,Store,5G,Standard,Existing,1,0,1,1,0,121.64972833031676,0,0
West,Store,5G,Premium,Existing,1,1,1,0,1,99.9761623507525,0,0
South,Store,Fiber,Basic,Existing,1,0,1,1,1,90.0533762606861,0,0
West,Online,5G,Standard,Existing,1,1,1,1,0,135.44608886651838,1,0
East,Store,5G,Basic,Existing,1,1,1,1,0,51.39652485932827,0,0
North,Store,Fiber,Premium,New,1,1,1,1,0,180.09125210830203,1,0
North,Phone,Fiber,Basic,Existing,1,1,1,1,0,139.2532603295769,2,0
East,Online,Fiber,Premium,Existing,1,1,1,1,0,78.74801472773436,1,0
East,Online,Fiber,Premium,Existing,0,1,1,1,0,85.6791618507007,0,0
East,Phone,DSL,Basic,Existing,1,1,0,1,1,184.55259586231566,0,0
West,Online,Fiber,Basic,New,1,1,1,1,0,45.26990582654285,0,0
North,Store,Fiber,Standard,New,0,0,0,1,0,88.43233009791729,0,1
East,Online,5G,Premium,Existing,1,1,1,0,0,87.00529522268958,1,0
West,Phone,5G,Basic,New,1,1,1,1,0,159.32193329905962,0,0
East,Online,Fiber,Basic,Existing,0,1,1,1,0,72.5464143016327,1,0
South,Phone,Fiber,Standard,Existing,1,1,1,1,0,50.522098184195876,0,0
South,Store,Fiber,Standard,New,1,0,0,1,1,102.26721849561133,0,1
North,Store,5G,Standard,New,1,0,1,1,0,155.00482426934093,1,0
West,Phone,5G,Premium,Existing,0,1,1,1,1,49.51542581572813,0,0
South,Store,Fiber,Standard,Existing,1,0,1,1,0,67.46896292830104,1,0
South,Store,5G,Premium,New,1,1,1,1,0,141.1650725162055,1,0
West,Online,5G,Standard,Existing,1,1,1,1,1,153.0710839942733,1,0
East,Store,Fiber,Premium,Existing,1,1,0,1,1,40.346880975256774,1,0
West,Phone,5G,Standard,New,1,1,1,1,0,189.83615688547889,3,0
East,Store,Fiber,Premium,New,1,1,1,1,0,100.69796406754006,0,0
South,Online,DSL,Standard,New,0,1,1,1,0,97.85900356318463,1,0
South,Phone,DSL,Standard,Existing,1,1,1,1,1,174.14950516102277,0,0
South,Store,DSL,Basic,Existing,1,0,1,1,0,57.52968120463475,1,0
North,Store,5G,Premium,New,0,1,1,1,1,77.16883469909904,1,0
North,Store,DSL,Basic,New,1,1,1,1,0,176.6323374252534,1,0
North,Phone,5G,Premium,Existing,1,1,1,1,0,130.1563322413904,0,0
West,Online,Fiber,Basic,Existing,1,1,1,1,1,138.44032461024307,0,0
South,Phone,DSL,Standard,Existing,1,1,1,0,1,88.88481186655396,1,0
South,Phone,5G,Basic,New,1,1,1,1,0,125.4827214853539,2,0
West,Online,DSL,Standard,New,1,1,1,1,0,174.37347440013772,1,0
North,Phone,5G,Premium,Existing,1,1,1,1,1,197.17180387953493,0,0
West,Phone,5G,Standard,Existing,1,1,0,1,0,102.13433306987427,2,0
North,Store,Fiber,Basic,Existing,0,1,1,1,0,65.66083877960858,1,0
South,Phone,5G,Premium,Existing,1,1,1,0,0,97.82624724139109,1,0
East,Store,5G,Basic,New,1,1,1,1,0,95.46382769522621,0,0
North,Phone,DSL,Standard,New,1,1,1,1,0,96.73894968348934,0,0
South,Store,Fiber,Standard,New,1,1,1,1,0,80.7076434714915,0,0
South,Store,5G,Basic,New,1,1,0,1,1,127.3712736670607,1,0
East,Store,DSL,Premium,New,1,0,1,1,1,195.0581563817944,0,0
South,Online,Fiber,Basic,Existing,0,1,1,1,1,48.485156034202404,0,0
South,Phone,5G,Standard,New,1,1,1,1,0,131.58820841506542,1,0
North,Phone,DSL,Premium,New,1,1,0,1,0,192.92821333187715,1,0
North,Phone,Fiber,Basic,New,1,1,1,1,0,107.38472969612273,1,0
East,Online,Fiber,Standard,Existing,1,1,1,1,0,127.26298401909372,3,0
East,Store,Fiber,Premium,Existing,1,1,0,0,1,57.3979274305558,1,1
South,Phone,Fiber,Basic,New,1,1,1,1,1,135.00339949623128,1,0
North,Online,5G,Premium,New,0,1,0,1,1,101.87262620046808,2,1
East,Online,5G,Standard,New,1,1,1,1,0,156.34088871292838,0,0
East,Phone,Fiber,Basic,New,0,1,1,1,0,120.00116271105856,1,0
West,Store,Fiber,Basic,Existing,1,1,0,1,0,57.162573404145434,2,0
East,Online,5G,Standard,New,1,1,1,1,0,65.32034621825146,0,0
South,Phone,DSL,Standard,New,1,0,1,1,0,181.3033270949495,0,0
North,Store,Fiber,Standard,New,1,1,1,1,0,135.76214128435166,1,0
East,Online,5G,Basic,New,1,1,1,1,1,51.22338802484716,0,0
West,Online,5G,Standard,Existing,0,1,1,1,0,88.8851254109663,0,0
North,Phone,DSL,Basic,New,1,0,1,1,1,161.12103244602247,0,0
East,Phone,5G,Basic,New,1,1,1,0,1,132.74232825572852,1,0
West,Store,Fiber,Premium,New,1,1,1,1,0,180.57624764633113,1,0
East,Phone,5G,Standard,New,1,1,1,1,0,85.91682959096077,1,0
North,Phone,Fiber,Standard,New,1,1,1,1,0,179.64928587017457,1,0
North,Store,5G,Premium,Existing,1,0,1,1,0,107.91709075384495,1,0
North,Phone,Fiber,Basic,Existing,1,0,1,1,0,195.29783947235475,0,0
South,Store,Fiber,Basic,New,1,0,1,0,0,175.6046360186299,0,1
East,Store,5G,Basic,Existing,0,1,0,1,0,187.47410728428594,0,0
South,Store,Fiber,Standard,New,1,0,1,1,0,173.73295220932337,2,1
North,Phone,5G,Basic,New,0,1,1,1,0,159.05924793728872,1,0
West,Store,5G,Premium,New,1,1,1,1,0,167.77266913810294,1,0
East,Phone,5G,Basic,New,1,1,1,1,1,129.2967142891177,0,0
South,Store,Fiber,Standard,New,1,1,1,1,0,102.64080066562117,1,0
East,Phone,5G,Standard,New,1,1,1,1,0,105.03457460127271,1,0
West,Store,DSL,Basic,Existing,1,1,1,1,1,108.56695267280767,1,0
South,Online,Fiber,Basic,New,1,1,1,1,1,120.78673518654037,1,0
North,Online,DSL,Standard,Existing,1,1,1,1,0,148.42907796185983,0,0
South,Online,DSL,Basic,Existing,1,1,1,0,0,98.5827141368678,1,0
East,Store,DSL,Premium,Existing,1,1,1,1,0,149.06902934826124,0,0
East,Phone,DSL,Standard,New,1,1,1,1,0,93.8188075076627,1,0
East,Store,5G,Basic,New,1,1,1,1,0,131.54816791174122,0,0
East,Store,DSL,Basic,New,1,1,1,1,0,145.44091977497652,1,0
North,Store,Fiber,Basic,New,1,1,1,1,0,102.70928317109765,0,0
South,Store,DSL,Premium,New,1,1,1,1,0,127.02979448880603,0,0
North,Phone,DSL,Standard,Existing,1,1,1,1,1,42.612357772548336,1,0
North,Store,DSL,Premium,Existing,1,0,1,0,0,116.16063950870031,0,1
North,Online,5G,Basic,New,1,1,1,1,1,171.40887897389428,1,0
East,Online,DSL,Premium,Existing,1,1,1,1,1,87.83063761609219,0,0
East,Online,DSL,Basic,Existing,1,1,1,1,0,82.52108111599401,2,0
East,Store,DSL,Basic,New,1,1,1,1,0,163.58604263064564,0,0
South,Phone,Fiber,Standard,New,0,0,0,1,1,91.3157655828602,0,1
West,Phone,5G,Standard,New,1,0,1,1,1,102.24694118403241,1,0
East,Phone,5G,Basic,Existing,1,1,1,1,0,171.4075502453943,2,0
South,Store,5G,Basic,Existing,1,1,1,1,1,50.28550729162852,0,0
East,Phone,Fiber,Basic,Existing,0,0,1,1,0,189.57181774664517,3,1
East,Online,DSL,Standard,Existing,1,1,0,1,1,71.5986879735671,1,0
North,Phone,Fiber,Standard,Existing,1,1,0,1,0,74.57433286735807,1,0
North,Store,5G,Basic,Existing,1,1,1,1,1,163.79780119131362,1,0
North,Store,5G,Standard,Existing,1,0,1,1,1,59.42645643112448,1,0
South,Phone,5G,Basic,New,1,1,1,1,0,62.52817222209085,0,0
West,Store,Fiber,Premium,Existing,1,1,1,1,0,54.62258748154939,3,0
West,Phone,5G,Standard,New,1,1,1,1,0,136.7967304081758,2,0
South,Phone,DSL,Basic,New,1,1,0,1,1,174.6715497541145,0,0
East,Online,Fiber,Premium,Existing,1,1,0,1,0,68.802050244334,2,0
South,Store,DSL,Basic,Existing,1,1,1,1,1,103.2061616485042,0,0
East,Online,5G,Premium,New,1,1,1,1,1,148.81347463953597,0,0
South,Store,5G,Standard,Existing,1,1,1,1,0,88.8265573471604,0,0
South,Phone,Fiber,Standard,New,0,1,0,0,0,71.0928383265162,0,1
South,Store,DSL,Basic,Existing,1,1,0,1,1,184.99784842465132,0,0
West,Phone,Fiber,Standard,Existing,1,0,1,1,0,152.42094931178735,0,0
North,Store,DSL,Standard,New,0,1,1,1,1,188.0436032366129,2,0
South,Online,5G,Premium,New,0,1,0,1,1,164.9784404609573,0,0
West,Online,Fiber,Standard,New,1,1,1,1,0,95.6635201358339,1,0
North,Phone,Fiber,Premium,New,1,1,1,1,0,44.07299900812184,0,0
North,Online,DSL,Premium,Existing,1,1,1,1,0,114.73075962381745,0,0
South,Phone,5G,Premium,New,0,1,1,1,0,98.75405116127354,0,0
East,Phone,5G,Standard,New,1,1,1,1,1,120.81098546571073,0,0
East,Phone,DSL,Basic,New,1,1,1,1,1,41.96767397980034,0,0
East,Store,DSL,Basic,Existing,1,1,0,1,0,125.34984471949261,0,0
South,Phone,DSL,Standard,Existing,1,1,1,1,0,106.08434316893188,2,0
East,Online,DSL,Premium,New,1,1,1,0,0,148.8505188429849,1,0
West,Store,DSL,Standard,Existing,1,1,1,1,1,83.06207700841045,2,0
West,Online,5G,Basic,New,1,1,1,1,0,171.02694023924303,0,0
West,Phone,5G,Premium,Existing,1,1,1,1,1,188.7735854125159,0,0
West,Phone,Fiber,Standard,New,1,1,1,1,0,66.49265251758395,0,0
North,Online,5G,Premium,New,0,1,1,1,1,143.43914033201588,0,0
West,Store,DSL,Premium,Existing,1,0,1,1,1,141.3725316567258,1,0
East,Online,5G,Basic,New,1,1,1,0,0,94.42820212632114,2,1
South,Phone,5G,Premium,New,1,0,1,1,0,58.196303561363166,3,1
East,Store,5G,Standard,New,1,1,1,1,0,146.99643473023747,0,0
West,Phone,Fiber,Premium,Existing,1,1,1,1,0,112.88226273631582,0,0
North,Phone,Fiber,Premium,Existing,0,1,1,1,0,70.59952626073132,0,0
West,Online,DSL,Standard,New,1,1,1,1,1,49.15984204630334,1,0
South,Phone,DSL,Basic,New,1,1,1,1,0,191.3681875811852,0,0
East,Online,Fiber,Basic,New,1,1,1,1,0,105.40881577073182,1,0
South,Store,5G,Standard,Existing,1,1,1,1,0,159.79685513132634,2,0
South,Phone,5G,Premium,New,1,1,1,1,1,61.84643949094543,0,0
South,Phone,Fiber,Standard,New,0,1,0,1,0,139.86998779077504,0,0
East,Store,DSL,Standard,New,1,1,0,0,1,44.00538919474087,1,1
West,Online,5G,Standard,Existing,1,1,1,1,0,107.57656571900645,0,0
South,Phone,DSL,Basic,New,1,1,1,1,1,79.27616541390265,3,0
East,Store,5G,Premium,Existing,1,1,1,1,0,93.66113702474456,1,0
North,Phone,DSL,Standard,New,1,1,1,1,1,139.86703609009282,1,0
East,Online,5G,Basic,New,1,1,1,0,1,96.77263820477515,1,0
North,Online,DSL,Basic,New,1,1,0,1,0,79.55309961282808,1,0
East,Online,DSL,Premium,Existing,1,0,1,1,0,154.34527790544763,0,0
West,Online,DSL,Standard,New,1,1,1,1,1,126.71727846042481,0,0
South,Store,Fiber,Premium,New,0,1,0,1,0,140.36828063154422,1,0
West,Phone,DSL,Standard,New,1,1,1,1,0,101.18188288153242,1,0
East,Store,Fiber,Basic,Existing,1,1,1,1,0,80.89151068833131,0,0
South,Online,Fiber,Basic,New,1,1,1,1,1,79.94482721151955,0,0
North,Online,DSL,Premium,New,0,1,1,0,1,198.76585519849914,1,1
East,Online,Fiber,Standard,New,1,1,1,0,0,146.56023183883144,0,0
South,Online,Fiber,Premium,Existing,0,1,1,1,0,55.99222278491304,2,0
North,Phone,Fiber,Standard,Existing,1,1,1,1,1,142.9236554066247,1,0
North,Online,5G,Premium,Existing,1,1,1,1,0,56.519169616689894,1,0
West,Phone,DSL,Basic,Existing,0,1,1,1,1,87.93359540082433,1,0
East,Online,Fiber,Premium,Existing,1,0,1,1,0,175.2807002755806,0,0
North,Phone,DSL,Standard,New,1,1,1,1,1,186.29717076203755,1,0
South,Phone,Fiber,Premium,Existing,1,1,1,1,1,177.6029440309672,1,0
North,Online,DSL,Standard,Existing,1,1,1,1,1,128.699551101731,0,0
North,Store,Fiber,Premium,Existing,1,1,0,0,1,112.49820044104095,0,1
West,Store,5G,Standard,Existing,1,0,1,1,0,79.31241938748809,0,0
West,Store,5G,Standard,Existing,1,1,0,1,0,167.7017637228858,0,0
South,Store,5G,Standard,Existing,1,1,1,1,1,139.64817175085366,1,0
West,Store,Fiber,Premium,New,1,1,1,1,0,124.7209437426544,0,0
North,Online,DSL,Premium,New,1,1,0,1,1,81.43813551932683,1,0
North,Online,Fiber,Basic,Existing,1,1,1,1,1,89.64838151692761,0,0
West,Online,5G,Standard,Existing,0,1,1,1,0,79.23001415681384,0,0
North,Online,Fiber,Basic,Existing,1,1,0,1,0,142.05329203531767,0,0
North,Online,DSL,Basic,Existing,1,1,1,1,0,137.831740803218,1,0
South,Online,5G,Standard,New,1,1,1,1,1,67.41956682298648,1,0
West,Phone,Fiber,Basic,Existing,1,1,1,1,0,93.11090506882084,1,0
North,Phone,DSL,Premium,New,1,1,0,1,0,42.72283645081874,0,0
West,Online,5G,Basic,New,1,1,1,1,0,68.43508541323408,1,0
South,Online,DSL,Premium,New,1,1,1,0,0,124.58066965260335,0,0
West,Phone,DSL,Standard,New,0,1,1,1,1,100.40383550761554,0,0
North,Phone,5G,Standard,Existing,1,1,1,1,1,133.95930257105704,0,0
West,Online,Fiber,Standard,New,0,1,1,1,0,107.38814000609455,0,0
North,Phone,Fiber,Basic,Existing,1,1,1,0,1,54.97809616916521,0,0
North,Store,Fiber,Standard,Existing,1,1,1,1,0,146.65635903903024,0,0
North,Store,Fiber,Standard,New,1,1,1,1,1,191.1697094148284,0,0
South,Store,DSL,Premium,New,1,1,1,1,1,83.74855712578238,1,0
West,Phone,Fiber,Basic,New,1,1,0,1,0,73.21421402878636,0,0
South,Online,Fiber,Basic,Existing,1,0,0,1,0,174.08972571817262,0,1
West,Online,DSL,Standard,New,0,1,1,1,1,83.35945865232131,1,0
South,Online,DSL,Basic,Existing,1,1,1,1,1,100.466754571005,1,0
East,Phone,5G,Standard,Existing,1,1,0,1,1,75.54998183344841,1,0
North,Phone,DSL,Premium,Existing,1,1,1,1,1,140.57843341991386,2,0
North,Store,5G,Basic,Existing,1,1,1,1,1,112.0104922339123,0,0
South,Phone,5G,Basic,New,1,0,0,1,1,99.18384776506188,1,1
East,Store,Fiber,Premium,New,1,1,1,1,0,81.71996700656614,0,0
North,Store,Fiber,Basic,New,0,1,1,1,0,192.73938504942925,0,0
West,Online,Fiber,Standard,New,1,0,1,1,0,53.66896126540848,3,1
South,Phone,DSL,Basic,New,1,1,1,1,1,83.90090031633186,1,0
North,Online,DSL,Basic,New,1,1,0,1,0,95.33638899803059,2,0
North,Online,Fiber,Premium,Existing,1,1,1,1,0,170.82365729179065,1,0
South,Phone,Fiber,Premium,New,1,1,0,1,0,192.27690635815563,0,0
South,Phone,DSL,Standard,Existing,0,1,1,1,1,41.23381583327905,0,0
West,Store,5G,Basic,Existing,1,1,0,1,0,193.57877424170266,0,0
West,Store,5G,Basic,Existing,1,1,1,1,0,193.919973786167,1,0
North,Store,Fiber,Premium,Existing,1,0,0,1,0,185.81544857844546,1,1
North,Store,Fiber,Standard,New,1,1,1,1,0,187.14498797971558,1,0
South,Online,Fiber,Basic,New,0,1,1,1,0,168.41616091204142,2,0
North,Online,5G,Standard,Existing,0,0,1,1,1,88.0258025027915,0,1
North,Phone,Fiber,Basic,Existing,1,1,1,1,1,168.21256102311108,0,0
South,Store,5G,Premium,New,1,1,1,1,0,118.25495196069127,0,0
North,Store,DSL,Premium,Existing,1,1,1,1,0,126.48205446083138,0,0
North,Store,DSL,Premium,New,1,1,1,1,0,43.669058855415486,1,0
East,Online,DSL,Premium,Existing,1,1,1,0,0,116.02483086745136,1,0
West,Phone,Fiber,Premium,Existing,1,1,1,0,0,83.33973577772417,0,0
South,Online,DSL,Premium,New,1,1,1,1,0,93.98608854132753,1,0
East,Phone,5G,Standard,New,1,1,1,1,1,116.07299311109948,0,0
West,Phone,5G,Premium,New,0,1,1,1,0,150.06393042526764,0,0
West,Online,5G,Standard,New,1,1,1,1,0,52.136023588974645,0,0
West,Online,Fiber,Premium,New,1,1,1,1,0,136.72367887343455,0,0
East,Phone,Fiber,Basic,New,1,1,1,1,1,88.059327392239,0,0
East,Online,5G,Basic,New,1,1,1,1,1,172.34103734013385,2,0
West,Online,5G,Basic,Existing,1,1,1,0,1,183.0489025644202,0,0
North,Phone,5G,Standard,New,1,1,1,1,0,55.94269177570144,2,0
North,Phone,5G,Premium,Existing,0,1,1,1,0,179.96109913937136,1,0
East,Store,DSL,Standard,New,1,1,1,1,0,126.5908507824949,1,0
East,Online,5G,Premium,New,1,1,1,1,1,66.21605050477008,1,0
East,Phone,Fiber,Basic,Existing,0,1,1,1,0,41.515148749045835,0,0
West,Online,Fiber,Standard,Existing,1,1,1,1,1,136.7235094185193,0,0
North,Online,Fiber,Premium,Existing,1,1,1,1,1,125.12904470027163,1,0
East,Phone,Fiber,Standard,Existing,1,1,1,1,1,154.50745048229905,0,0
East,Store,Fiber,Standard,New,1,1,1,1,0,121.08491247027088,0,0
South,Phone,5G,Basic,New,1,1,1,1,0,43.55889747847623,1,0
West,Phone,5G,Basic,New,1,1,1,1,0,109.22240361159268,2,0
South,Online,DSL,Basic,New,1,1,0,0,0,174.57945698230887,0,1
North,Store,DSL,Basic,New,1,1,1,1,0,101.21891930029574,1,0
South,Phone,DSL,Basic,Existing,1,1,1,1,1,81.95254489892898,0,0
South,Online,5G,Premium,New,1,1,1,1,1,86.58460559251415,2,0
South,Phone,DSL,Premium,New,0,1,1,1,1,56.8459948335928,5,0
West,Online,5G,Basic,Existing,1,1,1,0,1,101.38299170632776,0,0
North,Phone,Fiber,Basic,Existing,1,1,1,1,0,164.5787361390465,2,0
South,Store,5G,Basic,Existing,1,1,1,1,1,49.61742354269003,0,0
West,Phone,5G,Standard,New,1,1,0,1,0,186.6764925584803,0,0
North,Online,Fiber,Basic,Existing,1,1,1,1,0,112.14728487317998,0,0
East,Phone,Fiber,Premium,Existing,1,1,1,1,0,145.1349640737776,0,0
South,Store,Fiber,Premium,Existing,1,1,1,1,1,99.71482035524629,1,0
North,Store,DSL,Standard,Existing,1,1,1,1,0,82.68131471076317,0,0
South,Store,DSL,Premium,Existing,1,1,1,1,1,55.10165263717474,1,0
East,Store,DSL,Basic,New,1,1,1,1,1,115.4466975079111,0,0
North,Online,Fiber,Standard,New,1,1,1,1,1,107.02032796576918,1,0
West,Phone,DSL,Standard,Existing,1,0,1,1,0,131.5713701179226,0,0
North,Store,Fiber,Premium,Existing,1,1,1,1,0,104.2999024479833,3,0
West,Phone,Fiber,Basic,Existing,0,1,1,1,0,111.63065170319197,0,0
North,Online,Fiber,Basic,Existing,1,1,0,1,0,166.11320570522042,1,0
West,Phone,DSL,Basic,Existing,1,1,1,0,0,60.30134638996859,0,0
East,Phone,DSL,Standard,Existing,1,1,1,1,1,105.2379523570488,2,0
East,Store,Fiber,Premium,New,1,1,1,1,1,62.330322750387595,0,0
East,Store,DSL,Premium,Existing,1,1,1,1,1,189.9702459909432,1,0
North,Online,5G,Premium,Existing,1,1,0,1,0,172.62258265148853,1,0
East,Phone,DSL,Basic,Existing,1,1,1,0,0,175.51552566395392,0,0
South,Online,Fiber,Standard,Existing,1,1,1,1,0,61.93856311017367,1,0
East,Online,Fiber,Standard,New,0,1,1,1,1,180.05285662405277,1,0
West,Online,Fiber,Premium,Existing,1,1,1,1,0,62.91082865090878,1,0
West,Store,5G,Premium,New,1,1,0,1,0,114.55707330062454,1,0
West,Store,Fiber,Standard,Existing,1,1,1,1,1,56.008904115517325,2,0
North,Phone,Fiber,Premium,Existing,1,1,1,1,1,188.81857341394888,0,0
South,Phone,DSL,Standard,Existing,1,1,1,1,0,197.40149393069723,0,0
East,Phone,5G,Standard,Existing,1,0,1,1,1,107.72349899133955,1,0
South,Store,DSL,Premium,New,1,1,1,1,0,191.89071623554233,0,0
South,Store,Fiber,Standard,Existing,1,0,1,1,0,54.85361532221857,0,0
West,Online,Fiber,Standard,New,1,1,1,1,0,185.7044634212183,0,0
West,Store,5G,Premium,New,1,1,1,1,1,95.09823023250766,2,0
West,Online,Fiber,Premium,Existing,0,1,1,1,1,146.83890549916913,1,0
North,Online,5G,Premium,New,1,1,1,1,0,97.24199150984786,0,0
South,Store,DSL,Standard,New,1,0,1,1,0,135.8264055857843,2,1
South,Online,5G,Premium,Existing,1,0,1,1,0,76.68099028643556,0,0
North,Online,DSL,Premium,Existing,0,1,1,1,0,140.00469796215714,0,0
North,Phone,Fiber,Standard,Existing,1,1,1,1,0,121.44939867411047,1,0
North,Online,DSL,Standard,Existing,1,0,1,1,1,97.9679965630659,1,0
South,Store,DSL,Premium,Existing,1,1,1,1,1,110.27059324350644,1,0
South,Store,DSL,Premium,Existing,1,1,1,1,0,119.88551634571998,0,0
West,Online,5G,Standard,New,1,1,1,1,0,106.55682671406153,0,0
West,Phone,DSL,Standard,Existing,1,1,0,1,1,51.163625753980725,0,0
South,Store,5G,Basic,New,1,1,1,1,0,165.99260757929167,1,0
West,Store,5G,Standard,Existing,1,1,1,1,0,146.29071625324104,1,0
North,Phone,5G,Standard,New,1,1,1,1,1,148.98369962582194,0,0
East,Online,Fiber,Basic,New,1,1,1,1,0,48.2357971505113,1,0
West,Store,Fiber,Premium,New,1,0,1,1,0,163.650183902088,0,0
South,Online,Fiber,Basic,Existing,1,1,0,1,1,164.14804766870395,2,0
West,Online,5G,Standard,New,1,1,1,1,1,167.13834190672978,0,0
West,Online,Fiber,Basic,Existing,1,1,1,1,1,138.34349800012387,1,0
West,Online,DSL,Basic,New,1,0,1,1,1,122.31758447937625,0,0
East,Store,5G,Basic,Existing,1,1,1,1,0,179.6358712546764,0,0
North,Phone,Fiber,Basic,Existing,1,1,1,0,0,133.19274145313972,1,0
South,Store,5G,Basic,New,1,1,1,1,1,54.85059678581054,1,0
East,Phone,Fiber,Basic,Existing,1,1,1,1,0,95.75748942937643,0,0
South,Online,DSL,Premium,Existing,1,1,1,1,1,154.10524182956516,0,0
South,Phone,5G,Basic,Existing,0,1,1,1,0,105.77259358137893,1,0
South,Online,Fiber,Basic,New,1,1,0,1,1,168.0427196060345,0,0
East,Store,Fiber,Basic,Existing,0,1,1,1,0,114.76008010092714,2,0
North,Store,DSL,Basic,Existing,0,1,1,1,1,101.64671839850513,1,0
South,Phone,DSL,Standard,New,1,0,1,1,1,95.89706817524181,0,0
North,Online,Fiber,Basic,New,1,0,1,1,0,90.39310122409688,1,0
North,Online,Fiber,Basic,Existing,1,1,1,1,0,116.69357555194043,1,0
West,Phone,5G,Basic,New,1,1,0,1,1,135.87611899456903,0,0
East,Online,5G,Premium,Existing,0,1,1,1,1,187.96723000898876,1,0
East,Online,Fiber,Basic,New,1,1,1,1,0,157.08418228498914,1,0
West,Online,DSL,Standard,New,1,1,1,1,1,73.8317508626301,2,0
West,Store,5G,Premium,New,1,1,0,0,0,112.61872167785775,1,1
North,Store,Fiber,Standard,New,0,1,1,1,1,89.05537184154895,1,0
South,Store,DSL,Premium,Existing,1,1,1,1,0,78.85363345708552,0,0
East,Online,DSL,Premium,New,1,1,1,1,0,145.3200666589473,0,0
South,Store,Fiber,Basic,Existing,1,1,1,1,1,58.02884242423622,1,0
South,Online,Fiber,Basic,Existing,0,1,1,0,0,44.1572567123702,1,1
West,Online,5G,Premium,Existing,0,1,1,1,0,106.1714962672821,0,0
South,Phone,Fiber,Basic,New,1,1,0,1,1,61.979941689330715,1,0
North,Online,5G,Basic,New,1,1,1,1,1,121.74565069006286,1,0
West,Store,DSL,Premium,New,1,1,0,0,0,128.00821780266207,2,1
South,Store,5G,Premium,New,1,1,1,1,0,66.52221981879623,2,0
West,Online,Fiber,Standard,Existing,0,1,1,1,0,151.46760734960765,0,0
North,Store,5G,Premium,New,1,1,1,1,0,58.24165158206709,1,0
North,Online,DSL,Standard,Existing,1,1,1,1,1,138.79274115006814,0,0
South,Phone,DSL,Standard,New,1,1,1,1,1,143.26352505459755,0,0
West,Online,Fiber,Basic,New,1,0,1,1,1,169.5054102689746,3,1
South,Online,5G,Basic,Existing,1,1,1,1,0,181.897636434967,1,0
South,Phone,Fiber,Premium,New,1,1,1,1,1,147.23746601331845,1,0
West,Store,Fiber,Premium,New,1,1,1,1,0,139.31831705203143,0,0
South,Phone,DSL,Standard,Existing,1,1,1,1,1,148.37300978342685,2,0
North,Phone,5G,Standard,New,1,1,1,1,1,124.3859708732213,0,0
West,Online,Fiber,Basic,Existing,0,1,1,1,1,138.70180581485167,0,0
West,Online,DSL,Premium,Existing,1,1,1,1,0,184.95419882632925,1,0
West,Phone,Fiber,Premium,New,1,1,1,1,0,151.09695092053443,0,0
West,Store,5G,Premium,Existing,1,0,0,1,0,88.19195933626233,0,1
South,Phone,Fiber,Premium,Existing,1,0,1,1,0,154.39901285253285,0,0
South,Store,5G,Basic,New,1,1,1,1,0,54.49650323597549,0,0
North,Phone,DSL,Basic,New,1,1,1,1,0,112.4923248155641,2,0
East,Phone,DSL,Standard,New,1,1,0,1,1,102.88758962539376,0,0
East,Store,Fiber,Basic,Existing,1,1,1,1,0,93.49627672833749,2,0
North,Phone,DSL,Standard,Existing,0,1,1,1,0,139.72739432824977,0,0
East,Online,Fiber,Basic,New,1,0,1,1,0,67.06267883610026,1,0
North,Phone,Fiber,Basic,Existing,1,1,1,1,1,190.71849644046435,1,0
South,Online,5G,Premium,Existing,1,1,1,1,1,81.19798725176918,0,0
West,Store,Fiber,Standard,New,1,1,1,0,1,150.97515978271804,1,0
West,Store,5G,Standard,New,0,1,1,1,1,110.02982659751275,1,0
South,Online,Fiber,Standard,New,1,1,1,0,1,72.74104775372408,0,0
West,Phone,5G,Basic,Existing,1,1,1,1,0,107.82126532000744,0,0
West,Online,DSL,Premium,Existing,1,1,1,1,1,97.9870850447926,0,0
East,Online,Fiber,Basic,New,1,1,1,1,0,164.85078705389196,0,0
South,Store,5G,Premium,Existing,1,1,1,1,0,145.3742250573251,0,0
East,Online,Fiber,Basic,New,1,1,1,1,0,173.3049875692593,0,0
East,Phone,5G,Standard,New,1,1,1,1,1,46.658556937519684,0,0
West,Online,5G,Basic,New,0,1,1,1,0,173.24311338827403,0,0
West,Store,Fiber,Standard,Existing,1,1,1,1,1,105.87378164148146,1,0
South,Phone,Fiber,Premium,Existing,1,1,1,1,0,81.36625979581332,1,0
West,Store,DSL,Standard,Existing,1,1,0,1,0,72.62572493119258,0,0
West,Online,DSL,Standard,Existing,1,1,0,1,0,95.46219251797118,0,0
South,Online,DSL,Standard,Existing,1,1,1,1,1,95.39518814848319,0,0
West,Store,Fiber,Standard,Existing,1,1,1,1,0,62.804707518539935,2,0
East,Store,DSL,Premium,New,1,1,1,1,0,135.90890011483012,0,0
South,Phone,5G,Basic,New,1,1,1,1,0,53.21942373261912,2,0
West,Store,Fiber,Basic,New,1,0,1,1,1,120.02716512162785,1,0
North,Store,5G,Basic,New,1,1,1,1,1,102.66616828203146,0,0
South,Online,5G,Basic,Existing,1,1,1,1,0,170.43131142833766,0,0
South,Online,5G,Standard,New,0,1,0,1,0,75.23852404414951,1,0
North,Store,Fiber,Premium,New,0,1,1,1,0,129.61011137327128,0,0
West,Store,Fiber,Premium,New,1,1,1,1,0,58.90247418335824,1,0
West,Online,DSL,Basic,Existing,1,1,1,1,0,154.70494622473052,0,0
South,Phone,DSL,Basic,New,0,1,1,1,0,91.99387259366779,1,0
South,Phone,DSL,Premium,New,0,1,1,1,1,193.44767844892718,1,0
West,Phone,DSL,Premium,New,1,1,1,1,1,185.1081233426005,0,0
West,Phone,5G,Standard,New,1,0,1,1,1,116.5856052344425,0,0
East,Online,Fiber,Premium,Existing,1,1,1,1,0,166.28931297893638,3,0
South,Store,DSL,Premium,Existing,1,1,1,1,0,51.87570275971838,0,0
South,Phone,5G,Standard,New,1,1,1,1,0,165.17072555505194,0,0
North,Online,Fiber,Standard,New,1,1,1,1,0,111.61651759688355,2,0
East,Store,Fiber,Standard,Existing,1,1,1,1,0,55.14035079144391,2,0
West,Phone,Fiber,Premium,Existing,1,1,1,1,0,84.53502579521478,1,0
East,Store,5G,Premium,Existing,1,1,1,1,1,87.8972340009036,2,0
West,Phone,DSL,Premium,Existing,1,1,1,1,0,154.6760441826221,0,0
West,Store,Fiber,Standard,New,0,1,1,1,1,165.84308817576994,0,0
East,Phone,5G,Premium,Existing,1,1,1,1,0,125.33250001553162,0,0
South,Phone,Fiber,Premium,New,1,1,1,1,0,92.92187792233862,0,0
West,Store,5G,Standard,Existing,1,1,1,0,0,105.19195838799129,0,0
East,Store,DSL,Basic,New,1,0,1,1,0,139.99309805107754,1,0
North,Store,DSL,Basic,Existing,0,1,1,1,1,141.03943321573422,2,0
East,Online,Fiber,Premium,New,1,1,1,1,0,68.97485632760805,1,0
North,Online,DSL,Standard,Existing,1,0,0,1,1,120.09286517236303,1,1
West,Store,DSL,Standard,Existing,1,0,0,1,0,130.77712683414978,2,1
East,Online,5G,Premium,New,1,1,1,1,1,159.9310062113548,1,0
East,Phone,5G,Premium,New,1,1,1,1,0,114.73883332828153,0,0
North,Store,Fiber,Basic,Existing,1,1,1,1,0,189.86305563344902,2,0
East,Online,5G,Standard,New,1,1,0,1,0,146.49703161471885,0,0
East,Store,DSL,Premium,New,1,1,1,1,0,155.54269815484295,1,0
West,Phone,5G,Standard,Existing,0,1,1,1,0,133.82645749836217,1,0
East,Phone,DSL,Premium,Existing,1,1,1,0,0,175.27192727838806,1,0
South,Online,Fiber,Basic,Existing,1,1,1,1,1,97.53253372309844,1,0
North,Phone,DSL,Premium,New,1,1,1,0,1,45.12562136635785,1,0
East,Store,5G,Basic,Existing,1,1,1,1,1,58.32414835404053,1,0
North,Online,5G,Basic,Existing,0,1,1,1,1,108.54035771656382,1,0
North,Store,5G,Premium,New,1,1,1,1,1,102.77724071221142,0,0
North,Store,5G,Premium,New,1,0,1,1,0,111.53093425584325,0,0
East,Store,Fiber,Basic,Existing,1,1,1,1,1,126.23063424078168,0,0
East,Phone,DSL,Standard,New,1,1,1,1,1,105.25494506836273,0,0
North,Store,5G,Standard,New,1,1,1,0,1,47.39952652532523,2,1
South,Phone,DSL,Basic,Existing,1,1,1,1,0,167.9547352422519,0,0
North,Store,Fiber,Basic,New,0,1,1,1,1,189.55524205227687,1,0
South,Phone,DSL,Premium,New,1,1,1,1,0,132.64448248211232,1,0
North,Phone,5G,Premium,New,0,1,0,1,1,114.87518398516215,1,0
West,Phone,DSL,Basic,Existing,1,1,1,1,0,58.24426632270027,0,0
North,Store,5G,Basic,New,0,1,1,0,1,187.7138413698804,0,1
North,Store,5G,Standard,Existing,0,1,1,1,0,97.86650105413736,1,0
East,Phone,Fiber,Standard,Existing,0,0,1,1,1,164.06452356754585,0,1
South,Store,Fiber,Standard,New,1,1,0,1,1,70.940221730146,1,0
West,Phone,DSL,Basic,Existing,1,1,1,1,1,185.43467326391914,0,0
South,Store,DSL,Basic,Existing,1,1,1,1,0,153.9208336897497,1,0
West,Phone,5G,Standard,Existing,1,1,1,1,0,90.13880521120382,0,0
North,Phone,5G,Standard,New,0,1,1,1,1,161.35882196597598,2,0
East,Online,5G,Premium,Existing,1,1,1,1,0,88.68548528732362,0,0
East,Store,5G,Premium,Existing,0,1,1,1,0,74.35754431974044,2,0
South,Store,Fiber,Basic,Existing,1,1,1,1,0,169.23012300408544,0,0
East,Online,5G,Premium,Existing,1,1,1,1,0,188.79127589099198,0,0
South,Phone,Fiber,Basic,Existing,1,1,1,1,1,48.30000105634305,0,0
South,Phone,DSL,Basic,Existing,1,1,1,1,0,53.92555311720861,0,0
West,Online,DSL,Basic,Existing,1,1,1,1,0,181.79526853921905,1,0
South,Online,Fiber,Standard,New,1,1,0,1,1,191.55879328991625,1,0
West,Phone,5G,Premium,New,1,1,1,1,1,153.00400553235337,0,0
East,Store,DSL,Premium,New,1,0,1,1,1,108.88542937913957,0,0
South,Online,Fiber,Premium,Existing,1,1,1,1,1,122.77504804623294,2,0
South,Online,DSL,Premium,Existing,0,1,1,1,0,99.35862045930796,1,0
North,Online,5G,Standard,New,1,1,1,1,0,191.01563447987039,0,0
South,Online,Fiber,Premium,Existing,1,1,1,1,0,149.03935734019825,2,0
South,Online,DSL,Premium,Existing,0,1,0,1,0,191.68022447455155,0,0
North,Online,5G,Standard,New,1,1,0,0,0,184.63968964161862,1,1
North,Phone,Fiber,Premium,Existing,1,1,0,1,0,149.66266752820883,1,0
East,Phone,Fiber,Premium,New,0,1,1,1,1,77.43230001744884,1,0
South,Online,Fiber,Standard,New,1,1,1,1,1,111.88910755818705,0,0
East,Phone,Fiber,Standard,Existing,1,1,0,1,0,147.82093892572482,1,0
East,Store,DSL,Standard,New,1,1,1,1,1,115.0297272752357,0,0
North,Store,Fiber,Standard,Existing,1,1,0,1,0,110.80326788279031,1,0
West,Online,Fiber,Basic,Existing,1,1,1,1,0,107.69255540926775,0,0
East,Store,Fiber,Standard,New,1,0,1,1,1,68.5908849154751,0,0
West,Store,Fiber,Premium,Existing,1,1,1,0,1,101.67736594527561,0,0
South,Phone,Fiber,Premium,Existing,1,1,1,1,0,198.0526629521391,1,0
North,Phone,5G,Premium,New,1,1,1,1,0,81.04148107473692,0,0
South,Phone,DSL,Premium,Existing,1,1,0,0,0,89.6790305679495,0,1
South,Phone,5G,Basic,Existing,1,1,1,1,0,194.13443500710895,1,0
North,Store,DSL,Basic,New,1,1,1,1,1,121.92966625780615,0,0
South,Online,Fiber,Basic,Existing,1,1,1,0,0,163.4798716434089,0,0
North,Phone,DSL,Premium,Existing,1,1,1,1,1,79.40982810314749,0,0
West,Store,Fiber,Premium,Existing,1,1,0,1,0,104.42661449198556,0,0
South,Phone,Fiber,Standard,New,1,1,0,1,1,139.5661213958044,0,0
North,Store,5G,Standard,New,0,1,1,1,0,80.08377282207402,0,0
East,Phone,5G,Premium,New,1,1,1,1,0,101.56383194337516,1,0
South,Online,5G,Standard,Existing,1,1,1,0,0,116.15635333168429,0,0
West,Phone,DSL,Standard,New,1,1,1,0,0,174.6360105797881,0,0
North,Online,DSL,Premium,New,1,1,1,1,1,150.82778690688644,0,0
South,Phone,5G,Basic,New,1,1,1,1,0,186.62107394098115,0,0
South,Phone,5G,Premium,New,1,1,1,1,1,194.71209932548697,2,0
South,Phone,Fiber,Premium,Existing,1,1,0,1,0,115.64686306500612,0,0
West,Store,DSL,Standard,New,1,1,1,1,1,107.2027071272558,0,0
North,Store,Fiber,Standard,Existing,1,1,1,1,0,129.68660735015473,1,0
East,Online,DSL,Premium,New,0,1,1,0,0,183.6589057607423,0,1
East,Online,5G,Basic,Existing,1,1,1,1,1,43.16026001213139,0,0
East,Store,DSL,Premium,New,0,1,1,1,1,77.1160482698715,1,0
North,Online,DSL,Basic,Existing,1,1,1,1,1,174.01618371080195,2,0
East,Online,Fiber,Basic,New,1,1,1,1,0,123.52934828970034,0,0
West,Store,5G,Premium,Existing,1,1,1,1,0,173.32784599154905,0,0
North,Store,5G,Premium,New,1,1,1,1,0,144.25230137959915,0,0
South,Store,5G,Premium,Existing,1,0,1,1,1,170.0852805294317,0,0
West,Store,Fiber,Basic,New,1,1,0,1,1,106.94392686491769,0,0
South,Phone,Fiber,Standard,Existing,1,1,1,1,0,41.595430610010844,0,0
East,Store,Fiber,Basic,New,1,1,0,1,0,147.83882779050072,1,0
West,Online,DSL,Basic,Existing,1,0,1,1,1,119.5262836666054,2,1
North,Phone,DSL,Basic,New,1,1,1,1,0,197.33692974962395,1,0
West,Phone,Fiber,Standard,New,1,1,1,1,1,59.23871708111028,2,0
South,Online,Fiber,Basic,New,1,1,1,1,0,139.12462406115543,0,0
North,Phone,5G,Basic,Existing,1,1,0,1,0,88.19642358643759,0,0
West,Online,DSL,Basic,New,1,1,0,1,1,120.37655312134449,0,0
West,Phone,DSL,Standard,New,1,1,1,1,0,51.73444237743068,1,0
West,Phone,5G,Basic,New,1,1,1,1,0,177.76054320026523,1,0
West,Online,5G,Standard,Existing,1,1,0,1,0,182.6371571996585,0,0
North,Online,5G,Standard,Existing,0,1,1,1,0,118.65817490153975,0,0
South,Online,Fiber,Premium,New,1,1,1,1,0,53.3643955168929,1,0
West,Online,Fiber,Premium,New,0,1,1,1,1,132.9829152207671,1,0
North,Store,Fiber,Premium,Existing,1,1,1,0,1,85.86882328294855,1,0
South,Store,Fiber,Standard,Existing,1,1,1,1,0,43.99632525089183,1,0
West,Online,Fiber,Premium,Existing,1,1,1,1,0,172.75258651117852,0,0
South,Store,DSL,Premium,New,1,0,1,1,0,60.646451564541195,0,0
South,Online,DSL,Premium,New,1,1,1,0,1,188.02216144787005,0,0
North,Online,DSL,Standard,Existing,0,1,1,1,1,146.09628970889858,0,0
South,Phone,5G,Basic,New,1,1,1,1,0,62.890580430997645,0,0
North,Online,DSL,Premium,Existing,1,0,1,1,0,82.60114014940511,0,0
West,Online,5G,Premium,Existing,1,1,1,1,1,196.25923515104688,0,0
South,Online,DSL,Premium,Existing,1,1,0,0,0,143.76762469161054,0,1
South,Online,Fiber,Premium,Existing,1,1,1,1,1,117.13093985986481,1,0
East,Phone,DSL,Standard,New,1,1,1,1,1,192.65119376051751,0,0
West,Online,Fiber,Basic,Existing,1,0,1,1,0,44.86790558160841,0,0
West,Phone,Fiber,Basic,New,1,1,1,1,0,101.35864908632564,0,0
East,Online,DSL,Premium,New,1,1,1,1,0,170.91905951862037,0,0
East,Phone,DSL,Basic,Existing,1,1,1,1,0,192.82069890485496,0,0
North,Store,Fiber,Premium,New,1,1,1,1,0,165.45565088808826,1,0
North,Phone,5G,Premium,New,1,1,1,1,0,141.96382004219774,1,0
South,Phone,5G,Basic,New,1,1,1,1,1,60.5750446724603,1,0
South,Online,DSL,Basic,Existing,1,1,1,1,0,125.88935302736394,1,0
South,Phone,Fiber,Standard,Existing,1,1,1,1,0,131.94516095240232,2,0
South,Phone,5G,Premium,Existing,1,1,1,1,1,172.5246523811039,1,0
North,Online,DSL,Basic,New,1,1,1,0,0,147.0498768911075,0,0
West,Store,DSL,Standard,New,1,1,0,1,0,175.27400202120884,1,0
South,Store,Fiber,Basic,Existing,1,1,1,1,1,132.90898019945394,0,0
West,Store,5G,Basic,New,1,1,1,1,0,61.681826902396764,0,0
South,Phone,DSL,Premium,Existing,0,1,1,1,0,159.8812591811918,1,0
East,Online,5G,Standard,Existing,0,0,0,1,0,141.78795645227578,1,1
South,Store,DSL,Premium,Existing,1,1,1,0,1,95.70699621123234,1,0
South,Store,DSL,Basic,New,1,1,1,1,0,171.13178921498667,0,0
South,Store,5G,Standard,New,1,1,1,1,0,181.31498698478254,0,0
North,Store,5G,Premium,Existing,1,1,1,1,1,157.42367017811026,2,0
East,Online,Fiber,Standard,Existing,1,1,1,1,0,117.44183560404852,0,0
South,Store,Fiber,Basic,Existing,1,1,1,1,1,89.48843901185599,2,0
South,Phone,Fiber,Standard,New,1,1,1,1,0,76.57229826411141,0,0
West,Phone,Fiber,Basic,Existing,0,1,1,1,1,172.89463502250894,1,0
East,Online,5G,Premium,Existing,0,1,1,1,1,144.12546987872574,1,0
South,Store,Fiber,Basic,New,1,1,1,1,1,142.51790530934176,1,0
West,Store,5G,Basic,New,1,1,1,1,0,72.07192564823798,0,0
West,Phone,DSL,Standard,New,1,0,1,1,0,128.89943939368035,0,0
North,Online,5G,Standard,Existing,0,0,1,1,1,198.0009036708641,0,1
West,Phone,Fiber,Premium,New,1,1,1,1,1,111.4690478235515,1,0
South,Online,5G,Standard,Existing,1,1,1,1,0,128.26919599900702,0,0
North,Online,5G,Premium,Existing,1,1,1,1,0,180.1568955592293,1,0
North,Online,5G,Basic,Existing,1,1,1,1,0,179.80114491806344,1,0
South,Phone,5G,Basic,New,1,1,1,1,0,50.568519342031486,0,0
East,Online,5G,Standard,Existing,0,1,1,1,0,184.4556312953911,0,0
West,Phone,Fiber,Basic,New,1,1,1,1,1,144.9757464902279,1,0
North,Phone,5G,Basic,New,1,1,1,1,0,94.79190183655271,0,0
East,Store,Fiber,Premium,New,1,1,1,0,0,162.69580380166906,1,0
South,Phone,DSL,Standard,Existing,1,1,1,1,0,118.12878631412352,1,0
West,Phone,5G,Premium,New,0,1,1,0,1,127.70122173212482,0,1
West,Store,DSL,Basic,Existing,1,0,1,0,1,142.0403484799029,1,1
North,Store,Fiber,Basic,Existing,0,1,1,1,0,169.03100761522404,0,0
West,Store,5G,Basic,New,1,1,0,1,1,115.4753089932084,0,0
West,Online,DSL,Standard,Existing,0,0,1,1,1,81.52217945826573,1,1
West,Online,Fiber,Basic,New,1,1,0,1,1,137.98065866941505,1,0
West,Store,DSL,Basic,New,1,1,1,1,1,195.45288999354267,1,0
South,Online,5G,Premium,New,1,1,1,1,1,55.59029964573136,1,0
East,Store,5G,Standard,New,1,1,1,1,0,41.063422713641415,1,0
South,Online,5G,Basic,Existing,1,1,1,1,0,102.12252423733753,1,0
South,Phone,Fiber,Premium,New,1,1,1,1,0,127.04880119592671,0,0
North,Online,DSL,Basic,Existing,1,1,1,1,1,121.75497885649008,0,0
West,Online,Fiber,Premium,Existing,0,1,1,1,0,90.41308488578252,1,0
South,Phone,DSL,Basic,New,1,1,1,1,0,189.3371179564417,0,0
West,Store,Fiber,Standard,Existing,0,1,1,1,0,79.02477420498573,1,0
South,Online,5G,Standard,New,1,1,1,0,1,59.583767531047954,0,0
South,Online,DSL,Premium,New,1,1,1,1,1,75.79677850598371,0,0
North,Phone,DSL,Basic,New,1,1,1,1,0,55.55687319319251,0,0
East,Phone,DSL,Standard,Existing,1,1,1,1,0,175.33817391527188,1,0
East,Phone,Fiber,Basic,New,1,1,1,1,0,104.24824797824215,0,0
South,Phone,5G,Standard,Existing,0,1,1,1,0,172.9036480697328,0,0
North,Store,DSL,Premium,New,1,0,0,1,0,142.07388943947817,1,1
West,Online,Fiber,Standard,Existing,1,1,1,1,0,115.92716656665397,0,0
West,Online,DSL,Basic,New,1,1,1,1,0,56.371613634584214,0,0
South,Online,5G,Basic,Existing,1,1,0,1,0,45.94244101343783,0,0
East,Online,DSL,Basic,New,1,1,1,1,1,129.17719272763088,1,0
North,Store,5G,Premium,Existing,1,1,1,1,0,72.0056314988993,0,0
East,Online,Fiber,Premium,New,1,1,1,1,1,110.88632186806082,1,0
West,Store,Fiber,Basic,Existing,1,1,1,1,0,191.42845013339533,1,0
East,Store,5G,Basic,New,1,1,0,1,0,61.38854969859521,1,0
West,Phone,5G,Standard,Existing,0,1,0,1,1,153.04903633426727,0,0
North,Phone,Fiber,Standard,New,1,1,1,1,0,73.93513571559616,1,0
North,Online,5G,Standard,New,1,1,1,1,1,78.54537021544522,0,0
South,Store,5G,Basic,New,1,0,0,1,0,142.18450151938,1,1
South,Phone,DSL,Standard,Existing,1,1,0,1,0,60.94042173413989,0,0
East,Store,Fiber,Basic,Existing,1,1,1,1,1,102.02767083897187,1,0
North,Phone,Fiber,Premium,New,1,1,0,1,0,100.83335467324301,1,0
North,Store,5G,Standard,Existing,1,1,1,1,0,112.85079936960543,1,0
South,Online,5G,Basic,New,1,1,1,1,0,90.96025585205928,1,0
West,Online,5G,Basic,New,0,0,0,1,0,83.73896711094883,1,1
East,Store,Fiber,Premium,New,1,1,1,1,1,165.1115913472554,0,0
East,Phone,DSL,Premium,Existing,1,1,1,1,0,52.760788199300436,1,0
South,Phone,Fiber,Premium,New,1,0,0,1,1,175.97121563341378,0,1
North,Online,DSL,Premium,Existing,1,1,1,1,0,174.14141619275102,0,0
South,Online,5G,Standard,Existing,1,0,1,1,0,189.21903621873346,2,1
South,Online,Fiber,Premium,New,1,1,0,1,0,78.35740720876416,0,0
South,Phone,DSL,Basic,Existing,1,1,0,0,1,186.62127325932158,0,1
South,Phone,Fiber,Basic,Existing,1,1,1,1,0,112.06891739089326,0,0
West,Online,DSL,Basic,Existing,1,1,1,1,0,149.40120125007036,2,0
West,Store,DSL,Basic,New,1,1,1,1,0,176.28479577183117,0,0
North,Phone,Fiber,Basic,New,1,1,1,1,0,50.02070531327155,0,0
South,Online,5G,Premium,Existing,1,1,0,1,1,45.55513245074529,0,0
West,Store,Fiber,Basic,Existing,1,1,1,1,1,72.28934232882116,0,0
North,Phone,5G,Premium,New,1,1,1,1,0,129.71805136182607,1,0
South,Store,DSL,Premium,New,1,1,1,1,1,164.4964430831875,0,0
East,Store,DSL,Premium,Existing,1,1,1,1,1,164.07499282608015,2,0
West,Phone,Fiber,Premium,New,1,1,0,0,1,182.89011482935433,3,1
North,Online,Fiber,Standard,New,1,1,1,1,0,129.0169376148716,0,0
East,Store,5G,Standard,Existing,1,1,1,1,0,129.63593819506437,0,0
South,Online,5G,Standard,New,0,0,1,1,0,52.54464336541845,0,1
South,Phone,Fiber,Standard,Existing,1,1,0,0,0,162.4440863944793,0,1
South,Store,5G,Standard,Existing,1,1,0,1,0,116.89272405687075,1,0
West,Store,5G,Basic,Existing,1,1,0,1,1,73.39255956015306,1,0
North,Store,Fiber,Standard,Existing,0,1,1,0,1,60.014199747869874,2,1
East,Store,Fiber,Basic,New,1,1,0,1,0,182.26892263064093,1,0
North,Store,DSL,Basic,New,1,1,1,1,0,132.22530366344554,1,0
West,Phone,DSL,Premium,New,1,1,1,1,0,138.91188153023185,1,0
North,Store,Fiber,Premium,New,1,1,1,1,0,78.5217277763445,1,0
West,Phone,DSL,Premium,Existing,0,1,1,1,1,128.04994996167557,0,0
South,Online,5G,Standard,New,1,1,1,0,0,65.44507593998311,0,0
East,Phone,Fiber,Basic,Existing,1,0,1,1,0,107.01940243420302,0,0
South,Store,DSL,Standard,Existing,1,1,1,0,1,79.37428805688091,0,0
North,Online,Fiber,Premium,Existing,1,1,0,1,1,66.64890068747215,1,0
South,Phone,DSL,Premium,New,1,1,1,1,1,167.9146866206035,0,0
East,Phone,Fiber,Basic,Existing,1,1,0,1,0,145.8704048603549,2,0
South,Phone,5G,Basic,Existing,1,1,1,1,1,167.9326915927392,0,0
East,Store,DSL,Premium,New,0,1,1,1,0,173.7452256212482,1,0
East,Store,Fiber,Standard,Existing,1,1,1,0,0,102.3618172677782,1,0
South,Phone,5G,Standard,New,0,1,1,1,1,160.99141796122245,0,0
West,Phone,DSL,Basic,New,1,1,1,1,1,157.43106748274604,0,0
North,Online,DSL,Premium,Existing,1,1,1,1,0,79.46685449824795,2,0
West,Store,Fiber,Standard,Existing,1,0,1,1,0,150.26307092685653,3,1
West,Store,5G,Basic,New,0,1,1,1,0,188.4996846768341,0,0
South,Online,Fiber,Basic,New,1,1,1,1,0,149.72962662764542,1,0
North,Phone,DSL,Basic,Existing,1,1,1,1,0,92.37551617104545,1,0
North,Phone,Fiber,Standard,Existing,1,1,1,0,1,152.3118426956551,2,1
West,Online,Fiber,Basic,Existing,0,1,0,1,0,132.99929466792977,0,0
South,Phone,5G,Standard,Existing,1,1,0,1,0,168.91432592276038,0,0
North,Phone,5G,Basic,Existing,1,1,0,1,0,83.48206626027626,0,0
West,Online,DSL,Standard,Existing,1,1,1,1,1,65.95764543943297,0,0
North,Online,5G,Premium,Existing,1,0,1,1,0,109.20236747205608,2,1
South,Online,Fiber,Standard,Existing,1,1,1,1,0,140.208756321291,1,0
South,Phone,DSL,Premium,Existing,1,1,1,1,1,55.48658308062006,0,0
South,Online,5G,Basic,Existing,1,1,1,1,0,82.11678621963159,0,0
North,Phone,Fiber,Standard,New,1,1,1,1,0,66.72504972954252,1,0
East,Store,Fiber,Basic,New,1,1,1,1,0,163.2408421162229,0,0
North,Store,DSL,Premium,New,0,1,0,1,0,152.71434221889723,0,0
East,Online,DSL,Basic,New,1,1,1,1,0,140.06652900857105,2,0
South,Phone,5G,Basic,Existing,1,1,1,1,0,114.09011905980961,2,0
West,Phone,5G,Basic,New,1,1,1,1,0,111.59414232738455,1,0
East,Phone,5G,Premium,Existing,1,1,1,1,0,122.78265588733709,2,0
South,Online,5G,Premium,Existing,1,1,1,1,1,170.96424878144748,1,0
South,Phone,DSL,Standard,Existing,1,1,1,0,1,135.38948086266402,2,1
East,Phone,Fiber,Standard,Existing,1,0,1,1,1,159.43361896985945,0,0
West,Phone,Fiber,Standard,Existing,1,1,1,1,0,81.7914055700983,0,0
South,Store,5G,Standard,New,1,0,1,1,0,116.44278883675518,1,0
East,Phone,DSL,Basic,New,1,1,1,1,0,140.86312960663776,0,0
West,Store,5G,Premium,New,1,0,0,1,0,90.4234799470069,2,1
West,Phone,5G,Premium,Existing,1,1,1,1,1,123.11393430291585,2,0
South,Phone,DSL,Basic,New,1,0,1,1,1,174.4167695782232,4,1
North,Phone,Fiber,Standard,New,1,1,1,1,1,52.376127656343776,0,0
North,Store,Fiber,Premium,Existing,1,1,0,1,0,169.4371807804252,1,0
South,Phone,5G,Basic,Existing,1,1,1,1,0,136.50397186054485,0,0
West,Online,DSL,Basic,New,0,1,1,1,0,105.8030937022996,0,0
South,Phone,Fiber,Standard,Existing,1,1,1,1,0,129.79973127941093,1,0
East,Store,Fiber,Standard,Existing,1,1,1,1,1,136.95062514272746,1,0
North,Store,DSL,Premium,New,1,1,1,1,0,164.91746713832646,0,0
East,Online,DSL,Premium,New,1,1,1,1,1,168.33995097393606,0,0
South,Online,Fiber,Standard,Existing,1,1,1,1,0,158.40238746469458,2,0
South,Online,5G,Premium,Existing,1,0,1,1,1,42.73770179952191,0,0
West,Store,5G,Standard,New,1,0,1,1,0,129.13715635922347,0,0
West,Phone,Fiber,Basic,New,1,0,1,1,0,109.0240032063536,0,0
West,Phone,5G,Basic,New,1,1,1,1,0,132.20791378684626,1,0
East,Online,5G,Basic,Existing,1,0,1,1,0,136.87546810736342,2,1
West,Online,DSL,Premium,New,1,1,1,1,1,138.57858684993744,0,0
South,Phone,DSL,Standard,New,1,0,1,1,0,95.99669379938993,1,0
West,Online,DSL,Basic,New,1,1,1,1,0,111.5128286289471,1,0
North,Phone,5G,Basic,Existing,1,0,1,1,1,42.55581295928431,0,0
West,Phone,DSL,Premium,Existing,1,1,1,1,1,189.67116150754944,1,0
East,Phone,DSL,Premium,New,1,1,1,1,0,198.07723090693486,0,0
North,Phone,Fiber,Basic,Existing,1,1,0,1,0,104.1514344473677,1,0
North,Store,DSL,Premium,New,1,1,1,1,1,107.13813821455689,1,0
North,Phone,Fiber,Premium,New,1,1,1,1,0,113.52409295381584,1,0
East,Online,5G,Premium,New,1,1,1,1,0,86.95144894237376,0,0
South,Online,DSL,Premium,Existing,0,1,1,0,0,109.68215668200891,1,1
West,Online,Fiber,Standard,New,0,1,1,1,1,97.3840305945576,0,0
North,Online,Fiber,Premium,Existing,0,1,1,1,0,43.129741939419134,2,0
North,Store,Fiber,Premium,Existing,1,1,1,1,0,60.263938366832036,2,0
North,Phone,5G,Standard,New,1,1,0,1,0,52.58662751309554,1,0
South,Phone,DSL,Premium,Existing,1,1,1,0,1,78.20693395858918,1,0
South,Online,5G,Premium,New,1,1,1,1,1,55.964455194409055,2,0
East,Online,Fiber,Basic,New,1,1,1,1,1,76.8315560539931,0,0
South,Online,5G,Basic,New,1,1,1,0,0,40.648651635438,0,0
West,Phone,5G,Basic,New,1,1,1,1,0,198.20485069119334,0,0
East,Store,Fiber,Standard,Existing,1,1,0,1,0,57.47865313800672,3,0
East,Store,DSL,Premium,New,1,1,1,1,0,174.41270129184585,0,0
West,Store,DSL,Standard,New,1,1,1,1,1,56.332424836940405,0,0
West,Store,5G,Standard,New,1,1,1,1,1,89.81340595512353,1,0
West,Online,DSL,Premium,New,1,1,1,1,1,190.64864138603255,1,0
East,Phone,Fiber,Premium,Existing,1,1,1,0,1,89.72709416597012,1,0
East,Online,DSL,Basic,Existing,1,0,0,1,1,144.74189392145968,1,1
East,Store,5G,Premium,New,0,1,0,0,0,90.92467951677736,1,1
West,Online,Fiber,Standard,Existing,1,1,1,1,0,190.86222941617447,2,0
West,Store,Fiber,Basic,New,1,1,1,1,0,41.676116711934,0,0
North,Phone,Fiber,Standard,New,1,1,1,1,0,80.18155412432239,2,0
South,Store,5G,Premium,New,0,1,1,1,0,106.10811737565145,1,0
North,Online,5G,Basic,Existing,1,1,1,1,1,171.9149910781575,0,0
West,Phone,DSL,Premium,New,1,0,1,1,0,131.68308833592772,0,0
East,Store,5G,Basic,Existing,1,1,1,1,1,183.16831961902682,0,0
West,Store,Fiber,Basic,Existing,1,1,1,1,0,181.39619349398654,0,0
South,Phone,5G,Basic,New,0,1,1,1,1,192.85091757302547,2,0
North,Online,5G,Premium,Existing,1,1,1,1,0,69.23296255391102,1,0
North,Phone,DSL,Basic,New,1,1,1,1,0,107.56862145457046,2,0
East,Online,Fiber,Basic,Existing,1,1,1,1,1,108.38945419867451,0,0
North,Store,DSL,Premium,Existing,1,0,1,1,1,59.687621784404485,1,0
North,Store,DSL,Standard,Existing,1,1,1,1,0,191.21737820437386,0,0
West,Phone,DSL,Premium,Existing,1,1,1,0,0,98.03762264395166,1,0
North,Store,Fiber,Premium,New,1,1,1,1,1,142.28203423198607,1,0
North,Phone,DSL,Basic,New,0,1,1,1,0,136.66755775524564,0,0
North,Store,Fiber,Premium,New,1,1,1,1,0,77.91452453552417,1,0
East,Store,DSL,Premium,New,1,1,1,1,0,131.55978222954738,2,0
East,Online,DSL,Premium,New,1,1,0,1,1,81.01267043013053,0,0
West,Phone,Fiber,Basic,New,1,1,1,1,0,85.73678311129794,3,0
North,Phone,5G,Premium,New,1,1,1,1,0,128.07960725248176,0,0
East,Store,DSL,Basic,Existing,1,1,1,1,1,113.09245285839168,0,0
East,Online,5G,Premium,Existing,1,1,1,1,1,107.72493560814944,0,0
West,Online,DSL,Basic,New,1,1,1,0,1,102.93294710389632,1,0
South,Phone,5G,Basic,New,1,1,1,1,0,160.74956430144243,0,0
North,Phone,5G,Premium,Existing,1,0,1,1,0,84.94520907809923,0,0
East,Store,5G,Standard,Existing,1,1,0,1,0,90.02531924317805,0,0
West,Phone,5G,Premium,New,1,1,1,1,1,132.69234379359108,0,0
West,Store,5G,Standard,New,1,0,1,1,1,194.2895293363379,0,0
West,Online,Fiber,Basic,Existing,1,1,1,1,0,86.57372265934728,0,0
East,Phone,5G,Standard,Existing,1,1,1,1,0,106.56668561872836,1,0
North,Online,Fiber,Standard,Existing,1,1,1,0,0,60.53411062051772,0,0
South,Online,DSL,Basic,Existing,1,1,1,1,0,142.5301763370914,0,0
North,Store,Fiber,Standard,Existing,1,1,1,1,0,80.19530123794044,1,0
West,Online,5G,Premium,New,1,1,1,1,1,124.16331602126394,1,0
West,Store,Fiber,Standard,Existing,1,1,1,1,0,107.20973485254919,1,0
South,Store,5G,Basic,New,1,1,1,1,1,164.14145047338275,1,0
North,Online,Fiber,Standard,Existing,1,1,1,1,0,173.26275564916568,0,0
West,Online,DSL,Basic,New,1,1,1,1,0,157.98808496457357,1,0
West,Store,5G,Basic,New,1,1,1,1,1,112.05570056482532,1,0
North,Store,5G,Premium,New,1,1,1,1,1,106.39684291873553,1,0
West,Online,Fiber,Basic,New,1,1,1,1,0,105.97746351612629,1,0
North,Store,Fiber,Standard,New,1,0,1,1,0,120.26133802176078,0,0
West,Store,Fiber,Premium,Existing,0,1,1,1,0,139.03060585856394,0,0
North,Phone,Fiber,Premium,New,1,1,1,1,0,91.86121031875729,0,0
South,Phone,Fiber,Standard,Existing,1,1,1,1,1,157.12574034949995,0,0
West,Phone,5G,Standard,New,1,1,1,1,0,185.0111538648434,1,0
South,Phone,DSL,Premium,Existing,1,1,1,0,1,50.82573390844292,1,0
West,Phone,Fiber,Basic,New,1,1,1,1,1,43.462218229163554,0,0
West,Store,5G,Premium,New,1,0,1,1,0,148.08823276441592,0,0
East,Store,DSL,Premium,Existing,1,1,1,1,0,143.34197727047598,3,0
North,Phone,DSL,Premium,Existing,1,1,1,1,0,113.34021771383945,1,0
South,Online,Fiber,Basic,Existing,1,1,1,1,0,172.5177636608805,1,0
South,Phone,5G,Standard,Existing,1,1,1,1,0,159.90827400733025,0,0
South,Online,5G,Standard,Existing,0,1,1,1,1,194.6663546164436,0,0
North,Store,5G,Standard,New,1,1,0,1,0,173.7360413387577,1,0
East,Online,5G,Basic,New,1,1,1,1,1,53.10008088007326,0,0
South,Store,5G,Basic,New,1,1,1,1,0,106.5637260854095,2,0
North,Online,DSL,Standard,Existing,1,1,1,1,1,97.03680913204386,2,0
West,Store,DSL,Standard,New,1,1,1,1,1,173.60373321982598,1,0
South,Store,DSL,Standard,Existing,1,1,1,1,1,77.70442347619814,0,0
South,Phone,5G,Standard,New,1,1,0,0,1,57.59537832006327,1,1
East,Store,DSL,Basic,Existing,1,1,1,1,1,52.48897244090326,1,0
South,Phone,DSL,Standard,Existing,1,1,1,1,1,129.91499022719498,0,0
South,Phone,Fiber,Premium,New,1,1,1,1,1,88.94856031546226,1,0
West,Phone,DSL,Standard,Existing,1,1,1,1,0,70.29157850930311,1,0
North,Online,Fiber,Basic,New,1,1,1,1,1,185.51849503684463,0,0
North,Online,5G,Premium,New,1,1,1,0,0,42.40215882609398,0,0
East,Store,5G,Premium,Existing,1,1,1,1,1,110.59357998165582,0,0
West,Phone,5G,Premium,New,0,1,1,1,1,117.69412679659602,0,0
North,Phone,5G,Basic,Existing,1,1,1,1,1,126.24141945109992,0,0
West,Store,DSL,Standard,Existing,1,1,1,1,1,161.7226958127784,2,0
North,Phone,Fiber,Basic,New,1,0,1,1,0,41.021351040432265,1,0
West,Store,5G,Basic,Existing,1,1,1,1,0,77.87118493576385,0,0
East,Phone,5G,Premium,Existing,1,1,1,1,0,165.03071456276245,1,0
South,Online,Fiber,Premium,New,1,1,1,1,0,94.28283936436526,0,0
East,Store,Fiber,Basic,Existing,1,1,1,1,0,132.1414567535578,1,0
North,Store,Fiber,Premium,Existing,1,1,1,1,0,85.18500714035112,0,0
East,Online,Fiber,Basic,Existing,1,1,1,1,1,53.42022298325123,2,0
South,Store,Fiber,Premium,Existing,1,1,1,1,0,80.3300449804891,1,0
East,Online,DSL,Standard,New,1,1,1,1,1,171.8875961548766,2,0
North,Phone,Fiber,Standard,New,0,1,1,1,0,94.4896034232523,1,0
North,Online,DSL,Standard,New,0,1,0,1,0,127.83190267528825,0,0
East,Online,Fiber,Premium,New,1,0,1,1,0,42.09239302273325,0,0
South,Store,Fiber,Premium,New,1,1,1,1,1,123.53232968702729,2,0
East,Phone,5G,Standard,New,1,1,1,1,0,155.93108891636572,1,0
South,Online,5G,Basic,Existing,1,1,1,1,0,133.10159790737657,1,0
West,Phone,5G,Basic,Existing,1,1,1,1,1,43.63539584365821,0,0
South,Online,5G,Standard,Existing,1,1,1,1,1,43.385876605592856,0,0
West,Store,5G,Premium,Existing,1,1,1,1,1,181.9419194955675,0,0
East,Online,5G,Basic,Existing,1,1,1,1,1,74.31411643214525,0,0
South,Online,Fiber,Basic,New,1,1,1,1,0,149.272295384827,1,0
West,Phone,Fiber,Basic,New,1,1,1,1,0,45.03284227413765,0,0
West,Online,5G,Premium,Existing,1,1,1,1,1,88.77433341784939,1,0
West,Store,5G,Basic,New,1,1,1,1,0,91.98829431288873,0,0
North,Store,5G,Basic,New,1,1,1,1,0,176.36430876820083,1,0
East,Online,Fiber,Standard,New,0,1,1,1,1,168.71950450476166,0,0
West,Online,5G,Premium,New,1,1,1,0,1,173.11695123096874,1,0
South,Phone,5G,Standard,New,1,1,1,0,0,190.68589926496094,2,1
West,Phone,Fiber,Basic,Existing,1,1,1,1,1,99.53863346114221,1,0
North,Store,Fiber,Premium,Existing,1,1,1,0,0,74.85598603314712,1,0
East,Phone,DSL,Premium,New,1,1,1,1,0,157.92575685628466,1,0
North,Online,5G,Standard,New,0,1,1,1,0,53.3191536582482,1,0
North,Store,Fiber,Standard,New,1,1,1,1,0,196.407390743831,0,0
North,Phone,DSL,Premium,Existing,1,1,0,0,1,159.2145766946568,0,1
South,Store,Fiber,Premium,New,1,1,1,1,1,85.61341365888715,1,0
East,Online,DSL,Standard,New,1,1,1,1,0,166.56662234660274,0,0
East,Phone,DSL,Basic,New,0,1,0,1,1,185.83664591694105,0,0
South,Online,5G,Premium,New,1,1,0,1,0,64.37430194227761,2,0
East,Online,5G,Basic,Existing,0,1,1,1,0,145.71237230678264,1,0
North,Store,DSL,Standard,Existing,1,1,1,1,0,62.910204857589335,1,0
East,Store,5G,Premium,New,1,1,0,1,1,130.93819846307736,2,0
South,Store,Fiber,Standard,Existing,1,1,1,1,1,69.19744403134806,0,0
North,Phone,Fiber,Premium,New,1,1,0,1,0,121.65921002543817,3,0
South,Phone,DSL,Premium,Existing,1,1,0,1,0,119.78338980155613,0,0
West,Store,DSL,Standard,New,1,1,0,0,1,87.7679642283104,1,1
North,Phone,Fiber,Standard,Existing,1,1,0,1,1,48.67327696848285,3,0
North,Phone,Fiber,Basic,New,1,1,1,1,1,166.1225820347952,1,0
East,Store,DSL,Standard,New,1,1,1,1,0,116.0452618289947,0,0
North,Online,Fiber,Standard,New,1,1,1,0,1,148.61777489872858,2,1
South,Phone,Fiber,Basic,New,1,1,1,1,1,179.714373651367,2,0
East,Phone,DSL,Standard,Existing,1,1,1,1,0,80.88315485392918,1,0
West,Online,5G,Basic,Existing,0,1,1,0,1,132.58239912413717,0,1
South,Online,Fiber,Basic,Existing,1,1,0,1,1,171.15794357077894,0,0
West,Online,5G,Standard,Existing,1,1,1,1,0,189.26464446230418,1,0
West,Store,5G,Basic,New,1,1,1,1,0,50.958000070476984,0,0
West,Online,Fiber,Basic,Existing,1,1,1,1,0,63.90426491330304,0,0
North,Store,5G,Basic,Existing,1,1,1,0,1,59.49903528002446,0,0
South,Online,DSL,Standard,Existing,1,1,1,1,0,57.102942140020225,1,0
South,Online,Fiber,Standard,Existing,1,1,1,1,0,187.46337321722694,0,0
North,Store,Fiber,Basic,New,1,1,1,1,0,142.3964676833881,0,0
East,Store,5G,Standard,New,1,1,1,1,0,180.1746970918538,0,0
West,Online,Fiber,Premium,Existing,1,1,1,1,1,108.85314511921902,1,0
South,Online,Fiber,Basic,Existing,1,1,1,0,1,182.7815803530408,1,0
North,Online,5G,Premium,New,0,1,1,1,0,141.82831479852024,1,0
West,Phone,5G,Standard,New,1,0,1,1,0,167.61405769872735,2,1
East,Online,Fiber,Premium,Existing,0,0,1,1,1,132.4770643842442,1,1
East,Store,Fiber,Standard,Existing,0,1,1,1,0,87.79863339597291,1,0
West,Phone,DSL,Standard,Existing,1,1,0,1,0,130.38975528699729,0,0
East,Store,DSL,Basic,Existing,1,1,0,1,0,156.27448135080655,3,0
South,Phone,Fiber,Premium,New,0,1,1,0,1,146.93544888642316,1,1
South,Phone,Fiber,Basic,New,1,1,1,1,1,114.53216186925584,1,0
South,Store,DSL,Premium,New,1,1,0,1,1,43.40268558810212,1,0
East,Phone,5G,Standard,New,1,1,1,1,0,132.6799290928998,1,0
South,Store,Fiber,Standard,New,1,1,1,0,0,188.0985188214692,1,0
North,Online,DSL,Basic,New,1,1,1,1,1,188.07829662082992,0,0
South,Phone,DSL,Premium,Existing,1,1,1,1,1,177.67823819124624,3,0
South,Store,Fiber,Premium,New,1,1,0,0,1,139.09944561644397,0,1
East,Phone,Fiber,Standard,Existing,1,1,1,1,1,121.50241344749197,0,0
South,Store,DSL,Basic,New,1,1,0,1,1,43.68381876486892,0,0
West,Online,Fiber,Standard,Existing,1,0,1,1,0,96.05349440079976,0,0
North,Online,5G,Standard,New,1,1,1,1,0,176.58214265793487,2,0
East,Phone,Fiber,Basic,New,0,1,0,0,0,65.36286050415269,0,1
North,Phone,DSL,Premium,Existing,1,1,0,1,0,169.15014440999312,1,0
West,Store,DSL,Premium,Existing,1,1,1,1,1,83.40348508281593,0,0
East,Store,Fiber,Standard,Existing,1,1,1,1,0,127.55740066586941,2,0
East,Phone,DSL,Premium,Existing,0,1,1,1,0,86.761241875941,1,0
South,Store,5G,Basic,New,1,1,1,1,0,83.79701090324036,0,0
North,Store,Fiber,Premium,New,1,0,1,1,0,179.59568777222236,0,0
West,Store,Fiber,Premium,New,1,0,1,1,1,150.5894675220111,0,0
West,Phone,DSL,Standard,New,1,1,1,1,0,74.45646629051257,2,0
East,Online,5G,Premium,New,1,1,1,1,0,116.45018236225523,2,0
South,Online,Fiber,Basic,Existing,1,1,1,1,0,122.01320360167854,1,0
East,Store,DSL,Standard,New,1,1,1,1,1,156.72740055349715,1,0
East,Phone,Fiber,Basic,New,1,1,0,1,0,148.82390482050874,0,0
East,Store,5G,Premium,Existing,1,1,1,1,1,147.809586592688,1,0
East,Online,DSL,Premium,New,1,1,1,1,0,100.90588844744818,2,0
West,Store,Fiber,Standard,Existing,1,1,1,1,1,77.01339240797313,2,0
West,Online,DSL,Basic,New,1,1,1,1,0,120.42844720945087,1,0
East,Phone,DSL,Premium,New,1,1,1,1,0,160.79986264436957,0,0
East,Store,5G,Premium,New,1,1,0,1,1,183.67559947589373,0,0
South,Phone,5G,Standard,Existing,1,1,0,1,1,157.36862319614835,0,0
East,Store,Fiber,Premium,Existing,1,1,1,1,0,103.22342894927755,1,0
West,Store,DSL,Premium,Existing,1,1,1,1,0,193.15518948948286,2,0
North,Store,DSL,Premium,New,1,1,1,0,0,178.65324883968935,2,1
West,Store,DSL,Basic,Existing,1,1,1,1,0,184.778851532767,1,0
South,Store,Fiber,Basic,New,0,1,1,0,1,85.37567653552688,0,1
West,Phone,5G,Basic,New,1,1,1,1,0,197.26781339207324,0,0
North,Phone,5G,Premium,Existing,1,1,1,1,0,83.15295269529463,1,0
East,Online,DSL,Standard,Existing,0,0,1,1,0,66.14797237925168,0,1
North,Store,Fiber,Standard,Existing,1,1,0,1,0,73.94077958231475,2,0
East,Online,DSL,Standard,New,1,1,1,1,1,143.85394367944565,1,0
East,Phone,5G,Basic,Existing,1,1,0,1,1,104.10583193083988,0,0
West,Online,DSL,Basic,New,1,1,1,1,0,65.69223866858879,0,0
West,Phone,DSL,Basic,New,1,1,1,0,0,159.63515305142397,1,0
West,Store,DSL,Basic,Existing,1,1,1,1,1,62.37276594466857,0,0
South,Online,5G,Premium,New,1,1,0,1,0,51.59902804522032,0,0
West,Online,Fiber,Standard,Existing,1,1,1,1,1,177.17281076108299,2,0
South,Online,DSL,Standard,New,1,1,1,1,1,126.67875084195819,2,0
West,Online,5G,Basic,New,1,1,1,1,0,142.07248581211866,0,0
East,Store,DSL,Standard,New,0,1,1,1,0,199.81728665105206,0,0
South,Phone,Fiber,Standard,Existing,1,1,1,1,1,192.96311515021011,1,0
North,Phone,DSL,Basic,New,0,1,1,1,0,106.4105646189567,0,0
South,Store,Fiber,Basic,New,1,1,1,1,0,118.9583734653144,2,0
South,Phone,5G,Basic,New,1,1,1,1,0,49.580541987435325,1,0
North,Online,Fiber,Basic,Existing,1,1,0,1,0,118.13839686013884,0,0
South,Store,Fiber,Premium,New,0,1,1,1,1,84.84033975885431,0,0
East,Phone,5G,Standard,New,1,1,1,1,1,161.10446020152693,4,0
West,Store,Fiber,Premium,Existing,0,1,1,1,1,97.97730561365411,0,0
North,Store,Fiber,Standard,New,1,1,1,1,0,42.18791548772309,0,0
West,Phone,5G,Premium,Existing,1,0,0,1,1,153.80949963223117,0,1
East,Phone,Fiber,Basic,Existing,1,1,1,1,0,72.83254877148042,0,0
North,Store,Fiber,Premium,Existing,1,1,1,1,0,83.97766737758742,0,0
West,Store,DSL,Basic,New,1,1,1,1,1,52.503069833302014,1,0
West,Phone,Fiber,Basic,New,1,0,1,1,1,164.79926988491607,0,0
East,Store,Fiber,Premium,New,1,0,1,1,0,79.28953637779117,0,0
West,Phone,Fiber,Standard,New,1,1,1,1,0,162.04963838340905,2,0
East,Store,5G,Premium,New,1,1,1,0,0,43.90387844511867,2,1
South,Store,Fiber,Basic,New,1,1,1,1,0,143.15765847629336,0,0
East,Store,5G,Basic,Existing,1,1,1,0,0,59.27729547339693,0,0
South,Phone,5G,Standard,Existing,1,1,1,1,1,107.51175108873841,0,0
North,Online,Fiber,Standard,Existing,1,1,1,1,1,89.56214374603091,2,0
West,Phone,Fiber,Standard,New,1,0,1,1,1,164.86067209279554,0,0
East,Store,Fiber,Basic,Existing,1,1,0,1,1,166.89954211519353,1,0
East,Online,Fiber,Premium,Existing,1,1,1,1,1,176.30071979456676,0,0
West,Online,Fiber,Standard,New,1,1,1,0,1,42.51210737197398,0,0
West,Store,Fiber,Basic,New,1,1,1,1,0,175.95866968498876,0,0
North,Phone,Fiber,Premium,Existing,0,1,1,1,0,78.68460907460032,0,0
North,Online,5G,Standard,Existing,0,1,1,1,0,173.61341770117116,1,0
East,Online,DSL,Premium,New,1,1,1,1,0,173.81418238064563,0,0
North,Phone,5G,Premium,Existing,1,1,1,1,0,75.69698246388269,0,0
South,Phone,Fiber,Basic,Existing,1,1,1,1,0,79.35573098595938,0,0
North,Online,DSL,Basic,New,1,1,1,1,0,65.92556465260962,1,0
North,Phone,DSL,Basic,Existing,1,1,0,1,0,68.58572557128909,1,0
East,Online,Fiber,Premium,New,1,1,1,0,0,192.7769800577372,3,1
South,Store,Fiber,Standard,New,1,1,1,1,0,101.5616693944955,1,0
North,Phone,5G,Standard,Existing,0,1,1,1,1,46.367918424629444,0,0
South,Online,DSL,Standard,Existing,0,1,1,0,1,92.69505924103329,0,1
South,Phone,DSL,Basic,New,1,1,1,1,0,47.78624284032016,1,0
South,Phone,Fiber,Standard,New,1,1,1,1,1,197.04341630022788,0,0
West,Online,Fiber,Standard,Existing,1,1,0,1,1,146.40969823498187,2,0
West,Store,DSL,Basic,New,1,1,0,1,0,121.97478888594866,0,0
West,Online,DSL,Standard,Existing,1,1,1,1,0,58.009878692640804,1,0
West,Phone,Fiber,Standard,Existing,0,1,1,1,1,82.61964293341174,0,0
East,Online,Fiber,Standard,New,1,1,1,1,1,163.32050714929835,1,0
North,Phone,Fiber,Premium,Existing,1,1,1,1,0,184.3090140514938,0,0
West,Online,5G,Premium,Existing,1,1,1,1,1,171.27430470536922,0,0
East,Store,5G,Basic,New,1,0,1,1,0,146.98283954329455,0,0
North,Store,Fiber,Basic,Existing,1,1,1,1,0,126.84960302877428,1,0
West,Store,5G,Premium,New,1,1,1,1,0,114.34667625628522,0,0
North,Store,DSL,Basic,New,1,1,1,0,0,65.17857346003703,1,0
West,Online,DSL,Basic,Existing,1,1,1,1,1,58.92080243880949,0,0
East,Store,Fiber,Standard,New,1,1,1,1,0,169.1998515325098,0,0
South,Online,DSL,Basic,New,0,1,1,1,1,166.32289740289846,0,0
South,Phone,DSL,Basic,Existing,1,1,1,1,0,42.85530858555758,0,0
North,Phone,DSL,Standard,Existing,1,1,1,1,0,123.22130359764142,0,0
East,Phone,DSL,Standard,Existing,0,1,1,1,0,64.24893752505571,0,0
South,Store,DSL,Premium,Existing,1,1,1,1,1,162.70293816291192,1,0
West,Store,5G,Basic,New,1,1,1,1,1,69.38623653160262,0,0
South,Store,5G,Standard,New,1,1,1,1,0,122.01636083929475,1,0
North,Phone,Fiber,Basic,New,1,1,1,1,0,147.7035066469327,1,0
North,Phone,DSL,Basic,Existing,1,1,1,1,0,102.468722920286,1,0
East,Phone,5G,Premium,New,1,1,1,1,1,147.39971487092163,1,0
North,Phone,5G,Premium,Existing,1,1,1,1,1,186.25314872220548,0,0
South,Online,5G,Premium,Existing,0,1,1,1,1,155.16194990748022,0,0
South,Online,DSL,Premium,Existing,1,0,1,1,0,91.62944114278149,0,0
South,Store,5G,Premium,New,0,1,1,1,1,96.33964007224634,0,0
South,Store,Fiber,Standard,New,0,0,1,1,0,93.5327719329531,0,1
East,Phone,Fiber,Premium,Existing,1,1,1,1,0,116.830558385112,1,0
West,Online,DSL,Standard,Existing,1,1,1,1,0,54.44390113153099,0,0
West,Online,Fiber,Premium,Existing,1,1,1,1,0,43.253500295082375,0,0
East,Store,5G,Standard,Existing,1,0,1,0,1,89.60524916755932,0,1
North,Online,DSL,Basic,New,1,1,1,1,1,170.73937687218577,0,0
West,Store,Fiber,Premium,New,1,1,0,1,0,178.960011525057,0,0
North,Phone,DSL,Standard,Existing,1,1,1,1,0,159.6898431688581,1,0
West,Phone,5G,Premium,New,1,1,1,1,0,69.50686692666582,1,0
North,Store,Fiber,Standard,Existing,1,0,1,1,0,118.99622397367256,0,0
East,Phone,5G,Standard,Existing,1,1,0,1,0,121.20312020962356,1,0
South,Phone,Fiber,Premium,Existing,1,1,1,1,0,70.6681605873988,1,0
North,Online,DSL,Standard,Existing,1,1,1,1,0,98.65480421084399,0,0
South,Online,Fiber,Basic,New,1,1,1,1,0,87.11117102057607,0,0
North,Online,Fiber,Premium,Existing,1,1,1,1,0,80.48868817291407,0,0
North,Online,Fiber,Basic,New,1,0,1,1,0,104.99401293058364,0,0
North,Online,DSL,Standard,Existing,1,1,1,1,1,90.9073143769581,2,0
North,Store,Fiber,Standard,Existing,1,1,0,1,0,188.5593265721385,0,0
North,Store,5G,Premium,New,1,1,0,1,0,140.7737171117792,1,0
South,Online,DSL,Basic,New,1,0,1,1,0,132.9787259538156,0,0
North,Phone,DSL,Basic,New,1,1,1,1,1,106.85229100433395,1,0
South,Phone,5G,Premium,Existing,1,1,1,1,0,112.7647359785302,0,0
East,Store,DSL,Basic,Existing,1,0,0,1,0,112.10287638705417,1,1
West,Store,Fiber,Premium,New,1,1,1,1,1,42.80327605883464,0,0
North,Store,DSL,Premium,New,1,1,0,1,1,193.27370202868906,0,0
West,Phone,5G,Standard,Existing,1,1,1,0,1,154.57079473160667,0,0
South,Store,DSL,Standard,Existing,1,1,0,1,0,127.56940265114197,0,0
East,Phone,5G,Basic,New,1,0,1,1,0,77.84112485391971,1,0
East,Store,DSL,Premium,New,1,1,0,1,0,40.69282394725499,2,0
East,Phone,5G,Premium,Existing,1,1,1,1,0,84.53587044373336,0,0
West,Store,DSL,Premium,Existing,1,1,0,1,1,165.1604156414295,1,0
South,Store,Fiber,Premium,Existing,1,1,1,1,1,195.39812545079775,1,0
North,Phone,5G,Standard,Existing,1,1,1,1,0,161.58454072856057,0,0
North,Store,5G,Basic,Existing,1,1,0,1,1,109.05606414827552,0,0
South,Online,DSL,Standard,New,1,1,1,1,0,175.60878586364313,1,0
West,Phone,DSL,Premium,Existing,1,1,1,1,0,199.34927663553418,3,0
North,Store,DSL,Basic,New,0,1,1,1,0,89.28314119787785,1,0
South,Phone,Fiber,Basic,Existing,1,1,1,1,0,105.56108467547168,1,0
North,Store,DSL,Premium,Existing,1,1,1,1,0,109.07518937999988,1,0
East,Online,5G,Premium,Existing,1,1,1,1,0,101.3661216753303,0,0
North,Store,DSL,Standard,Existing,1,1,1,1,0,143.0023850272414,0,0
West,Store,Fiber,Standard,New,1,1,1,1,0,179.49153016015038,0,0
South,Online,DSL,Premium,Existing,1,1,1,1,1,178.55502765392816,0,0
West,Phone,DSL,Premium,Existing,1,1,1,1,1,56.52598126720861,0,0
South,Store,5G,Standard,Existing,1,1,1,0,0,44.698954836577784,0,0
East,Store,DSL,Basic,New,1,1,0,1,1,109.72092004671369,1,0
South,Online,Fiber,Basic,Existing,0,1,1,1,1,62.948616938671066,2,0
North,Phone,DSL,Basic,Existing,1,1,0,0,0,51.18006335500938,0,1
North,Phone,DSL,Standard,New,1,1,1,1,1,57.229424074109204,0,0
East,Online,5G,Premium,Existing,1,1,1,1,0,141.57661696931402,1,0
South,Online,DSL,Basic,New,0,1,0,1,0,96.06458046182442,2,1
East,Store,5G,Premium,New,1,1,1,1,1,141.03022039312668,1,0
North,Online,5G,Standard,Existing,1,0,1,1,0,47.40728981677451,0,0
West,Online,DSL,Standard,Existing,1,1,1,1,1,189.25647977915548,0,0
East,Online,5G,Premium,New,1,1,1,1,0,194.71430570317085,0,0
West,Phone,5G,Premium,Existing,1,1,0,1,0,189.4969984455478,1,0
West,Online,DSL,Premium,Existing,0,1,1,1,1,77.94387511522451,0,0
South,Store,DSL,Premium,New,1,1,0,1,1,177.6126307562573,0,0
East,Store,Fiber,Basic,New,1,1,0,1,1,102.11555139558214,1,0
West,Store,Fiber,Premium,Existing,1,1,1,1,0,151.70969333679875,0,0
West,Online,5G,Basic,Existing,1,1,1,1,0,70.21110577733369,1,0
South,Phone,5G,Standard,Existing,1,1,1,1,0,107.41277615409764,0,0
South,Online,DSL,Basic,Existing,1,0,1,1,1,183.1370610974563,1,0
North,Online,Fiber,Premium,New,1,1,1,1,1,113.21580382047355,1,0
West,Store,Fiber,Basic,Existing,1,1,1,1,0,188.87780311602518,2,0
North,Online,DSL,Standard,Existing,1,1,1,1,0,97.14453703044273,0,0
West,Phone,DSL,Premium,Existing,1,1,1,1,1,135.1751519394243,2,0
North,Store,DSL,Standard,New,1,1,1,1,0,110.7033358169675,0,0
South,Phone,DSL,Standard,New,1,1,1,1,0,60.70471269532771,1,0
East,Phone,Fiber,Premium,Existing,1,0,1,1,1,116.70900063324275,0,0
South,Phone,DSL,Basic,New,0,1,0,1,1,97.6106978009679,0,0
North,Online,DSL,Standard,New,1,1,1,1,0,71.45415753237467,2,0
North,Online,Fiber,Premium,Existing,1,1,1,1,1,107.78383596862133,1,0
East,Online,DSL,Standard,New,1,1,0,1,1,85.33829678935108,0,0
West,Online,Fiber,Basic,New,1,1,1,1,0,81.20216107661898,2,0
North,Store,Fiber,Standard,Existing,1,1,1,1,0,177.41528683724206,1,0
North,Online,DSL,Standard,New,1,1,0,1,0,162.69507939667596,0,0
North,Store,DSL,Standard,New,1,0,1,0,0,148.3015638555188,0,1
East,Phone,5G,Standard,Existing,1,1,1,1,0,98.3420723365048,1,0
South,Store,5G,Basic,Existing,1,1,1,1,1,76.99147762566888,1,0
North,Online,Fiber,Premium,New,1,0,1,1,0,141.00332627477357,1,0
East,Store,Fiber,Standard,Existing,1,1,1,1,1,84.61576797322289,1,0
North,Online,5G,Basic,Existing,1,1,1,1,0,159.98044848787515,1,0
West,Online,Fiber,Standard,New,1,1,1,1,0,117.11018685230536,0,0
East,Store,5G,Standard,New,1,0,1,1,1,185.65303090394414,0,0
North,Store,DSL,Standard,Existing,1,1,1,1,0,183.55429875870206,2,0
East,Phone,DSL,Basic,Existing,1,1,1,0,1,110.92339157514282,4,1
North,Phone,DSL,Standard,Existing,1,1,1,1,1,192.67801677849963,0,0
South,Phone,Fiber,Standard,New,1,1,0,1,1,145.72104349793676,1,0
North,Phone,DSL,Premium,New,1,1,0,1,0,136.8125832306547,1,0
East,Phone,Fiber,Basic,New,1,1,1,1,1,54.9352239392206,1,0
West,Store,DSL,Premium,Existing,1,1,1,1,1,197.19431442938819,1,0
West,Phone,Fiber,Premium,New,0,1,1,1,1,54.6578341630442,1,0
West,Store,Fiber,Premium,New,1,1,0,1,0,83.11907097725128,0,0
North,Phone,5G,Premium,Existing,0,1,1,1,1,67.251803764212,1,0
South,Online,5G,Standard,New,1,0,1,1,1,49.13515547815058,0,0
North,Phone,5G,Premium,Existing,1,1,0,0,0,199.80866539030373,0,1
West,Online,Fiber,Basic,Existing,1,1,1,1,0,91.03692463607254,1,0
East,Store,5G,Standard,Existing,1,1,1,1,1,47.37661625955887,1,0
West,Phone,5G,Premium,Existing,0,0,1,1,0,59.9975533509967,1,1
East,Store,5G,Premium,Existing,1,1,0,1,1,77.82865549465481,0,0
South,Phone,Fiber,Basic,New,1,1,1,1,1,46.18951478626201,0,0
East,Store,Fiber,Basic,Existing,1,1,1,1,1,63.4747182668484,1,0
North,Phone,5G,Premium,Existing,0,1,1,1,0,45.126911248075885,0,0
North,Phone,5G,Premium,Existing,1,1,1,1,1,66.66589193005683,2,0
North,Online,Fiber,Premium,Existing,1,1,0,1,1,111.22793593495135,1,0
East,Store,Fiber,Premium,New,1,1,1,0,0,196.12794468265412,0,0
North,Store,5G,Premium,New,1,1,0,1,0,148.2901439225296,2,0
North,Store,5G,Basic,New,1,1,1,1,0,125.93521975785072,0,0
North,Store,5G,Basic,New,1,1,1,1,0,198.3387481056383,2,0
South,Store,Fiber,Standard,Existing,1,1,1,1,1,152.55093716089678,0,0
East,Online,5G,Standard,Existing,1,1,1,1,0,99.2203731657316,1,0
East,Phone,Fiber,Basic,Existing,1,1,1,1,0,166.87284773569382,1,0
West,Online,DSL,Standard,New,0,1,0,1,1,117.11655894391674,1,0
East,Store,5G,Premium,Existing,1,0,1,1,0,46.42893262076407,1,0
South,Store,DSL,Standard,New,0,1,1,1,0,141.7370759011186,0,0
East,Phone,Fiber,Premium,Existing,1,1,1,1,0,156.84886256510538,1,0
South,Online,DSL,Premium,Existing,1,1,1,1,1,196.6278647008539,1,0
South,Phone,5G,Standard,New,1,1,1,1,0,55.64430005868756,1,0
East,Phone,DSL,Standard,Existing,1,0,0,0,0,91.56039063186711,1,1
West,Online,DSL,Premium,Existing,0,1,1,0,1,155.54122244469687,1,1
North,Phone,DSL,Basic,Existing,0,1,1,1,1,143.33956590933394,1,0
North,Online,Fiber,Standard,Existing,1,1,1,1,0,122.59084111112232,1,0
East,Online,5G,Standard,Existing,1,1,1,1,0,70.2522337659839,0,0
East,Store,Fiber,Basic,New,1,1,1,1,0,73.73848177142048,0,0
South,Phone,DSL,Standard,Existing,1,1,1,1,1,194.9500271554347,0,0
East,Store,DSL,Premium,Existing,1,1,1,1,0,56.971867269391936,0,0
South,Phone,Fiber,Basic,New,1,1,0,1,0,156.94370382077932,1,0
West,Phone,Fiber,Basic,Existing,1,1,1,1,1,40.312664358425074,4,0
East,Store,DSL,Premium,Existing,1,1,0,1,0,59.802547982856055,0,0
North,Store,5G,Premium,Existing,1,1,1,1,1,176.67240105202436,3,0
North,Store,Fiber,Premium,Existing,1,1,1,1,0,89.55596378866736,0,0
East,Online,DSL,Basic,Existing,1,1,1,1,1,199.15872879116824,0,0
South,Phone,DSL,Premium,Existing,0,1,0,1,0,157.01245402219797,2,1
North,Online,5G,Standard,New,1,1,1,1,1,98.68925169799707,1,0
South,Phone,DSL,Standard,New,1,1,1,1,0,108.3110464741034,0,0
East,Phone,Fiber,Premium,Existing,1,1,1,1,1,78.56374336023347,0,0
East,Online,DSL,Standard,Existing,1,1,1,1,0,170.83706758670667,0,0
North,Online,DSL,Standard,Existing,1,1,0,1,0,41.180389458866514,1,0
East,Phone,DSL,Basic,Existing,1,1,0,1,0,78.21851181127516,1,0
West,Store,DSL,Premium,Existing,1,1,1,1,0,179.26416168649413,1,0
West,Store,5G,Standard,New,1,1,0,1,0,195.82721841228613,1,0
North,Store,Fiber,Premium,Existing,1,1,1,1,0,110.2703878733171,1,0
West,Store,DSL,Premium,New,1,1,1,0,0,172.38271066672257,1,0
South,Phone,Fiber,Standard,Existing,0,1,0,1,0,170.48851129258134,2,1
North,Store,5G,Standard,New,0,1,1,1,1,163.58346098829406,0,0
North,Store,Fiber,Basic,New,1,1,0,1,1,174.71229218320033,0,0
South,Store,5G,Basic,New,1,1,1,1,0,191.36097533168805,1,0
West,Phone,Fiber,Basic,New,1,1,1,1,1,48.479991347882475,0,0
West,Online,Fiber,Standard,Existing,1,1,1,1,1,97.45676180377308,0,0
West,Store,DSL,Basic,Existing,1,1,1,1,0,152.18687826602766,0,0
North,Phone,Fiber,Premium,Existing,1,1,1,1,1,71.15779433868532,1,0
North,Phone,DSL,Basic,Existing,0,1,1,1,0,124.98497189108738,0,0
West,Store,DSL,Basic,Existing,1,1,1,1,0,139.74484520891923,0,0
East,Online,Fiber,Basic,New,1,1,0,1,0,66.80212176233944,1,0
West,Online,DSL,Premium,Existing,1,1,1,1,1,149.52533548372514,0,0
South,Online,Fiber,Premium,New,0,1,1,1,0,46.07212260450163,0,0
North,Phone,DSL,Standard,Existing,1,1,1,0,0,44.48664500252498,0,0
South,Store,DSL,Basic,New,1,1,0,1,1,158.6646734768151,1,0
South,Store,5G,Premium,Existing,1,0,1,0,0,144.3175943477059,0,1
North,Phone,5G,Premium,New,0,1,1,1,0,162.3734168202719,1,0
East,Store,Fiber,Premium,New,1,1,0,1,1,42.3367561036776,2,0
West,Store,DSL,Standard,Existing,1,1,1,1,0,52.47068701600347,2,0
South,Online,5G,Standard,New,1,1,1,1,1,89.11787578587612,0,0
North,Store,5G,Standard,New,1,1,1,1,0,56.555536456438546,0,0
South,Store,5G,Basic,Existing,1,1,0,1,0,93.05730766075762,1,0
West,Phone,DSL,Premium,New,1,1,1,1,1,129.67045113485713,0,0
East,Phone,Fiber,Standard,New,1,1,1,1,1,128.39222545353732,0,0
East,Online,DSL,Standard,Existing,1,1,1,1,0,54.63309957141634,0,0
East,Phone,DSL,Premium,New,1,1,1,1,0,51.495836046074345,0,0
North,Online,5G,Premium,New,1,1,1,1,1,47.10268617439173,1,0
North,Online,DSL,Basic,New,1,1,1,1,0,180.75041481277339,1,0
East,Store,DSL,Basic,New,1,1,1,1,0,161.98673694891386,0,0
West,Online,5G,Basic,Existing,1,1,0,0,1,171.78617967306138,1,1
West,Store,5G,Standard,Existing,1,1,1,1,1,42.99891527447785,1,0
North,Online,DSL,Standard,Existing,1,1,1,1,1,154.88762971412888,0,0
East,Phone,5G,Premium,Existing,0,1,1,1,0,141.35572730815483,2,0
West,Phone,Fiber,Basic,Existing,1,1,1,1,1,55.53245526974557,0,0
West,Phone,Fiber,Premium,Existing,1,1,1,1,0,133.13798563555835,0,0
West,Online,Fiber,Basic,New,1,1,1,1,0,50.22375756741732,1,0
North,Online,Fiber,Basic,New,1,1,1,0,1,112.53097099471078,1,0
East,Store,Fiber,Basic,New,0,1,1,1,1,149.38243392497918,0,0
South,Store,5G,Basic,Existing,1,1,0,1,1,49.82291045323757,0,0
East,Store,5G,Premium,Existing,1,1,1,1,1,121.78417849390252,0,0
East,Store,Fiber,Premium,New,0,1,0,1,0,150.4349513192965,2,1
North,Online,Fiber,Standard,New,1,1,1,1,0,48.09133475600119,1,0
West,Online,Fiber,Basic,Existing,1,1,1,1,0,179.2378216427196,0,0
West,Store,5G,Premium,New,1,1,1,1,0,96.71278369556856,0,0
North,Online,5G,Basic,Existing,1,1,1,1,0,90.30576758705045,0,0
North,Online,DSL,Basic,New,1,1,1,1,1,59.43583485016873,1,0
North,Online,DSL,Standard,Existing,1,1,1,1,0,197.65417012483192,0,0
North,Online,DSL,Standard,New,1,1,1,1,0,132.51119063492285,3,0
North,Store,DSL,Premium,Existing,1,1,1,1,1,133.32174759086502,1,0
South,Store,5G,Premium,New,1,1,1,1,1,137.5847035885374,0,0
East,Online,5G,Standard,Existing,1,1,1,1,0,106.77614093070206,0,0
East,Phone,5G,Premium,New,1,1,0,1,1,101.24611442026237,1,0
East,Store,5G,Premium,New,0,1,1,1,0,127.81303152086127,1,0
West,Store,Fiber,Standard,New,1,0,1,1,1,66.40023194595754,1,0
South,Phone,DSL,Basic,Existing,0,1,0,1,0,134.21809286734634,0,0
East,Store,5G,Basic,New,1,1,1,1,1,119.65034012587877,3,0
West,Phone,5G,Standard,New,1,1,1,1,1,63.69538328549646,0,0
South,Phone,DSL,Basic,Existing,1,1,1,1,0,164.7162742437938,3,0
South,Online,5G,Basic,New,1,1,1,1,0,52.076715413433874,1,0
West,Store,Fiber,Standard,New,1,1,1,1,0,78.43315691217185,0,0
South,Phone,5G,Premium,New,0,1,1,1,1,67.03236964572633,0,0
West,Online,DSL,Standard,New,1,1,1,1,0,113.24413695099241,0,0
East,Store,Fiber,Standard,New,1,1,1,1,0,153.3075202007956,0,0
West,Online,Fiber,Basic,New,1,1,0,1,0,78.75338605195623,1,0
South,Online,DSL,Standard,New,1,1,0,1,1,64.21324760403878,0,0
East,Phone,DSL,Basic,Existing,1,1,1,1,0,130.49693111559583,1,0
East,Store,Fiber,Standard,New,1,1,1,1,1,146.49939076171927,0,0
North,Online,5G,Premium,Existing,1,1,1,1,0,192.15579556513813,0,0
North,Phone,DSL,Basic,New,1,1,1,1,0,137.27598231110505,1,0
South,Phone,Fiber,Standard,Existing,1,1,0,1,1,130.87114913569144,0,0
West,Online,DSL,Basic,Existing,1,1,0,1,0,115.61266339158809,0,0
West,Online,5G,Standard,New,1,1,0,1,0,84.72379972365192,0,0
South,Phone,5G,Standard,Existing,1,1,1,0,1,192.17173505852338,0,0
East,Online,Fiber,Standard,New,1,1,1,1,0,153.7282843577088,0,0
South,Online,5G,Basic,Existing,1,1,1,1,1,115.78914988370997,0,0
South,Store,5G,Basic,Existing,1,0,0,1,0,125.14677008941294,0,1
East,Phone,5G,Premium,Existing,1,1,1,1,1,193.29137306021266,1,0
West,Online,DSL,Premium,Existing,1,1,1,1,0,117.67227552785967,1,0
South,Phone,Fiber,Premium,New,1,1,1,1,0,198.9416168206365,1,0
West,Store,Fiber,Premium,New,1,1,0,1,1,131.4038642646724,1,0
South,Phone,Fiber,Standard,Existing,1,1,1,1,0,186.72837411750473,0,0
East,Phone,5G,Basic,Existing,1,1,1,1,0,155.81564890788283,0,0
East,Phone,DSL,Standard,New,1,1,0,1,0,57.4083634198019,0,0
North,Store,Fiber,Basic,Existing,0,1,1,1,0,138.45295008154534,0,0
East,Store,DSL,Basic,Existing,1,1,1,1,0,192.47384870581214,3,0
North,Phone,Fiber,Standard,New,1,1,1,1,1,93.37742925493274,1,0
South,Phone,5G,Standard,Existing,1,1,1,0,0,97.1445838492056,1,0
West,Store,Fiber,Basic,Existing,1,1,1,1,1,58.51058575713735,0,0
East,Online,Fiber,Premium,Existing,1,1,1,1,1,121.83718902947146,0,0
East,Store,5G,Premium,New,1,1,0,1,0,87.7782282831499,2,0
East,Phone,5G,Basic,Existing,0,1,1,0,0,163.4429737701482,1,1
South,Online,Fiber,Standard,Existing,1,1,1,1,0,72.95957386205538,0,0
North,Online,DSL,Standard,New,1,1,1,1,0,158.06719564151476,0,0
South,Online,5G,Basic,New,1,1,1,1,0,105.52399886942078,1,0
West,Store,Fiber,Standard,New,1,1,1,1,1,190.2026258993082,0,0
South,Store,5G,Basic,New,1,1,0,1,1,131.76897312497658,1,0
West,Store,DSL,Basic,New,0,1,1,1,0,181.81473045978217,0,0
East,Store,Fiber,Basic,Existing,1,1,1,1,0,81.15267958851177,0,0
West,Phone,Fiber,Standard,Existing,1,1,1,1,0,191.51194662555093,1,0
West,Online,DSL,Premium,Existing,1,1,1,1,0,74.69610382102489,0,0
North,Phone,DSL,Basic,Existing,1,1,1,1,1,191.30945453053636,1,0
West,Store,Fiber,Standard,Existing,1,1,1,1,1,180.1068097167689,0,0
West,Store,DSL,Premium,New,1,1,0,1,0,72.33710862722808,0,0
South,Phone,DSL,Basic,New,1,0,1,1,0,145.07897958990208,0,0
East,Online,Fiber,Premium,New,1,1,0,1,0,99.07067257191721,0,0
South,Online,5G,Standard,New,0,1,1,1,0,104.24888096401226,0,0
South,Store,DSL,Premium,Existing,1,1,0,1,1,46.32103207562592,0,0
East,Store,5G,Premium,New,0,1,0,1,1,172.54496122972034,2,1
East,Store,5G,Standard,Existing,1,1,1,1,0,81.53099864365679,0,0
West,Store,5G,Basic,Existing,1,1,0,1,0,163.00365272820443,0,0
West,Online,DSL,Standard,New,1,1,1,1,1,134.26742981311088,3,0
North,Phone,Fiber,Standard,Existing,0,1,1,1,0,195.32418586061905,0,0
South,Online,Fiber,Basic,New,1,1,1,1,0,72.12641199764863,2,0
East,Phone,Fiber,Basic,New,1,1,1,0,0,91.28013780104942,0,0
West,Store,Fiber,Standard,New,1,1,1,1,0,66.63451430084429,0,0
East,Store,Fiber,Basic,New,1,1,1,1,0,173.16535382480805,0,0
West,Phone,Fiber,Basic,New,1,1,1,1,1,92.85341660967964,1,0
North,Store,5G,Standard,Existing,1,1,1,1,0,71.22086366129521,1,0
North,Online,5G,Standard,Existing,1,1,1,0,0,134.71984771732613,0,0
East,Store,5G,Standard,Existing,1,0,1,1,0,100.41290090144345,2,1
North,Store,DSL,Standard,New,1,1,0,1,0,169.95600782791536,1,0
East,Store,DSL,Premium,Existing,1,0,1,0,0,162.19715516338394,0,1
West,Store,DSL,Premium,Existing,0,1,1,1,0,59.186787673506146,1,0
South,Online,Fiber,Basic,Existing,1,1,1,1,0,176.94086976050218,0,0
North,Phone,5G,Premium,New,1,1,1,0,0,197.21102567925985,1,0
West,Store,DSL,Premium,New,1,1,1,1,0,160.14851181847064,1,0
South,Store,5G,Premium,Existing,1,1,1,1,0,171.83276846538763,0,0
South,Online,Fiber,Basic,Existing,1,1,1,1,0,186.79061504036267,1,0
South,Online,5G,Premium,Existing,1,0,1,1,0,165.73623680988115,1,0
West,Online,Fiber,Standard,Existing,0,1,1,1,0,133.55770317787702,1,0
West,Store,DSL,Standard,New,1,0,1,1,0,50.90576177826976,1,0
East,Phone,Fiber,Basic,Existing,1,1,1,1,0,117.51068084246285,3,0
South,Online,Fiber,Basic,Existing,1,1,1,1,1,165.27024751985874,1,0
South,Online,5G,Basic,Existing,1,1,1,1,0,80.99504562792846,2,0
South,Online,Fiber,Premium,New,0,1,1,1,1,144.56390843979221,1,0
East,Phone,DSL,Basic,New,1,1,1,1,1,90.42613247518618,1,0
South,Store,DSL,Basic,Existing,1,0,0,1,0,177.9471473080465,0,1
West,Store,Fiber,Basic,New,1,1,1,1,0,98.12080857173504,2,0
South,Store,5G,Standard,New,1,1,1,1,1,47.27494778443899,0,0
North,Online,DSL,Basic,New,1,1,1,1,1,133.17430422215142,0,0
West,Store,DSL,Standard,Existing,1,1,0,1,0,47.32098648823944,0,0
East,Online,Fiber,Standard,New,0,1,1,1,0,74.50870788685462,0,0
South,Phone,Fiber,Basic,Existing,1,1,1,1,0,120.23107549942401,3,0
North,Phone,DSL,Basic,New,1,1,1,1,1,166.92427893083305,0,0
East,Store,Fiber,Premium,New,1,1,1,1,0,91.20978137190184,0,0
East,Online,Fiber,Basic,Existing,0,1,0,1,0,86.29468110596352,1,0
West,Online,DSL,Basic,Existing,1,1,1,1,0,58.07974444205294,0,0
East,Store,5G,Basic,New,1,1,0,1,0,133.70618391598651,0,0
East,Phone,5G,Basic,New,1,1,1,1,1,125.20671367656934,0,0
East,Phone,DSL,Basic,Existing,0,1,1,1,0,41.419432525492624,3,0
East,Phone,Fiber,Basic,New,1,1,1,1,0,152.46659516823667,0,0
South,Phone,DSL,Premium,Existing,1,1,1,1,0,113.66119949364331,1,0
South,Phone,DSL,Premium,Existing,1,1,1,0,0,86.26355112056736,0,0
South,Store,Fiber,Basic,Existing,0,1,1,1,0,153.72659936828336,1,0
South,Store,5G,Premium,New,0,1,1,1,0,169.8873811430638,1,0
North,Store,5G,Standard,New,1,1,1,1,1,135.54272012670737,4,0
South,Phone,Fiber,Premium,Existing,0,1,1,1,1,55.11005511136871,0,0
East,Phone,DSL,Standard,New,1,1,0,0,0,184.92799698350882,1,1
South,Store,Fiber,Basic,Existing,1,1,1,1,1,42.85266464721971,0,0
South,Store,DSL,Standard,New,1,1,1,1,0,73.49386640513622,2,0
West,Phone,Fiber,Basic,New,0,1,1,1,1,82.30372661446248,0,0
East,Online,Fiber,Premium,New,1,1,1,0,0,99.19792692527686,1,0
South,Store,5G,Standard,New,1,1,1,1,0,96.87792880600566,0,0
South,Phone,5G,Standard,Existing,1,1,0,1,1,183.8324170486295,1,0
South,Phone,Fiber,Standard,New,1,1,1,1,0,167.38395183186827,0,0
North,Store,Fiber,Basic,Existing,1,1,1,1,1,72.22825107945461,0,0
South,Online,5G,Basic,New,1,1,1,1,1,192.65974826130963,1,0
West,Phone,DSL,Premium,Existing,1,1,1,1,0,97.96452799933772,1,0
East,Store,5G,Premium,New,1,0,1,1,0,74.96777107077548,0,0
East,Phone,DSL,Basic,Existing,0,1,1,1,0,191.31584587734253,1,0
South,Phone,5G,Premium,New,1,1,1,0,1,131.50047016655947,0,0
South,Phone,5G,Standard,Existing,1,1,1,1,1,134.35094758308617,0,0
South,Phone,DSL,Standard,New,1,1,1,1,1,144.9583802630674,0,0
East,Online,Fiber,Standard,New,1,1,1,1,0,140.0365182388587,2,0
East,Store,5G,Premium,New,1,1,1,1,0,140.78185731355154,0,0
North,Store,5G,Standard,Existing,1,1,1,1,1,40.31305639138708,0,0
West,Store,5G,Standard,Existing,0,1,1,0,0,149.70922947725754,2,1
North,Store,Fiber,Basic,New,1,1,1,1,1,158.74203991121456,0,0
West,Store,5G,Basic,Existing,1,1,1,1,1,44.30935445478031,1,0
North,Online,Fiber,Premium,New,0,0,1,1,0,139.9161714488493,0,1
East,Phone,5G,Basic,New,0,1,1,1,1,82.34407020036643,1,0
North,Phone,DSL,Premium,New,1,1,1,1,1,140.5232975512037,0,0
West,Store,5G,Premium,Existing,1,1,0,1,0,82.38677864798427,1,0
South,Phone,5G,Basic,Existing,1,1,1,1,1,55.346521316567845,0,0
West,Phone,Fiber,Basic,New,1,1,1,1,1,68.52141858291822,1,0
South,Phone,Fiber,Premium,Existing,1,1,1,1,1,186.84399037095835,0,0
East,Store,Fiber,Premium,Existing,1,1,1,1,0,110.26101705748319,0,0
West,Store,DSL,Premium,New,1,1,1,1,1,186.6128425281654,0,0
North,Online,DSL,Standard,New,1,1,1,1,1,117.43520686244567,0,0
West,Store,Fiber,Standard,Existing,1,0,1,1,0,183.7364351631441,0,0
South,Online,DSL,Basic,New,1,1,1,1,0,130.81207946214124,0,0
East,Store,Fiber,Standard,New,1,1,1,1,1,96.16450210939487,1,0
North,Phone,DSL,Standard,Existing,1,1,1,1,0,75.54128862029282,1,0
West,Online,Fiber,Premium,Existing,1,1,0,1,1,99.39408368103659,0,0
South,Online,Fiber,Standard,Existing,1,1,1,1,1,68.30797671718418,0,0
North,Online,DSL,Basic,New,1,1,1,1,0,197.03162402518637,0,0
East,Store,5G,Standard,New,1,1,1,1,1,95.78259229041905,0,0
North,Online,Fiber,Standard,Existing,1,1,1,0,0,129.10938488338238,0,0
East,Store,Fiber,Standard,Existing,1,1,1,1,0,199.4716598774694,0,0
North,Online,5G,Basic,New,1,1,0,1,0,123.02626222141897,1,0
West,Store,Fiber,Basic,Existing,1,1,1,1,0,89.70659792196757,2,0
South,Online,Fiber,Premium,Existing,1,1,1,1,1,138.24226037236608,0,0
West,Phone,DSL,Standard,New,1,1,1,1,0,170.74672766664895,2,0
West,Phone,5G,Premium,New,1,1,1,1,0,138.63109480581977,0,0
East,Online,Fiber,Premium,Existing,1,1,1,1,0,75.25700659991799,3,0
East,Store,Fiber,Basic,Existing,1,1,1,1,0,70.79441232829413,0,0
East,Store,5G,Premium,New,1,1,1,1,1,154.7488687144938,0,0
West,Store,5G,Standard,New,1,1,1,1,0,175.81832609448125,2,0
North,Phone,DSL,Premium,New,1,1,1,1,1,151.86457857890656,1,0
North,Phone,DSL,Basic,New,1,1,1,1,1,54.91975568041262,0,0
West,Phone,DSL,Basic,Existing,0,1,1,0,1,91.56013088834482,1,1
West,Store,Fiber,Basic,New,0,0,1,1,0,149.68141181931043,0,1
South,Store,5G,Standard,New,1,1,1,1,0,153.767723116657,3,0
East,Store,DSL,Premium,Existing,1,1,1,1,0,114.26628206159432,0,0
East,Online,5G,Standard,Existing,1,1,1,0,1,87.69106064420752,1,0
West,Online,Fiber,Basic,Existing,1,1,1,1,0,54.75332595766545,0,0
West,Online,Fiber,Standard,New,1,1,1,1,0,48.47738923492743,1,0
North,Phone,5G,Basic,Existing,1,1,0,1,1,58.26281030911456,2,0
West,Phone,5G,Standard,New,0,1,1,1,1,93.98314639286157,1,0
North,Store,DSL,Standard,New,1,1,1,1,1,137.5971589396812,1,0
West,Online,5G,Premium,Existing,1,0,1,1,0,175.70587530513245,0,0
South,Store,DSL,Premium,New,1,1,1,1,1,80.12308382207027,5,0
South,Online,5G,Basic,Existing,1,1,1,1,1,52.09327708469246,1,0
North,Online,5G,Premium,Existing,1,1,0,1,1,194.53760379503342,2,0
East,Store,5G,Premium,New,1,0,1,1,1,138.69628484998753,1,0
South,Store,Fiber,Standard,New,1,1,1,1,0,62.74304327665945,2,0
North,Online,Fiber,Basic,New,1,1,1,1,1,80.10523235975485,2,0
West,Online,Fiber,Standard,Existing,1,1,1,1,0,106.99050840103963,0,0
West,Phone,DSL,Standard,Existing,1,1,1,1,1,194.78014854800017,0,0
North,Store,DSL,Premium,Existing,0,1,1,1,1,58.76569146113995,1,0
East,Store,Fiber,Premium,New,0,1,1,1,1,108.3611849110769,1,0
North,Store,Fiber,Basic,Existing,1,1,1,1,0,109.95163551026263,1,0
North,Store,5G,Premium,Existing,0,0,1,1,0,198.7473505593937,4,1
South,Online,5G,Standard,Existing,1,1,1,1,1,70.83807401320733,1,0
North,Phone,DSL,Premium,New,1,1,1,1,1,114.94037723996755,0,0
North,Store,DSL,Basic,New,1,1,1,1,1,197.8973752196085,0,0
West,Online,5G,Basic,New,1,1,1,1,0,145.10744722712332,1,0
South,Online,DSL,Standard,Existing,0,1,1,1,1,66.41082934752988,1,0
West,Online,Fiber,Standard,Existing,1,1,1,1,0,189.7668092723376,2,0
West,Online,5G,Premium,New,1,1,1,1,0,126.84493815322475,2,0
East,Online,5G,Basic,New,1,1,1,1,0,170.24385860013203,1,0
East,Store,DSL,Standard,Existing,1,1,0,1,1,168.96215214743125,2,0
South,Store,5G,Premium,Existing,1,1,1,1,0,128.40633862037473,2,0
South,Phone,5G,Premium,Existing,0,1,0,1,1,170.59097008703068,1,0
East,Store,Fiber,Premium,New,1,1,1,1,1,181.5797867693769,2,0
East,Online,5G,Standard,New,1,1,1,1,1,170.0220236652083,0,0
East,Phone,5G,Standard,New,1,1,1,1,0,140.97253831192222,1,0
East,Online,5G,Premium,New,1,1,1,1,0,134.01790451558247,0,0
East,Online,5G,Premium,Existing,0,1,1,1,0,114.1486703329305,1,0
West,Store,Fiber,Standard,Existing,0,1,1,1,0,52.974974829283795,0,0
South,Online,5G,Basic,Existing,1,1,1,1,0,116.40107765439356,1,0
West,Store,Fiber,Premium,New,1,1,0,1,0,140.70892637468353,1,0
West,Online,Fiber,Basic,New,1,0,0,1,1,112.3957547040844,1,1
North,Phone,Fiber,Basic,Existing,0,1,1,1,0,106.96873092892056,1,0
West,Online,DSL,Standard,New,1,1,1,1,0,77.7854670292647,1,0
East,Store,DSL,Standard,New,1,1,0,1,0,98.56465118887911,3,0
East,Online,5G,Basic,Existing,1,1,0,1,0,72.6439106025876,2,0
North,Store,Fiber,Standard,New,1,1,1,1,1,52.46549230223857,1,0
North,Store,DSL,Basic,New,1,1,1,1,1,155.87689382784419,0,0
North,Phone,5G,Basic,Existing,1,0,1,1,0,151.9581785753216,1,0
North,Store,DSL,Standard,Existing,0,1,0,1,1,122.77968830852288,0,0
North,Phone,Fiber,Standard,Existing,0,1,1,1,1,52.655536517585816,1,0
West,Phone,5G,Premium,New,1,1,1,1,0,138.63664607322954,0,0
North,Online,Fiber,Standard,Existing,0,1,1,0,0,84.64939167707412,0,1
West,Phone,Fiber,Premium,Existing,1,1,1,1,1,191.8745130752243,0,0
South,Store,DSL,Standard,New,1,1,1,1,0,47.73019502292584,0,0
North,Store,5G,Standard,New,1,1,1,0,1,40.46446486872567,1,0
North,Phone,5G,Standard,Existing,1,1,1,1,1,173.20326093904657,1,0
West,Online,5G,Standard,Existing,0,1,0,1,0,77.12166010765435,0,0
South,Phone,DSL,Basic,New,1,1,1,1,1,147.20287143381555,1,0
West,Phone,5G,Standard,New,0,1,1,1,0,95.83828334909656,1,0
West,Store,DSL,Basic,New,1,0,1,1,0,171.75757346902316,1,0
North,Online,5G,Standard,Existing,1,1,1,1,0,176.5764182938854,0,0
East,Online,DSL,Standard,New,1,1,1,0,0,190.69860116775436,0,0
East,Online,5G,Basic,Existing,0,1,0,0,1,101.64179342269456,0,1
West,Online,DSL,Standard,Existing,1,1,1,1,0,40.95451585832704,0,0
North,Store,Fiber,Premium,Existing,1,0,1,1,0,63.056825626352605,1,0
South,Online,Fiber,Premium,New,0,1,0,1,1,89.27919305815772,0,0
East,Online,Fiber,Standard,New,1,1,1,1,0,169.2979506226451,0,0
South,Online,5G,Premium,Existing,1,1,1,1,1,185.66841084668386,1,0
East,Store,DSL,Premium,Existing,1,1,1,1,0,73.62183528180567,1,0
North,Store,Fiber,Premium,New,1,1,1,1,1,102.46290911760778,1,0
West,Online,5G,Premium,Existing,0,1,0,1,0,130.58927345607486,2,1
South,Store,DSL,Basic,New,1,1,0,1,1,84.32775113591077,2,0
South,Phone,Fiber,Basic,Existing,1,0,1,1,1,94.86631796052964,0,0
West,Online,Fiber,Basic,New,1,1,1,0,1,165.88865189557634,2,1
South,Store,5G,Premium,Existing,0,1,1,1,1,67.01961265954638,1,0
East,Online,DSL,Premium,Existing,0,1,1,1,0,126.24515948732126,0,0
West,Online,5G,Basic,Existing,1,1,1,1,0,132.9818873292338,1,0
East,Store,Fiber,Premium,New,1,1,1,1,0,62.68992174342905,1,0
East,Phone,5G,Basic,New,0,1,1,1,0,152.36573927331904,0,0
North,Online,5G,Basic,New,1,0,1,1,0,71.96306163242888,1,0
East,Phone,Fiber,Basic,Existing,0,1,1,1,1,151.59997465572155,0,0
North,Store,Fiber,Premium,Existing,1,1,1,1,1,103.88402942712577,1,0
South,Online,DSL,Basic,New,1,1,1,1,0,137.92420221451925,0,0
South,Store,DSL,Standard,New,1,1,1,1,0,133.23717814924777,0,0
North,Store,Fiber,Basic,New,1,0,1,1,0,197.4917672577357,0,0
East,Store,Fiber,Basic,Existing,1,1,1,1,1,50.17626512187478,0,0
West,Store,DSL,Standard,New,1,1,1,1,1,84.4857630819262,1,0
West,Online,5G,Premium,New,1,0,1,1,1,134.37120183974457,1,0
North,Phone,Fiber,Basic,Existing,1,1,1,1,1,161.08568411069353,0,0
South,Phone,Fiber,Standard,New,1,1,1,1,1,183.01282982848437,2,0
South,Online,5G,Premium,New,0,0,0,1,1,55.756571683249625,0,1
West,Online,DSL,Standard,New,0,1,1,1,0,84.70617818081422,0,0
North,Phone,DSL,Basic,New,1,1,1,1,0,58.15904535896047,1,0
West,Phone,5G,Standard,New,1,1,1,1,1,51.70845050164671,1,0
East,Online,Fiber,Premium,Existing,0,0,1,1,1,43.03660074718206,0,1
East,Store,5G,Basic,New,1,1,1,1,0,168.65404952454784,0,0
North,Online,Fiber,Standard,New,1,1,1,1,1,65.01515623459875,0,0
North,Phone,DSL,Premium,New,1,1,0,1,0,102.04624432382771,0,0
East,Store,Fiber,Premium,New,0,1,1,1,0,41.933707788016434,0,0
South,Phone,Fiber,Basic,Existing,1,1,1,1,0,172.76266570920555,1,0
North,Store,Fiber,Basic,New,1,1,1,1,0,57.27081681093112,0,0
East,Phone,Fiber,Basic,Existing,1,1,1,1,0,111.10296707158511,0,0
East,Store,Fiber,Basic,New,1,1,1,1,0,97.63959085521995,1,0
South,Online,DSL,Standard,New,1,1,0,1,0,80.61905313770072,0,0
South,Online,5G,Premium,New,1,0,1,1,0,113.83644690066696,0,0
South,Store,DSL,Basic,Existing,1,1,1,1,0,46.29261977447341,0,0
South,Store,Fiber,Basic,New,1,1,1,1,0,98.30332571092922,1,0
West,Online,5G,Basic,New,1,1,1,1,1,126.12291753973315,0,0
South,Online,Fiber,Standard,New,1,1,1,1,0,137.22645986192708,1,0
West,Store,DSL,Premium,New,1,1,1,1,0,127.68542238924655,1,0
North,Store,DSL,Premium,New,1,1,1,0,0,112.68247836242296,1,0
East,Online,Fiber,Basic,Existing,1,1,1,1,1,133.51530709013792,0,0
West,Phone,Fiber,Premium,New,1,1,1,0,1,54.27553474146379,1,0
North,Online,5G,Standard,Existing,0,1,1,1,0,89.54011204566244,0,0
North,Store,5G,Premium,Existing,1,1,1,1,1,194.67396377180057,3,0
West,Store,Fiber,Basic,Existing,1,1,1,1,1,193.098395148854,2,0
North,Phone,5G,Premium,New,1,1,1,1,0,140.78309646703428,0,0
North,Online,Fiber,Standard,Existing,1,1,1,1,0,119.8905925753443,2,0
West,Store,Fiber,Standard,New,0,1,1,0,1,76.83724542284325,1,1
North,Online,Fiber,Premium,Existing,1,1,0,1,0,97.62871077045165,1,0
South,Store,DSL,Premium,New,1,1,1,1,0,143.50380936146541,0,0
South,Phone,Fiber,Basic,New,1,1,0,1,0,169.96925944305735,0,0
East,Online,Fiber,Basic,New,0,1,1,1,0,172.3637065543588,0,0
North,Online,Fiber,Basic,New,1,1,1,1,0,62.15862894944544,0,0
East,Phone,5G,Premium,New,1,1,1,1,0,120.83985631479064,0,0
South,Store,Fiber,Standard,Existing,1,0,1,1,0,154.27332242719103,0,0
South,Store,DSL,Standard,New,1,1,1,1,1,151.40438864151398,1,0
South,Online,DSL,Premium,Existing,0,1,1,1,1,195.7658242186292,0,0
North,Phone,Fiber,Standard,New,1,0,1,0,1,60.35532845614476,0,1
North,Online,Fiber,Standard,New,1,1,1,1,0,113.87048249296822,1,0
South,Online,Fiber,Premium,New,0,1,1,1,0,52.48688293925838,0,0
East,Store,DSL,Standard,New,0,1,1,0,0,131.30506365933186,1,1
East,Store,5G,Premium,New,1,0,1,1,1,149.401862394177,1,0
West,Store,5G,Basic,New,1,1,1,1,1,51.98071981802927,0,0
South,Store,Fiber,Standard,New,0,1,1,1,0,125.32290362134054,2,0
East,Store,5G,Premium,New,0,1,0,1,0,195.58098654577185,0,0
South,Phone,DSL,Standard,New,0,1,1,1,1,45.641675397793676,1,0
East,Online,Fiber,Standard,Existing,1,1,1,1,0,68.49734742601903,0,0
West,Phone,5G,Basic,Existing,1,0,1,1,1,127.39494341708564,1,0
West,Online,Fiber,Premium,Existing,1,1,1,1,0,154.02308559536357,0,0
South,Store,Fiber,Basic,New,1,1,1,1,1,171.88290233717336,0,0
East,Phone,DSL,Standard,Existing,1,1,1,1,1,87.66156193214614,1,0
North,Online,DSL,Standard,New,1,1,0,1,1,93.63777460934205,1,0
West,Store,5G,Standard,New,1,0,1,1,1,166.2250295153808,0,0
South,Store,DSL,Premium,New,1,1,0,1,0,107.32602255464668,2,0
South,Phone,Fiber,Basic,Existing,1,1,1,1,0,180.1325324126883,1,0
East,Phone,DSL,Premium,Existing,1,1,1,1,0,187.20359637931938,0,0
South,Phone,5G,Standard,New,0,1,1,1,0,176.18076614842104,0,0
West,Store,5G,Basic,New,1,1,1,1,1,53.432423445468245,2,0
South,Online,5G,Standard,Existing,1,1,1,1,1,126.36526164327434,1,0
South,Online,DSL,Basic,Existing,1,0,1,1,0,191.39539694004804,2,1
North,Phone,DSL,Premium,Existing,1,1,1,0,1,194.19536332052672,0,0
North,Online,DSL,Premium,Existing,1,1,1,1,0,124.17307020896983,1,0
West,Store,DSL,Premium,Existing,0,1,0,1,1,109.23207273271233,0,0
East,Online,DSL,Premium,Existing,1,1,0,1,1,70.16265557816807,1,0
North,Store,5G,Premium,Existing,1,0,1,1,0,199.5481088648038,1,0
East,Phone,5G,Basic,Existing,1,0,1,0,1,139.1783058595855,1,1
West,Online,DSL,Basic,Existing,1,1,1,1,0,52.779131081733354,0,0
North,Store,Fiber,Standard,New,1,0,0,1,1,180.33114471560697,1,1
East,Phone,5G,Basic,New,1,1,1,0,0,145.06798852336485,1,0
North,Phone,Fiber,Standard,New,0,1,1,1,0,93.07181653455716,0,0
West,Phone,Fiber,Premium,New,0,1,1,1,0,69.63492503858546,0,0
West,Phone,5G,Basic,Existing,1,0,1,1,0,146.41540079297312,0,0
North,Online,Fiber,Basic,New,1,0,1,1,0,41.51793766906039,0,0
East,Store,Fiber,Premium,New,1,1,1,0,1,178.24531918961134,1,0
South,Online,5G,Premium,New,1,1,0,1,0,140.75296932967711,1,0
South,Store,5G,Premium,Existing,1,1,1,1,0,73.98287296354286,0,0
North,Phone,DSL,Standard,Existing,1,1,0,1,0,151.22411765680448,0,0
East,Online,5G,Standard,Existing,1,1,1,1,0,82.09554042233637,1,0
South,Phone,Fiber,Basic,New,0,1,1,1,1,181.5412661125037,0,0
West,Store,5G,Premium,New,1,1,1,1,1,145.8906286094035,0,0
East,Phone,DSL,Basic,New,1,1,1,1,0,181.80937768573654,0,0
South,Online,5G,Premium,New,1,1,1,1,0,156.76985756277907,1,0
East,Online,Fiber,Premium,Existing,1,1,1,1,0,103.07944922693872,0,0
North,Store,5G,Premium,Existing,1,1,1,1,0,170.48573972756424,1,0
East,Store,Fiber,Premium,New,1,1,1,1,0,170.60191180350782,1,0
South,Online,5G,Premium,New,1,1,1,1,1,195.326668648245,2,0
North,Online,DSL,Standard,Existing,1,1,1,1,1,139.0287114688419,2,0
East,Online,DSL,Basic,New,1,1,1,1,1,149.9072657421644,1,0
West,Online,5G,Premium,Existing,1,1,1,1,1,117.09947116372663,0,0
South,Store,Fiber,Standard,Existing,1,1,1,1,1,83.21430417998563,0,0
North,Online,DSL,Standard,Existing,1,1,1,1,0,53.1686359003684,0,0
East,Store,Fiber,Premium,New,1,1,1,1,1,160.68581415754238,0,0
West,Online,5G,Premium,Existing,1,1,1,1,0,115.13200936730301,1,0
South,Online,DSL,Standard,New,1,1,1,1,0,175.16905716442454,1,0
West,Phone,DSL,Premium,New,1,1,1,1,0,109.15015778581633,0,0
East,Phone,Fiber,Standard,Existing,1,1,1,1,1,190.77415254965646,3,0
East,Online,DSL,Premium,New,1,1,1,1,1,99.46151076170125,1,0
North,Store,Fiber,Standard,New,1,1,1,1,1,109.73589754982802,1,0
West,Online,Fiber,Premium,Existing,1,1,0,1,1,145.17807144539645,1,0
North,Phone,5G,Standard,New,0,1,0,1,0,90.83249699202854,0,0
South,Online,Fiber,Basic,New,1,1,1,1,1,140.42548609210684,0,0
North,Phone,DSL,Premium,New,1,1,1,1,0,42.09686990210951,3,0
South,Online,Fiber,Premium,New,1,1,1,1,0,79.14408973361415,1,0
East,Online,DSL,Standard,New,1,1,1,1,0,77.35107042148891,0,0
East,Store,Fiber,Premium,New,0,1,1,1,0,57.756380403321884,1,0
West,Phone,5G,Basic,New,0,1,1,1,0,188.0822101052445,1,0
South,Phone,5G,Basic,New,1,1,0,1,0,197.43494449265867,1,0
East,Phone,Fiber,Standard,New,1,1,1,1,1,46.44315653072418,2,0
West,Store,Fiber,Standard,New,1,1,1,1,0,111.10091239496884,0,0
West,Online,Fiber,Premium,Existing,1,1,1,1,1,66.56527680531923,0,0
North,Store,5G,Standard,New,1,1,1,1,1,172.72503065120463,0,0
West,Online,Fiber,Basic,Existing,0,1,1,1,0,63.58056647692992,1,0
East,Store,Fiber,Basic,New,1,1,0,1,1,69.42065633235244,0,0
North,Store,DSL,Premium,New,1,1,1,1,1,157.58654466289488,1,0
South,Phone,5G,Basic,New,1,1,1,1,1,54.268422142855464,1,0
South,Store,5G,Standard,Existing,1,1,1,1,0,191.8870605568827,1,0
East,Online,Fiber,Premium,New,1,1,1,1,1,157.30542662987617,2,0
East,Store,Fiber,Premium,New,1,1,0,1,1,196.35025473556001,0,0
North,Store,DSL,Premium,New,0,1,1,1,0,111.53535619324707,1,0
North,Online,Fiber,Standard,New,1,1,1,1,1,77.01992699394019,0,0
East,Phone,5G,Premium,Existing,1,1,1,0,1,189.74358293757928,0,0
East,Online,DSL,Premium,New,1,1,1,1,0,121.1962443463326,3,0
South,Online,5G,Basic,Existing,1,1,1,1,0,192.00102102510178,3,0
South,Online,Fiber,Basic,New,1,0,1,1,1,192.55048017197166,2,1
South,Store,DSL,Premium,New,0,0,1,1,1,167.88356209543036,0,1
East,Store,5G,Standard,Existing,1,0,1,1,1,76.13281738093983,0,0
West,Online,5G,Standard,Existing,1,1,0,1,0,77.45175333921176,1,0
East,Online,5G,Standard,New,1,1,1,1,1,143.46944335449137,0,0
East,Phone,Fiber,Standard,Existing,1,1,1,1,0,116.34311988089777,0,0
South,Store,Fiber,Basic,New,1,1,1,1,1,106.64735009715832,0,0
East,Store,Fiber,Standard,New,1,1,1,1,1,72.63358048725132,0,0
North,Store,Fiber,Standard,New,1,1,0,1,0,75.50262547067844,0,0
East,Store,5G,Premium,Existing,1,1,1,1,0,98.38398819767967,0,0
East,Online,DSL,Standard,Existing,1,1,1,1,0,141.01353733736028,0,0
East,Online,Fiber,Standard,New,1,1,1,1,1,46.72720397172675,0,0
East,Phone,DSL,Standard,New,0,1,1,1,1,102.57955776372438,2,0
West,Store,5G,Standard,New,1,0,1,1,1,159.6130723680955,1,0
East,Store,Fiber,Basic,Existing,1,1,1,0,0,107.36558456432476,1,0
North,Online,5G,Premium,Existing,1,1,1,1,0,135.50757771311822,0,0
North,Phone,Fiber,Basic,New,0,1,1,1,0,56.083727409857204,0,0
East,Online,Fiber,Premium,New,0,1,1,1,0,190.2171823027226,0,0
South,Store,DSL,Premium,Existing,1,1,1,1,0,62.23919992721717,1,0
West,Store,5G,Premium,Existing,1,1,1,1,1,143.85551005392836,2,0
East,Phone,5G,Premium,Existing,1,1,1,0,1,66.64053889606757,1,0
East,Online,5G,Basic,Existing,1,1,1,1,1,197.47708467295885,1,0
East,Store,DSL,Premium,New,1,1,0,1,1,141.24942348137236,0,0
South,Store,DSL,Standard,Existing,1,1,1,1,0,123.27735870708659,0,0
South,Phone,5G,Standard,Existing,1,1,1,1,1,175.27423075488363,0,0
South,Store,5G,Premium,New,1,1,1,1,0,67.33333321970461,2,0
West,Store,Fiber,Standard,Existing,1,0,0,1,0,107.92383583810991,0,1
North,Online,Fiber,Standard,Existing,1,1,1,1,1,196.36970157392804,1,0
West,Phone,DSL,Premium,New,1,1,1,1,0,121.08846437193029,1,0
South,Phone,Fiber,Premium,New,1,1,1,1,1,140.64117759639925,0,0
North,Phone,5G,Premium,New,1,1,1,1,0,50.899428217633904,0,0
North,Online,5G,Basic,New,1,1,1,1,1,51.51435118331914,0,0
South,Phone,Fiber,Premium,Existing,1,1,1,1,1,49.86169354498492,1,0
South,Store,Fiber,Premium,New,1,1,1,1,1,118.47197721775429,0,0
West,Phone,DSL,Basic,New,1,1,1,1,0,155.00619570442052,0,0
South,Store,Fiber,Standard,Existing,0,1,1,1,1,91.95202303496322,0,0
North,Phone,DSL,Basic,New,1,1,1,1,0,132.036291417862,1,0
East,Phone,Fiber,Standard,New,1,1,1,1,0,132.32766375702462,0,0
South,Online,Fiber,Basic,New,1,0,1,1,1,65.34159268642499,0,0
South,Phone,Fiber,Premium,Existing,0,1,1,1,0,160.14369886597743,2,0
West,Phone,Fiber,Basic,Existing,0,1,0,1,0,127.40747150246514,0,0
West,Online,5G,Premium,Existing,1,1,1,1,0,59.20732811237578,0,0
South,Store,5G,Standard,Existing,1,1,1,0,0,191.6244895670474,0,0
North,Phone,5G,Premium,New,1,1,0,1,1,79.44482283560738,0,0
North,Phone,Fiber,Basic,Existing,1,1,1,1,1,106.0852922855953,0,0
East,Store,DSL,Basic,Existing,1,1,1,1,1,191.11933921954676,1,0
South,Online,Fiber,Standard,New,1,1,1,1,0,93.19673473802371,3,0
West,Phone,5G,Premium,Existing,1,1,1,1,0,69.61222147969453,0,0
North,Online,DSL,Standard,Existing,0,1,1,1,0,197.19866863310523,0,0
East,Store,DSL,Premium,Existing,1,1,1,1,0,199.30779469403234,0,0
South,Store,5G,Premium,Existing,1,1,1,1,0,150.05119127755106,0,0
North,Online,Fiber,Standard,Existing,1,1,1,1,1,183.0615252625571,0,0
South,Store,DSL,Standard,New,1,1,1,1,0,199.80718986381643,0,0
South,Store,DSL,Premium,New,1,1,0,1,0,63.41570050615013,0,0
North,Phone,5G,Standard,New,1,1,1,1,0,174.69217663906687,1,0
North,Online,DSL,Premium,Existing,1,1,1,1,1,47.41256675879997,0,0
North,Phone,DSL,Standard,New,0,1,1,1,1,143.07082950638798,2,0
South,Online,DSL,Standard,New,1,1,1,1,1,139.85842112453707,2,0
South,Phone,Fiber,Standard,Existing,0,1,1,1,1,117.92772925334955,0,0
East,Store,Fiber,Basic,New,0,1,1,1,1,132.09385205284508,1,0
West,Online,5G,Standard,New,1,1,1,0,0,84.44409411260013,1,0
South,Online,Fiber,Basic,Existing,1,1,1,1,0,41.17229583055716,1,0
West,Online,DSL,Premium,New,1,0,1,1,1,70.10989938702158,2,1
North,Online,Fiber,Premium,New,1,1,1,1,1,189.44880256789997,1,0
South,Store,DSL,Standard,Existing,1,1,0,1,1,83.44562650417092,1,0
East,Store,DSL,Basic,Existing,1,1,1,0,0,154.05299586442032,1,0
East,Store,Fiber,Premium,Existing,1,1,1,1,0,112.81715677556099,0,0
West,Phone,Fiber,Basic,Existing,1,1,1,1,0,196.9891392165125,0,0
North,Store,Fiber,Basic,Existing,1,1,0,1,1,196.57624021565485,0,0
West,Phone,Fiber,Premium,Existing,1,1,1,1,0,124.67047774840417,0,0
North,Phone,5G,Basic,Existing,1,1,0,1,1,95.1320365232954,2,0
East,Store,Fiber,Basic,New,1,1,1,1,1,104.58224713512703,1,0
West,Store,5G,Premium,Existing,0,1,0,1,0,97.17728308529215,0,0
East,Store,DSL,Standard,Existing,1,1,1,1,0,49.370550494220296,1,0
East,Phone,5G,Standard,New,1,0,1,1,1,47.96416015935867,2,1
North,Online,DSL,Basic,Existing,1,1,1,1,1,129.8025298338593,1,0
West,Store,5G,Standard,Existing,1,1,1,1,0,132.04414406916135,1,0
West,Phone,5G,Premium,Existing,1,1,0,1,0,51.638580966338665,2,0
East,Phone,DSL,Premium,New,1,1,1,1,1,101.91651117175036,1,0
East,Store,5G,Premium,New,1,1,1,1,0,187.20874668441442,1,0
North,Phone,DSL,Basic,New,1,1,1,1,0,109.87374153019688,1,0
South,Store,Fiber,Premium,New,1,1,1,1,0,96.99388847676724,1,0
South,Phone,DSL,Basic,Existing,1,1,1,1,1,51.62589348668588,1,0
East,Online,5G,Basic,New,1,1,1,1,0,172.32413727405896,2,0
South,Phone,Fiber,Premium,New,1,1,1,1,1,134.5130693854603,1,0
South,Store,5G,Premium,New,1,0,1,1,0,66.9475295117374,1,0
South,Online,Fiber,Basic,Existing,1,1,1,1,0,106.47722038824907,1,0
South,Store,DSL,Premium,New,1,1,1,1,0,156.6824183679316,0,0
East,Phone,Fiber,Standard,Existing,1,1,1,0,0,82.40161776933047,0,0
South,Online,Fiber,Basic,Existing,1,1,1,1,1,117.85539936146677,2,0
South,Online,Fiber,Basic,Existing,1,0,0,1,1,126.90254626038696,1,1
North,Phone,5G,Premium,New,1,1,1,1,1,154.2597016343129,1,0
East,Online,Fiber,Premium,Existing,1,1,0,1,0,131.6262215721216,0,0
West,Online,DSL,Basic,Existing,1,1,1,1,1,113.020289559563,1,0
West,Online,DSL,Basic,New,0,1,1,1,1,67.66560281554858,2,0
North,Store,DSL,Basic,New,1,1,1,1,0,89.61057370898692,0,0
North,Store,Fiber,Premium,Existing,1,1,1,1,1,101.8231570555619,1,0
East,Online,DSL,Basic,Existing,1,1,1,1,1,186.24701225517103,2,0
West,Phone,5G,Standard,Existing,1,1,1,1,1,145.25666333061835,3,0
South,Phone,DSL,Standard,Existing,1,1,0,1,1,126.57846501176147,0,0
North,Store,Fiber,Premium,Existing,1,1,1,1,1,121.61005968812029,2,0
West,Phone,DSL,Basic,New,1,1,1,1,1,144.90277820639704,1,0
East,Online,Fiber,Basic,Existing,1,1,1,1,1,76.71399157777792,0,0
South,Phone,Fiber,Standard,Existing,1,1,1,1,1,108.50623481194192,2,0
East,Store,DSL,Basic,New,1,1,1,1,1,130.30557081349713,0,0
North,Store,5G,Premium,Existing,1,1,1,0,0,98.83475585652121,0,0
West,Online,5G,Premium,Existing,1,1,1,0,0,48.33828157945902,1,0
West,Store,DSL,Premium,Existing,1,1,1,1,0,108.57110959225437,3,0
West,Store,Fiber,Basic,New,1,1,1,1,1,62.244708931579424,2,0
West,Store,DSL,Basic,Existing,1,1,1,1,1,165.43983319938707,0,0
South,Phone,Fiber,Standard,New,1,1,1,1,0,120.87733765002716,1,0
South,Store,Fiber,Standard,New,1,1,1,1,0,194.629060235719,0,0
East,Phone,Fiber,Premium,New,1,1,1,1,0,98.61873442045807,2,0
South,Store,5G,Basic,Existing,1,1,1,1,1,82.45970757401594,2,0
North,Store,5G,Basic,New,1,1,1,1,0,199.61425362154404,2,0
North,Phone,DSL,Premium,Existing,1,1,0,1,1,91.71465279158815,2,0
West,Phone,5G,Premium,Existing,1,1,1,1,0,103.92278346625258,0,0
North,Online,Fiber,Standard,New,1,0,1,1,0,41.562329468180934,1,0
East,Online,Fiber,Standard,Existing,1,1,0,1,0,73.855469082913,0,0
South,Phone,DSL,Premium,New,0,1,1,1,1,164.10294416989407,0,0
South,Store,Fiber,Basic,New,1,1,1,1,0,152.8928027204674,2,0
South,Online,DSL,Standard,Existing,1,1,1,0,0,104.15582709774401,0,0
North,Phone,DSL,Premium,Existing,1,1,1,1,1,186.94026567559933,1,0
South,Phone,Fiber,Basic,Existing,1,1,0,1,1,126.92695770275566,0,0
West,Store,5G,Premium,Existing,1,1,0,1,1,140.63815301681143,1,0
West,Phone,Fiber,Basic,Existing,1,1,1,1,0,168.56314299836546,3,0
West,Online,Fiber,Standard,New,1,1,0,1,1,152.54673758366857,1,0
North,Store,DSL,Basic,Existing,0,1,1,0,1,63.88945804204704,1,1
South,Phone,5G,Basic,Existing,1,1,1,1,0,116.50248274475088,2,0
North,Phone,DSL,Premium,Existing,1,1,1,1,1,136.56111377959587,1,0
South,Store,Fiber,Basic,New,1,1,0,1,1,48.14811616366647,0,0
East,Store,DSL,Standard,New,1,1,1,1,0,79.28081885335003,0,0
East,Store,DSL,Premium,New,1,0,0,1,0,165.33872638705606,0,1
North,Online,Fiber,Premium,Existing,0,1,1,1,0,192.81804504852477,0,0
West,Online,DSL,Premium,New,1,1,1,1,0,196.85515275964326,0,0
North,Phone,Fiber,Premium,New,1,1,0,1,0,154.89381956646645,1,0
West,Phone,DSL,Premium,Existing,1,1,1,0,1,152.37623332487686,0,0
South,Store,5G,Premium,Existing,1,1,1,1,1,152.99571204094434,0,0
West,Phone,Fiber,Premium,Existing,1,1,1,1,0,87.4044675696225,0,0
West,Phone,5G,Standard,New,1,1,1,1,1,105.76050992580235,1,0
South,Store,DSL,Standard,New,1,1,1,1,0,68.69251680563411,1,0
East,Online,5G,Premium,New,0,0,1,1,0,115.22963927614822,0,1
South,Online,5G,Basic,Existing,1,1,1,1,1,46.49903836909463,2,0
North,Online,5G,Premium,Existing,0,1,1,1,1,172.62536590547657,0,0
North,Phone,DSL,Premium,New,1,1,1,1,1,191.59337413913383,1,0
North,Store,Fiber,Premium,New,1,1,0,1,1,62.10352111416768,2,0
North,Online,DSL,Basic,New,1,1,1,1,0,117.57437411111864,0,0
North,Phone,DSL,Standard,Existing,1,1,1,1,0,110.32397363097687,0,0
East,Store,DSL,Basic,Existing,1,1,1,1,1,159.32395458941457,1,0
East,Online,Fiber,Basic,New,1,1,1,1,1,122.30375386940497,0,0
West,Online,DSL,Basic,Existing,1,1,0,1,1,111.48972901130844,1,0
North,Store,DSL,Basic,Existing,1,0,1,1,0,62.35498871254034,0,0
South,Phone,Fiber,Premium,Existing,1,1,1,1,1,85.74240061324696,0,0
North,Phone,Fiber,Standard,New,0,1,1,1,1,134.04300792173157,0,0
East,Online,Fiber,Basic,New,1,1,1,1,0,46.515386047196046,1,0
North,Store,5G,Standard,Existing,0,1,1,1,0,93.38507401944707,0,0
East,Phone,Fiber,Premium,Existing,0,1,1,1,1,62.91994647167647,0,0
West,Store,5G,Premium,New,1,1,1,1,0,52.174411684812725,0,0
West,Store,5G,Standard,New,1,1,1,1,0,108.19891536488504,1,0
West,Online,DSL,Premium,New,1,1,1,1,0,88.88183536276472,0,0
East,Store,5G,Standard,New,1,1,1,1,0,131.50166007112915,0,0
North,Store,DSL,Basic,Existing,1,0,1,1,1,72.79346996899541,1,0
North,Store,5G,Premium,New,1,1,1,1,0,48.87421109672076,1,0
South,Phone,Fiber,Premium,New,1,1,1,1,1,45.61840384459462,1,0
East,Online,DSL,Standard,New,0,1,1,1,0,109.08428608157354,0,0
South,Online,5G,Premium,New,1,1,0,1,0,41.252992766069326,0,0
West,Store,DSL,Basic,New,0,1,1,1,0,48.96021442547152,2,0
North,Store,Fiber,Premium,Existing,1,1,1,0,0,94.94589130053748,0,0
East,Phone,5G,Premium,Existing,1,1,1,1,1,190.4986757708239,1,0
South,Online,5G,Premium,Existing,1,1,1,1,0,154.45899832240792,2,0
South,Phone,Fiber,Standard,New,1,1,1,1,0,158.33033956413772,0,0
South,Online,5G,Basic,New,1,1,1,1,0,67.30516754318532,0,0
North,Phone,5G,Basic,Existing,1,1,1,1,0,131.2591827390807,0,0
North,Store,DSL,Premium,New,1,0,0,1,0,76.95802942298852,1,1
North,Phone,5G,Premium,New,0,1,0,1,0,122.92768703103522,1,0
East,Store,Fiber,Standard,New,1,1,0,1,1,170.13414729037333,1,0
North,Online,5G,Basic,New,1,1,1,1,0,109.06359144301459,2,0
East,Online,DSL,Premium,New,1,1,1,1,0,76.58845853443195,2,0
South,Store,5G,Basic,New,1,1,1,0,0,89.28636957369626,0,0
South,Online,DSL,Premium,Existing,1,1,1,1,0,118.36059999076474,2,0
West,Phone,5G,Premium,New,0,1,1,0,0,169.60318192926024,0,1
North,Store,DSL,Standard,Existing,1,1,0,1,0,141.40368003198495,0,0
South,Online,DSL,Basic,New,1,1,1,1,0,192.88350284165432,0,0
North,Phone,5G,Basic,New,1,0,0,1,1,196.26548513902983,1,1
East,Phone,Fiber,Premium,New,1,1,1,1,1,90.09386667130465,0,0
South,Online,Fiber,Premium,New,1,1,1,1,1,145.62842750691968,1,0
North,Online,5G,Standard,Existing,1,1,1,1,1,153.33489479166872,0,0
South,Phone,5G,Premium,New,1,1,1,1,0,129.59343864614866,2,0
South,Store,5G,Basic,Existing,1,1,1,1,0,168.5749253119753,1,0
North,Online,5G,Standard,Existing,1,1,1,1,1,84.1717817604038,1,0
South,Online,5G,Basic,Existing,1,1,0,1,1,161.87694382411348,0,0
South,Store,Fiber,Standard,Existing,0,1,1,0,1,80.19096057817771,1,1
South,Store,DSL,Basic,New,1,1,1,1,0,126.87510766553294,1,0
South,Online,DSL,Premium,Existing,1,1,0,0,0,58.093719557385,1,1
East,Store,Fiber,Basic,New,1,1,1,1,0,149.67840209483768,0,0
South,Phone,Fiber,Basic,Existing,1,1,1,1,0,177.07165813323348,0,0
West,Phone,DSL,Standard,Existing,1,1,1,1,0,158.5682004175129,3,0
South,Phone,Fiber,Basic,Existing,1,1,1,1,0,192.5699540961504,2,0
North,Online,5G,Premium,New,1,0,1,1,1,198.20614196968384,0,0
West,Store,Fiber,Standard,Existing,1,1,1,1,0,113.73880123302209,0,0
East,Phone,Fiber,Standard,New,1,1,1,1,1,64.7692358269895,1,0
West,Store,Fiber,Basic,Existing,1,1,1,0,0,154.00609404953286,1,0
West,Phone,Fiber,Standard,Existing,0,1,0,1,0,107.29146727654454,2,1
West,Store,DSL,Premium,Existing,1,1,1,0,1,101.41127648669715,2,1
North,Phone,DSL,Basic,New,1,1,1,1,0,69.06479711928336,1,0
North,Phone,DSL,Premium,New,1,1,1,1,0,46.48569011952597,0,0
North,Phone,DSL,Basic,New,1,1,1,1,0,162.2280353830996,0,0
East,Phone,5G,Basic,Existing,1,1,1,1,0,117.09267784310165,1,0
North,Phone,5G,Standard,Existing,1,1,1,1,0,103.5477729126285,2,0
North,Phone,DSL,Standard,Existing,1,1,1,1,1,98.69597367787564,1,0
West,Phone,DSL,Standard,Existing,1,1,1,1,0,120.68822620927294,0,0
North,Phone,DSL,Basic,New,1,1,1,1,1,158.7431118241644,0,0
South,Phone,Fiber,Standard,Existing,1,1,1,0,0,109.47435709592291,0,0
North,Store,5G,Premium,New,1,1,1,1,1,55.255722244885135,2,0
East,Store,5G,Standard,New,1,1,1,1,0,81.37292833950598,0,0
East,Online,Fiber,Premium,New,1,1,1,1,0,61.32199468824215,3,0
South,Phone,Fiber,Standard,Existing,1,0,1,1,0,70.41098100815117,1,0
East,Store,Fiber,Basic,New,1,1,0,1,0,179.9327525880223,0,0
East,Store,5G,Standard,New,1,1,1,1,0,67.52453407066312,1,0
West,Store,Fiber,Premium,New,1,1,1,1,1,156.16758017677518,1,0
South,Store,Fiber,Premium,Existing,1,1,1,1,0,88.33556243624783,0,0
West,Store,Fiber,Standard,New,1,1,1,1,1,184.2129539168831,0,0
West,Store,DSL,Premium,New,1,1,1,1,0,139.54335167881254,3,0
North,Online,Fiber,Basic,New,1,1,1,1,0,147.96484927153577,1,0
South,Store,DSL,Standard,New,0,1,1,0,0,124.04644076066342,0,1
North,Online,5G,Premium,New,1,1,0,1,1,188.3358524356991,0,0
North,Online,5G,Standard,New,1,1,1,1,0,65.24659226364929,1,0
West,Phone,5G,Standard,Existing,1,1,1,1,0,85.81616622358366,1,0
East,Phone,DSL,Standard,New,1,1,1,1,1,184.72814139465245,1,0
South,Phone,Fiber,Standard,Existing,1,1,0,1,1,198.23890884695962,1,0
East,Store,5G,Standard,Existing,1,1,1,1,1,163.25029737634034,0,0
West,Phone,Fiber,Basic,Existing,0,0,1,1,1,74.0032308552513,0,1
West,Store,DSL,Standard,Existing,1,1,1,1,1,185.33059375212264,2,0
West,Store,5G,Basic,New,1,1,1,1,0,66.84936193259526,3,0
West,Phone,Fiber,Standard,Existing,1,1,1,1,0,179.9874669805937,1,0
West,Phone,Fiber,Premium,New,1,1,1,1,1,101.29002039512044,3,0
West,Online,5G,Standard,New,1,1,1,1,1,47.67743086739781,0,0
East,Online,Fiber,Standard,New,0,1,1,1,0,137.88817343122105,2,0
North,Store,DSL,Premium,Existing,1,1,0,1,0,99.10145872153933,1,0
East,Store,5G,Basic,New,1,0,0,1,1,43.07775775784986,0,1
South,Phone,5G,Basic,New,0,1,1,1,0,64.11949331643893,0,0
East,Phone,5G,Basic,Existing,1,1,1,1,0,112.94981809901797,1,0
West,Online,5G,Basic,New,1,1,1,1,1,144.36467010629565,0,0
East,Phone,DSL,Premium,New,1,1,1,1,0,45.25450726366566,1,0
North,Store,DSL,Basic,New,1,1,1,1,0,123.32462730287538,1,0
South,Phone,Fiber,Basic,Existing,1,1,0,1,0,47.53130802605307,0,0
East,Online,DSL,Basic,New,1,1,1,1,1,184.3836953035861,0,0
North,Store,Fiber,Basic,New,1,1,1,1,0,153.12167060920865,0,0
East,Online,Fiber,Basic,New,1,0,1,1,0,53.42867266538677,0,0
South,Online,5G,Standard,New,1,0,0,1,0,121.22376459402025,2,1
East,Store,Fiber,Standard,Existing,1,1,1,1,0,157.6173781042594,0,0
West,Online,5G,Basic,Existing,0,1,1,1,0,86.07426367768802,1,0
East,Phone,Fiber,Premium,Existing,1,1,1,1,0,70.04584154545553,2,0
North,Phone,DSL,Premium,New,1,1,1,1,0,148.11220633493232,3,0
East,Online,5G,Standard,New,1,1,1,1,1,164.6221157286198,1,0
North,Phone,Fiber,Premium,New,1,1,1,1,0,104.12851167783631,3,0
South,Online,DSL,Standard,Existing,1,1,1,1,0,78.44742148554353,0,0
East,Phone,DSL,Basic,Existing,1,1,1,1,0,190.70934974891156,1,0
South,Online,5G,Basic,New,1,1,1,1,0,125.80220890144875,1,0
South,Phone,5G,Premium,New,1,1,0,1,1,118.43606604057217,0,0
East,Store,5G,Premium,New,1,1,1,1,1,156.9169462563903,0,0
North,Store,Fiber,Premium,Existing,0,1,1,1,1,183.37646384821494,0,0
South,Phone,5G,Basic,New,1,1,1,1,0,88.91719057715193,1,0
South,Online,DSL,Basic,Existing,1,1,1,1,1,170.0622600578208,1,0
East,Phone,DSL,Premium,Existing,1,1,1,1,0,189.3455404598348,0,0
East,Online,5G,Premium,New,1,0,1,1,1,193.8845352954865,1,0
East,Phone,5G,Premium,New,1,0,1,1,0,150.04184344162854,4,1
East,Phone,DSL,Premium,New,1,1,1,1,0,163.3373793866225,0,0
East,Store,Fiber,Standard,Existing,1,1,1,1,0,174.80120545799645,0,0
West,Online,DSL,Premium,New,1,1,1,1,0,166.77928113971564,1,0
East,Online,DSL,Premium,Existing,1,1,1,1,0,69.94636481491074,1,0
North,Online,DSL,Standard,Existing,1,1,0,1,1,40.36328815375526,1,0
South,Online,5G,Standard,New,1,1,0,1,0,131.80902736323378,0,0
North,Online,Fiber,Standard,New,1,1,0,1,0,139.98256446067074,0,0
North,Store,Fiber,Standard,Existing,1,1,1,1,0,76.1329567229223,0,0
West,Phone,5G,Premium,Existing,1,1,1,1,1,69.98201040188455,0,0
East,Online,DSL,Basic,New,1,1,1,0,0,125.16408136181832,1,0
South,Online,5G,Basic,Existing,1,1,1,1,0,182.90836766592759,0,0
North,Phone,5G,Basic,New,1,1,1,1,0,70.0487473562154,0,0
East,Store,Fiber,Basic,New,1,1,1,1,0,180.0026176142197,0,0
East,Store,Fiber,Basic,New,0,1,1,1,1,178.0789739996406,1,0
West,Store,5G,Basic,New,1,1,0,1,0,80.05379877661156,0,0
West,Phone,5G,Standard,Existing,1,1,1,1,0,167.63389009675632,1,0
West,Phone,Fiber,Standard,New,1,1,1,1,0,193.38817086530835,1,0
South,Store,Fiber,Basic,New,1,1,0,1,1,65.23705608007074,1,0
North,Store,DSL,Premium,Existing,0,1,1,1,1,127.3559311878034,1,0
West,Phone,5G,Premium,Existing,1,1,1,1,0,169.06260780161503,0,0
West,Store,DSL,Basic,New,1,1,1,1,1,93.09295188799524,1,0
West,Online,DSL,Premium,New,1,0,1,1,1,52.17893905547177,0,0
North,Phone,DSL,Standard,Existing,1,1,1,1,0,59.64560787789685,0,0
North,Store,Fiber,Standard,Existing,1,1,1,1,0,93.34028975401546,0,0
West,Online,DSL,Premium,New,1,1,1,1,0,46.8113378113099,0,0
West,Phone,Fiber,Basic,Existing,1,1,1,1,1,47.28780934839881,1,0
East,Phone,Fiber,Standard,Existing,1,0,0,1,0,195.959034234662,1,1
West,Online,Fiber,Premium,Existing,1,1,1,1,0,59.70208224090379,0,0
South,Phone,5G,Premium,Existing,1,1,1,1,0,66.13493644048776,1,0
South,Store,DSL,Standard,New,1,1,0,1,1,134.540128244566,2,0
West,Phone,Fiber,Standard,New,1,1,1,1,0,170.378143506138,0,0
North,Store,5G,Basic,New,0,1,1,0,1,65.54510199066767,3,1
East,Online,5G,Premium,New,0,1,1,1,1,46.884794812660516,0,0
North,Online,5G,Basic,Existing,1,1,1,1,1,75.15988411865794,5,0
West,Phone,Fiber,Standard,Existing,1,1,1,1,1,120.62921913232023,0,0
South,Online,Fiber,Premium,Existing,1,1,1,1,1,198.63347641471663,1,0
East,Online,Fiber,Standard,Existing,1,1,1,1,0,138.89296519985862,0,0
North,Phone,5G,Standard,New,1,1,1,1,0,75.4850683407959,0,0
North,Store,Fiber,Standard,New,1,1,0,1,0,41.76839011793264,0,0
West,Phone,DSL,Basic,Existing,1,1,1,1,0,66.56926127947693,4,0
East,Phone,Fiber,Standard,New,1,1,0,1,1,144.98925200405037,0,0
South,Store,Fiber,Basic,New,1,1,1,1,1,90.98775852895875,1,0
West,Store,DSL,Standard,Existing,1,1,1,1,1,128.80903113491138,0,0
East,Store,Fiber,Standard,New,1,1,1,1,0,133.7326105522436,1,0
North,Phone,Fiber,Premium,New,1,1,1,0,0,65.44296890523285,1,0
West,Store,Fiber,Standard,Existing,1,0,1,1,1,105.37117193407455,0,0
North,Online,Fiber,Premium,Existing,1,1,1,1,1,128.59074745633848,1,0
North,Store,5G,Premium,Existing,1,1,1,1,1,178.75508523082712,0,0
West,Online,Fiber,Basic,New,1,1,0,1,0,167.92017003556168,0,0
West,Store,DSL,Premium,Existing,1,1,1,1,0,147.76465084123197,1,0
West,Online,DSL,Premium,Existing,1,1,1,1,1,164.34971364151482,1,0
West,Online,5G,Standard,New,1,1,1,1,1,193.35191439901735,0,0
West,Online,Fiber,Standard,New,1,1,1,1,1,162.0751018380805,2,0
North,Online,DSL,Basic,Existing,1,1,1,1,0,72.63708656942168,1,0
South,Online,5G,Premium,New,1,1,1,1,0,93.77361314928211,1,0
South,Store,Fiber,Premium,New,1,1,1,0,1,98.86557276658431,0,0
West,Phone,5G,Basic,Existing,1,1,0,1,1,110.00895610865201,0,0
North,Phone,Fiber,Standard,Existing,1,1,1,1,1,141.37160055426534,0,0
South,Phone,5G,Premium,New,1,1,1,1,0,107.21979556138845,0,0
South,Phone,5G,Basic,Existing,1,0,1,1,0,114.43053753662363,0,0
South,Phone,DSL,Standard,New,1,1,1,1,0,134.902201882212,0,0
North,Online,DSL,Basic,New,1,1,1,1,1,169.67446472640088,0,0
West,Store,5G,Basic,New,1,1,1,1,0,111.75578813664572,1,0
West,Online,Fiber,Premium,New,1,1,1,0,1,140.89104091486624,0,0
West,Store,Fiber,Standard,Existing,1,1,1,1,0,114.41114891756938,0,0
East,Store,Fiber,Premium,New,0,1,1,1,0,199.61054696910196,0,0
East,Store,Fiber,Premium,Existing,1,1,0,1,0,190.96189059768935,2,0
East,Store,Fiber,Standard,New,1,1,1,1,1,126.52712421772972,0,0
North,Phone,DSL,Standard,New,0,1,1,1,1,170.46117555460222,1,0
South,Store,5G,Standard,Existing,1,1,1,1,0,178.1199793716983,0,0
South,Store,DSL,Premium,Existing,1,1,1,1,0,44.45927309236492,0,0
North,Phone,Fiber,Standard,New,1,1,1,1,0,187.21850575354063,0,0
North,Online,5G,Standard,New,1,1,1,1,0,177.66827822165823,0,0
West,Online,Fiber,Standard,Existing,1,1,0,1,0,171.02249580773602,1,0
West,Online,Fiber,Basic,Existing,0,1,1,1,1,130.82226921242508,0,0
East,Online,5G,Standard,Existing,1,1,1,0,1,76.44439368498078,0,0
East,Store,Fiber,Premium,New,1,1,1,1,0,120.24324680120444,0,0
North,Phone,DSL,Basic,Existing,0,1,1,1,1,167.89574834708372,1,0
East,Phone,DSL,Premium,New,1,1,1,1,0,112.26649080074587,1,0
South,Online,DSL,Basic,Existing,1,1,1,1,1,197.97557196294827,1,0
North,Phone,Fiber,Standard,Existing,1,1,1,0,1,76.26710296848218,0,0
North,Store,DSL,Basic,Existing,1,1,1,1,1,185.72432037627357,1,0
South,Online,Fiber,Premium,New,1,1,1,1,1,91.64646158264672,0,0
West,Store,Fiber,Basic,Existing,1,1,1,1,0,174.1821496540656,2,0
West,Store,DSL,Standard,Existing,1,1,1,1,0,109.52000816777431,3,0
South,Store,DSL,Standard,New,1,1,1,1,0,173.21825936348478,0,0
South,Store,Fiber,Premium,Existing,0,1,1,1,1,134.2765830665869,0,0
East,Store,Fiber,Basic,New,1,1,1,1,0,185.1441597577536,1,0
North,Online,Fiber,Premium,New,1,1,1,1,1,116.5677007672251,1,0
East,Store,Fiber,Premium,New,1,1,1,0,0,189.3078227505378,1,0
South,Online,DSL,Premium,Existing,1,0,1,1,0,60.38457524580066,1,0
East,Phone,Fiber,Standard,Existing,1,1,1,1,0,169.43254642561814,0,0
South,Store,Fiber,Basic,New,1,1,1,1,0,75.32682441114204,1,0
East,Store,Fiber,Standard,New,1,1,1,1,1,76.79693744138474,1,0
East,Phone,Fiber,Standard,New,1,1,1,1,0,50.49981730146948,1,0
West,Online,Fiber,Standard,Existing,1,1,1,1,0,157.0891783062881,0,0
South,Store,5G,Basic,New,1,1,1,1,0,143.01158370153797,0,0
East,Phone,5G,Standard,New,1,1,1,1,1,93.61448420353908,1,0
North,Phone,5G,Standard,Existing,1,1,1,1,0,196.12611117459133,1,0
East,Store,DSL,Standard,Existing,1,0,1,1,1,49.29973403144112,1,0
East,Online,Fiber,Basic,New,1,1,1,1,0,163.17782104177104,0,0
North,Online,DSL,Basic,New,0,1,1,1,0,82.22618491275084,0,0
South,Store,Fiber,Premium,New,1,1,0,1,0,50.72202057406969,0,0
West,Phone,5G,Standard,New,1,1,1,1,1,141.87962890640165,1,0
West,Store,Fiber,Standard,Existing,1,1,1,1,1,92.6559104206831,2,0
West,Online,DSL,Basic,New,1,1,1,1,0,112.08154031198552,0,0
North,Phone,DSL,Basic,Existing,1,1,0,1,0,115.64531165157288,1,0
East,Store,Fiber,Standard,Existing,1,1,1,1,0,46.50907759857439,0,0
South,Phone,DSL,Premium,New,1,0,1,1,0,125.08563001906208,0,0
East,Online,5G,Premium,Existing,1,1,1,1,1,46.29156255906187,1,0
West,Online,Fiber,Standard,New,1,1,1,1,0,69.2741765350273,1,0
East,Online,5G,Premium,Existing,1,1,1,1,0,154.68059542193234,0,0
North,Store,5G,Premium,New,1,1,1,1,0,155.77702580896744,0,0
North,Phone,DSL,Standard,Existing,1,0,1,1,0,40.44863790554466,1,0
South,Store,Fiber,Premium,Existing,1,1,0,1,0,175.82048844751205,1,0
South,Store,5G,Basic,New,1,1,1,1,0,41.39123542996985,0,0
West,Store,5G,Standard,Existing,1,1,1,1,0,195.03244225277638,0,0
South,Store,Fiber,Basic,Existing,1,1,1,1,0,129.67030764697137,1,0
East,Phone,DSL,Standard,Existing,1,1,1,1,0,98.90879017678245,1,0
North,Phone,5G,Basic,Existing,1,1,1,1,0,137.13399162149474,2,0
North,Store,Fiber,Premium,Existing,1,1,1,1,0,63.76527413521025,0,0
North,Store,Fiber,Basic,Existing,1,1,0,0,1,116.35880969782431,1,1
South,Online,5G,Basic,Existing,1,1,1,1,1,150.20733355348978,0,0
North,Online,5G,Basic,Existing,1,1,1,1,1,144.70969314731332,0,0
North,Phone,5G,Basic,Existing,1,1,1,1,0,185.21706921622297,0,0
North,Online,DSL,Basic,New,1,1,1,1,0,85.49916217484436,2,0
West,Phone,DSL,Standard,Existing,1,1,1,0,1,51.283409831698904,0,0
West,Phone,Fiber,Basic,Existing,1,1,1,0,0,99.60345887388515,0,0
South,Phone,Fiber,Basic,New,1,1,1,1,1,61.248272083787505,0,0
North,Online,5G,Standard,Existing,1,1,1,1,1,182.92297588889602,2,0
South,Online,Fiber,Standard,Existing,1,1,1,1,1,197.01226876126154,2,0
North,Phone,DSL,Premium,New,1,1,1,1,0,141.52123629331416,0,0
North,Phone,Fiber,Basic,Existing,1,1,1,0,1,166.99883272551935,2,1
North,Store,Fiber,Basic,New,0,1,1,1,0,151.47146789827582,0,0
South,Phone,5G,Premium,New,1,1,1,1,0,127.67442953467065,2,0
South,Phone,5G,Basic,Existing,1,1,1,1,1,172.52053585064968,1,0
North,Store,DSL,Premium,New,1,1,1,1,0,182.9212961022409,0,0
East,Phone,Fiber,Standard,New,1,1,1,1,0,122.02582682986375,2,0
South,Phone,Fiber,Basic,Existing,1,1,1,1,0,169.78241524345503,1,0
West,Phone,Fiber,Basic,Existing,0,1,1,1,0,102.41963552276829,0,0
South,Store,5G,Standard,New,1,1,1,1,1,77.32973871658271,1,0
North,Online,DSL,Basic,Existing,0,1,1,1,0,114.07759810905668,1,0
East,Phone,Fiber,Standard,New,1,1,0,1,1,79.58351575401012,0,0
North,Store,Fiber,Standard,New,1,1,1,1,1,102.69519353991794,2,0
West,Phone,Fiber,Premium,Existing,1,1,0,1,0,142.5044018721203,1,0
South,Store,Fiber,Standard,New,1,1,1,1,0,67.51083105438524,2,0
South,Phone,DSL,Premium,Existing,1,1,1,1,0,155.89222453172206,0,0
North,Store,DSL,Standard,Existing,1,1,1,0,0,183.39700135095518,1,0
North,Online,DSL,Premium,Existing,1,1,1,1,0,101.20472960360134,1,0
West,Online,5G,Premium,Existing,1,1,1,1,0,195.9309299554252,0,0
East,Online,Fiber,Premium,New,1,1,1,1,0,150.24124660877095,1,0
West,Phone,Fiber,Premium,Existing,1,1,0,1,0,132.05840847233154,2,0
East,Store,Fiber,Basic,Existing,0,1,1,1,0,88.63090652893288,0,0
South,Phone,Fiber,Standard,Existing,1,0,0,0,0,42.63492615549721,0,1
East,Phone,DSL,Standard,New,1,1,1,1,1,106.13429475380065,0,0
East,Store,5G,Standard,Existing,1,1,1,1,0,185.87447535150662,0,0
South,Phone,5G,Standard,New,1,1,1,1,0,168.65255707758303,1,0
South,Store,Fiber,Premium,New,1,1,1,1,1,197.24963784095382,1,0
South,Store,DSL,Basic,New,1,1,1,1,1,169.2170606508618,2,0
West,Online,5G,Standard,New,1,1,1,1,1,156.7238626807023,2,0
South,Online,5G,Standard,Existing,1,1,1,1,0,53.901463066492795,2,0
North,Online,Fiber,Standard,Existing,0,1,0,1,0,196.75036470539987,1,0
South,Store,5G,Premium,New,0,1,1,1,0,86.71669892413584,0,0
South,Online,Fiber,Standard,New,1,1,1,0,0,79.00969269142621,0,0
South,Store,DSL,Standard,Existing,1,1,1,1,0,44.69543476074559,0,0
East,Phone,Fiber,Basic,New,0,1,1,1,0,104.24860661796153,0,0
West,Online,5G,Premium,New,1,1,1,1,1,183.14843169107957,1,0
South,Store,Fiber,Basic,New,0,1,1,1,1,163.11582914269815,1,0
West,Store,Fiber,Standard,Existing,1,1,1,1,0,133.79362191485973,0,0
North,Store,Fiber,Premium,New,1,1,1,1,0,159.48372421848617,1,0
North,Store,Fiber,Standard,New,1,1,1,1,1,48.449515423308455,1,0
South,Online,Fiber,Standard,New,1,1,1,1,0,70.0854056048727,1,0
North,Online,Fiber,Premium,Existing,0,1,1,1,0,114.89907739749434,1,0
West,Online,5G,Basic,New,1,0,1,1,0,147.04536182548154,1,0
East,Store,Fiber,Premium,Existing,1,1,1,1,1,131.03195605815495,0,0
South,Phone,5G,Premium,Existing,1,0,1,1,0,64.58971244522674,1,0
North,Store,Fiber,Basic,Existing,1,1,1,1,0,171.46643727722028,1,0
West,Phone,DSL,Premium,Existing,1,1,1,1,0,61.71375799600746,1,0
West,Online,Fiber,Basic,New,1,1,1,1,1,80.16968786011427,0,0
North,Store,5G,Basic,New,1,0,1,1,0,191.50575216237786,1,0
West,Store,5G,Premium,Existing,1,1,1,1,1,190.05840899290274,1,0
West,Online,DSL,Premium,New,1,1,1,1,1,66.46875300569171,0,0
South,Store,Fiber,Basic,New,1,1,0,1,0,76.63336162419506,1,0
West,Phone,DSL,Basic,Existing,1,1,1,1,0,142.9429446279022,1,0
North,Phone,Fiber,Basic,Existing,1,1,1,1,1,174.15469716375515,1,0
South,Phone,Fiber,Basic,New,1,1,1,0,1,129.2151813555622,0,0
North,Store,5G,Basic,New,1,0,1,1,0,84.85630047279204,1,0
East,Store,DSL,Premium,New,1,1,1,1,0,85.55463080484603,1,0
North,Phone,DSL,Standard,New,1,1,1,1,1,45.77666790028676,0,0
North,Store,5G,Premium,Existing,1,1,1,1,0,40.894780630835484,0,0
South,Phone,5G,Standard,Existing,1,1,1,1,0,60.51525187348183,2,0
West,Online,DSL,Basic,Existing,1,0,1,1,0,198.87917202954858,1,0
North,Phone,5G,Premium,New,1,1,1,1,1,71.3970643057925,0,0
South,Online,Fiber,Standard,Existing,1,1,1,1,0,127.88154921521308,0,0
East,Online,DSL,Basic,New,1,1,1,1,0,67.51288180794576,0,0
South,Online,DSL,Premium,Existing,1,1,1,1,1,178.60180202108015,4,0
South,Phone,5G,Standard,New,1,1,0,1,1,145.87978635404988,0,0
West,Phone,Fiber,Premium,New,1,1,1,0,1,158.72490260843222,0,0
North,Store,DSL,Standard,Existing,1,1,1,1,1,170.56112447132958,1,0
East,Store,DSL,Premium,Existing,1,1,1,1,0,169.76760646081618,0,0
South,Online,Fiber,Premium,New,1,1,1,1,1,41.15612958600492,0,0
North,Phone,5G,Standard,New,1,1,1,1,0,147.50279995058332,2,0
North,Store,5G,Premium,Existing,1,1,1,1,0,171.60566146842072,1,0
South,Store,5G,Premium,New,1,1,1,1,1,48.824395160986285,0,0
North,Store,5G,Basic,New,1,0,1,1,0,125.21672662849446,0,0
South,Phone,Fiber,Standard,New,1,1,1,1,0,67.51523070556493,0,0
South,Store,Fiber,Premium,Existing,1,1,1,1,0,74.04599207293104,0,0
South,Online,DSL,Standard,New,1,1,1,1,0,174.74086566320835,2,0
East,Phone,DSL,Premium,New,1,1,0,1,0,113.57968308281636,1,0
South,Store,Fiber,Standard,New,1,1,1,1,0,69.53064501646477,0,0
West,Store,DSL,Standard,Existing,1,1,1,0,0,159.37778607536865,1,0
North,Phone,Fiber,Basic,Existing,1,1,1,1,0,182.63204560820324,0,0
East,Store,5G,Basic,Existing,1,1,1,0,0,148.62046688081318,0,0
North,Store,Fiber,Standard,New,1,1,1,1,1,187.33079975031987,1,0
East,Online,Fiber,Premium,New,1,1,1,1,0,85.83749683786509,0,0
West,Phone,DSL,Standard,New,1,0,0,1,0,109.23992406934376,0,1
East,Store,Fiber,Premium,New,1,1,1,0,0,56.85450880309929,1,0
East,Phone,5G,Standard,New,0,1,1,1,1,51.73929885303032,0,0
East,Phone,5G,Basic,New,1,1,1,1,1,104.51096155601275,0,0
North,Online,DSL,Basic,Existing,1,1,0,1,0,149.14421998155154,0,0
South,Online,DSL,Premium,New,1,1,1,1,0,160.68656105343769,0,0
North,Phone,Fiber,Standard,Existing,0,1,1,1,1,64.1360300212554,2,0
South,Online,DSL,Premium,New,0,1,1,1,0,138.19851078043425,2,0
North,Online,5G,Basic,New,1,1,1,1,0,123.99514301473516,3,0
West,Store,DSL,Standard,Existing,1,1,1,1,1,169.26278504572474,0,0
West,Online,DSL,Basic,Existing,1,1,1,1,1,156.5909498874359,2,0
East,Online,5G,Basic,New,1,1,1,1,0,120.00199144881927,1,0
West,Store,Fiber,Standard,New,1,0,1,0,0,79.40089181108563,0,1
East,Store,Fiber,Premium,New,1,1,1,1,1,180.33142403990152,1,0
South,Phone,DSL,Standard,Existing,1,1,1,1,0,66.75819950775617,0,0
West,Online,5G,Basic,New,1,1,1,1,0,81.60562915251107,0,0
South,Store,5G,Basic,New,1,1,0,1,1,147.88144291133307,0,0
North,Online,5G,Basic,Existing,1,1,1,1,0,124.53617698959455,1,0
South,Phone,Fiber,Basic,Existing,0,1,1,1,0,56.70119825299538,2,0
North,Online,5G,Premium,New,1,1,1,1,0,117.55050137290266,0,0
South,Online,5G,Standard,New,1,1,1,0,0,58.87093275115266,0,0
South,Online,Fiber,Standard,Existing,1,1,1,1,0,57.42525118268014,1,0
West,Store,5G,Premium,New,1,0,1,1,0,80.9663827656373,1,0
South,Store,Fiber,Premium,Existing,1,1,1,1,0,67.49082127496652,1,0
West,Phone,DSL,Basic,Existing,1,1,1,1,0,198.68409920193315,0,0
West,Online,DSL,Standard,New,1,1,1,1,0,193.25411614754617,1,0
East,Phone,DSL,Standard,Existing,1,1,0,1,0,155.88567987553455,1,0
East,Phone,DSL,Standard,Existing,1,1,1,1,0,174.32252435684308,1,0
North,Store,DSL,Premium,New,0,1,1,1,0,183.7145305433029,2,0
South,Online,Fiber,Basic,Existing,1,0,0,1,1,124.74892851613048,0,1
North,Online,Fiber,Basic,Existing,1,0,1,1,0,169.32376526685476,1,0
South,Phone,Fiber,Standard,New,1,1,1,1,1,184.40945104806107,0,0
East,Online,5G,Basic,New,1,1,1,1,1,48.0708815044313,0,0
East,Store,DSL,Premium,Existing,1,1,1,1,0,168.99194800490392,1,0
South,Phone,5G,Premium,New,1,1,1,1,1,53.26875671743457,2,0
South,Phone,5G,Standard,Existing,1,1,1,1,0,191.06360849770738,0,0
East,Store,5G,Basic,Existing,1,1,0,1,0,147.60790191468794,1,0
East,Store,DSL,Premium,Existing,0,1,1,0,1,199.73390419561832,0,1
North,Store,5G,Premium,New,1,1,0,1,0,104.43132001611504,0,0
East,Store,DSL,Premium,Existing,1,0,1,1,0,177.52626193271792,3,1
South,Store,DSL,Premium,Existing,1,1,0,1,0,193.00241329278091,0,0
North,Store,DSL,Basic,New,1,0,1,1,1,87.03499983077671,0,0
South,Phone,5G,Premium,New,1,1,1,1,0,177.77586606372432,1,0
West,Online,DSL,Premium,New,1,1,1,1,0,99.85883765204791,1,0
North,Online,DSL,Basic,New,1,1,1,1,0,106.933176189731,0,0
South,Phone,Fiber,Standard,Existing,1,1,1,1,1,179.41454367932954,3,0
East,Online,5G,Standard,New,1,1,0,1,1,126.29729050710411,3,0
West,Online,Fiber,Premium,New,1,1,1,1,1,104.74213671783363,0,0
South,Phone,Fiber,Standard,Existing,0,1,1,1,1,64.30097402161897,2,0
North,Online,5G,Basic,Existing,1,1,1,1,0,109.94304258110907,1,0
South,Online,Fiber,Premium,New,1,0,1,1,0,156.8560657315482,2,1
West,Phone,DSL,Basic,New,1,1,1,1,1,150.37219802024345,0,0
North,Online,Fiber,Standard,New,1,0,0,1,1,165.2020948039579,4,1
West,Store,Fiber,Standard,New,0,0,1,1,0,160.88777136131887,1,1
South,Phone,DSL,Premium,Existing,1,1,0,1,0,97.73598764197209,0,0
East,Online,Fiber,Standard,New,1,1,1,1,0,174.17498423684572,1,0
East,Online,DSL,Premium,Existing,1,1,1,1,0,46.207021492428986,2,0
South,Store,5G,Premium,Existing,0,1,1,1,1,44.555981148488364,0,0
South,Phone,Fiber,Basic,New,1,1,1,1,1,192.97765973622725,0,0
South,Phone,5G,Standard,Existing,1,1,1,1,1,180.2344761708618,0,0
North,Online,Fiber,Standard,New,0,1,1,1,1,104.42242730339822,1,0
West,Store,DSL,Premium,New,1,1,1,1,1,174.8886420902395,2,0
West,Store,Fiber,Premium,New,1,1,1,0,0,144.01207301049678,1,0
West,Store,5G,Premium,New,1,1,1,1,0,67.20446166607334,0,0
South,Store,DSL,Premium,Existing,1,1,1,1,0,112.98268725579481,0,0
West,Store,DSL,Basic,New,1,1,0,1,1,50.13124245026212,0,0
South,Store,5G,Standard,Existing,1,1,0,1,0,93.58891541991355,0,0
North,Phone,5G,Basic,New,1,1,1,1,0,73.11710076038267,1,0
East,Online,Fiber,Standard,Existing,1,1,1,1,0,171.42600595725276,1,0
South,Online,Fiber,Basic,Existing,1,1,1,1,0,157.9781010436251,1,0
South,Store,DSL,Premium,New,0,1,1,1,1,49.77263031838234,1,0
East,Phone,5G,Basic,New,1,1,0,1,0,126.07090458054593,1,0
East,Phone,5G,Basic,Existing,1,1,1,1,0,156.1547765943953,0,0
North,Store,Fiber,Premium,Existing,1,1,0,1,1,139.72255610439964,2,0
West,Online,Fiber,Premium,Existing,1,1,1,1,1,48.63665400661782,0,0
South,Store,DSL,Standard,New,0,1,0,1,0,71.57690120198833,1,0
West,Phone,5G,Standard,New,1,0,1,1,1,101.5010971212784,3,1
South,Store,5G,Basic,New,1,1,0,1,1,60.47907431197906,0,0
North,Online,5G,Basic,New,1,1,1,1,0,63.434557538417025,1,0
East,Online,5G,Basic,Existing,1,1,1,1,0,101.81146193045903,0,0
North,Phone,Fiber,Premium,Existing,1,1,0,1,1,118.49365263214918,0,0
East,Store,Fiber,Standard,Existing,1,1,1,1,1,50.698595574177574,0,0
West,Store,Fiber,Basic,Existing,1,1,0,1,0,156.74392951492598,0,0
West,Phone,DSL,Standard,Existing,1,1,1,1,1,126.88582867071419,1,0
North,Store,5G,Standard,New,1,1,0,1,1,193.79014942117274,0,0
East,Phone,Fiber,Premium,New,1,1,1,1,0,84.89386909392807,1,0
North,Store,5G,Premium,Existing,1,1,1,1,1,81.72197687503969,1,0
East,Online,Fiber,Basic,New,1,1,1,1,1,94.28915873445806,2,0
East,Phone,DSL,Basic,New,1,1,1,1,0,127.04932516327293,0,0
West,Store,Fiber,Basic,New,0,1,1,1,0,88.86746371451316,1,0
West,Store,DSL,Basic,New,1,0,1,1,1,88.56368878875024,2,1
East,Store,5G,Basic,New,1,1,1,1,0,177.5216630674314,2,0
East,Phone,Fiber,Standard,Existing,1,1,1,1,0,55.54527638784327,0,0
East,Online,Fiber,Standard,Existing,1,0,0,0,0,119.97087538758481,1,1
West,Store,Fiber,Premium,New,1,1,1,1,0,160.6733005789471,1,0
West,Phone,5G,Premium,Existing,0,1,1,1,0,193.09084942574566,2,0
South,Store,DSL,Standard,Existing,0,1,1,1,0,181.0702123379743,0,0
East,Online,DSL,Premium,New,1,1,1,1,1,73.94883937607666,1,0
South,Online,Fiber,Premium,New,1,1,1,1,1,113.704435973972,1,0
East,Online,5G,Basic,New,1,1,0,1,1,133.02912455026274,1,0
West,Phone,DSL,Premium,New,1,1,1,0,0,91.98578244226869,1,0
South,Store,DSL,Premium,Existing,1,1,1,1,1,90.93493682447354,0,0
South,Phone,DSL,Premium,New,1,1,1,1,0,69.63427878717357,0,0
North,Store,DSL,Standard,New,1,1,1,1,1,48.06485211932069,3,0
East,Phone,DSL,Standard,Existing,0,1,1,1,0,164.58730821091214,0,0
West,Store,Fiber,Basic,New,1,1,1,1,0,111.66530952985723,0,0
North,Phone,Fiber,Premium,Existing,1,1,1,1,0,179.49094868221755,0,0
North,Store,Fiber,Standard,Existing,1,1,1,1,1,70.71395592055597,2,0
East,Phone,DSL,Basic,New,1,0,1,1,1,99.41371805075732,0,0
North,Online,DSL,Premium,Existing,1,1,0,1,0,96.85501159279238,1,0
East,Phone,DSL,Basic,New,1,1,1,1,0,136.85445062405964,1,0
North,Online,Fiber,Basic,Existing,1,1,1,1,1,118.08392060616637,1,0
East,Online,DSL,Premium,New,1,1,1,0,0,137.17545331712455,4,1
West,Store,Fiber,Standard,New,1,1,1,1,0,96.75051308086728,2,0
East,Online,DSL,Premium,Existing,1,1,1,1,0,190.6385441555646,0,0
East,Online,Fiber,Premium,New,1,1,1,1,0,189.32316231067168,1,0
South,Store,5G,Premium,Existing,1,1,1,1,0,164.48864208698134,1,0
West,Phone,DSL,Standard,Existing,1,1,1,1,1,199.31540671238952,0,0
West,Phone,DSL,Premium,New,1,1,1,1,0,73.37586387261524,1,0
West,Online,Fiber,Standard,Existing,1,0,1,1,0,109.21923471883218,0,0
North,Phone,DSL,Basic,New,1,1,0,1,0,141.03414334407415,0,0
South,Online,Fiber,Standard,Existing,1,1,0,1,1,102.33688103999349,1,0
West,Phone,Fiber,Basic,New,1,1,1,1,0,76.45379528958598,2,0
North,Phone,5G,Basic,Existing,1,1,1,1,0,46.91900170649495,2,0
North,Phone,5G,Premium,Existing,1,1,1,1,0,191.2904753879837,1,0
North,Online,DSL,Standard,Existing,1,1,1,1,0,76.88432690952938,0,0
South,Store,DSL,Basic,Existing,1,1,1,1,1,115.40859398075185,0,0
North,Phone,Fiber,Basic,Existing,0,1,1,1,1,43.55172991470128,0,0
South,Phone,Fiber,Standard,New,0,1,1,1,1,126.04620606151114,0,0
East,Phone,Fiber,Standard,New,0,1,1,1,0,173.9662481562445,3,0
North,Online,Fiber,Basic,Existing,1,1,1,1,0,113.2897555919366,0,0
West,Store,DSL,Basic,New,1,1,1,1,0,185.85759200119438,1,0
North,Online,5G,Standard,New,1,1,1,1,0,74.23405359365893,1,0
East,Phone,DSL,Standard,New,1,1,1,0,1,72.42357998940389,0,0
East,Online,DSL,Basic,Existing,1,1,1,1,0,135.77610203714352,0,0
North,Phone,DSL,Premium,New,1,1,1,1,0,169.63396794362018,1,0
East,Phone,5G,Standard,New,1,1,0,1,0,40.78120347320237,0,0
South,Online,DSL,Basic,Existing,0,1,1,1,1,80.58566492481714,1,0
South,Phone,5G,Basic,Existing,0,1,1,1,0,79.76575133002984,0,0
North,Phone,Fiber,Premium,Existing,0,1,1,1,0,121.90135661912487,0,0
South,Store,DSL,Standard,Existing,0,1,1,1,1,138.72133072170533,1,0
South,Online,Fiber,Basic,Existing,1,1,1,1,1,126.83286319923869,2,0
West,Online,Fiber,Premium,New,1,1,1,1,1,79.05886421772117,1,0
North,Phone,Fiber,Standard,New,0,1,1,1,1,179.33072389803735,0,0
East,Phone,DSL,Premium,New,1,1,1,1,0,163.89337219999535,2,0
North,Online,Fiber,Basic,Existing,1,1,1,1,0,141.7266704871999,0,0
South,Online,DSL,Premium,New,1,1,1,0,1,99.52837840956752,0,0
West,Online,Fiber,Basic,Existing,0,1,1,1,1,92.49486512977975,1,0
North,Phone,DSL,Basic,New,1,1,1,1,0,158.70824015288846,0,0
North,Store,DSL,Premium,New,1,1,1,1,1,59.68703842864411,0,0
South,Store,DSL,Premium,Existing,1,1,0,1,1,45.415729391451336,2,0
South,Phone,Fiber,Basic,New,1,1,0,1,1,194.8669314481609,0,0
North,Phone,DSL,Premium,New,1,0,1,1,1,191.90155380008298,0,0
South,Phone,Fiber,Standard,Existing,1,1,1,1,0,190.84504725606135,0,0
South,Online,5G,Standard,New,1,1,1,0,0,127.60542614454243,0,0
South,Phone,Fiber,Premium,New,1,1,1,1,1,55.47975764318301,1,0
South,Online,Fiber,Premium,New,0,1,1,1,1,120.03045552590518,0,0
South,Store,DSL,Standard,Existing,1,1,1,1,0,97.60936199997475,0,0
West,Phone,Fiber,Basic,Existing,1,1,1,1,0,132.66750171632964,0,0
South,Phone,5G,Basic,New,1,1,1,1,0,183.94992752823177,0,0
East,Online,DSL,Standard,New,1,0,1,1,0,114.73907944172217,0,0
North,Online,Fiber,Basic,Existing,1,0,1,1,1,170.75373856046562,2,1
West,Online,Fiber,Premium,Existing,1,1,1,1,0,118.45108833384324,0,0
West,Store,DSL,Premium,Existing,1,1,1,1,1,192.23863286188183,1,0
South,Store,DSL,Standard,New,1,1,1,1,0,115.47897970816007,1,0
North,Phone,Fiber,Standard,New,0,1,1,1,0,153.79796690627563,0,0
East,Phone,Fiber,Standard,Existing,1,1,1,1,1,113.18582306063932,0,0
South,Online,DSL,Standard,Existing,1,1,1,0,0,104.47257449500064,0,0
North,Store,DSL,Basic,New,1,1,0,1,0,159.78523437022062,0,0
South,Phone,5G,Basic,Existing,1,1,1,1,0,159.21396106504886,1,0
South,Online,5G,Basic,New,1,1,0,1,0,74.75961157280592,1,0
South,Online,5G,Premium,Existing,1,1,1,1,0,105.4905478835248,1,0
South,Store,DSL,Premium,Existing,1,0,1,1,0,41.37213829510461,0,0
South,Store,DSL,Standard,New,1,1,1,1,0,42.948616395490035,0,0
South,Phone,DSL,Standard,Existing,1,1,1,1,1,63.187733611862065,1,0
South,Phone,Fiber,Basic,Existing,1,1,1,1,0,162.06205469872663,1,0
East,Online,DSL,Basic,New,0,1,0,1,1,52.06038021819026,1,0
West,Online,Fiber,Basic,New,0,1,1,1,1,190.49628556352775,0,0
East,Online,DSL,Standard,New,0,1,1,1,0,70.96850569296126,0,0
South,Phone,DSL,Basic,New,1,1,1,1,0,181.82632298565284,1,0
South,Store,Fiber,Standard,New,1,1,1,1,0,192.07201183197708,0,0
East,Phone,DSL,Standard,Existing,1,1,1,1,0,108.38477706651922,0,0
East,Store,DSL,Premium,Existing,0,1,1,1,0,123.63592515336364,0,0
West,Phone,DSL,Premium,New,1,1,1,1,1,91.31085402211717,0,0
East,Phone,5G,Standard,New,1,1,1,1,1,183.92860921227003,1,0
West,Store,DSL,Basic,Existing,1,1,1,1,1,121.59097728050567,0,0
South,Phone,Fiber,Standard,New,1,1,1,1,0,197.04887122063352,0,0
North,Phone,Fiber,Standard,New,1,1,1,1,1,195.03113909424533,0,0
North,Online,Fiber,Standard,New,1,1,1,1,0,192.3460706962601,1,0
North,Store,DSL,Standard,Existing,1,1,1,0,1,97.0015702621828,2,1
North,Store,Fiber,Premium,New,1,1,1,1,0,53.177580240445366,1,0
South,Online,5G,Premium,Existing,1,1,1,1,1,147.05680365334138,0,0
North,Store,Fiber,Standard,Existing,1,1,1,1,1,179.74239605931965,1,0
East,Online,DSL,Premium,New,1,1,1,1,0,96.72928249317212,1,0
East,Store,5G,Premium,New,1,1,1,1,0,194.03561711020478,0,0
North,Store,Fiber,Basic,New,1,1,1,1,0,185.71978827329022,0,0
East,Store,5G,Premium,Existing,0,1,0,1,1,140.74161042132053,0,0
West,Store,Fiber,Premium,New,1,1,1,1,1,58.673105144758196,0,0
South,Online,DSL,Standard,Existing,1,1,1,1,0,182.81559662749757,0,0
North,Online,5G,Premium,Existing,1,1,1,0,0,59.64945798989444,3,1
North,Store,Fiber,Premium,Existing,1,1,1,1,0,123.67875159902688,1,0
South,Phone,Fiber,Premium,New,1,1,1,1,0,43.07741650249955,0,0
East,Online,5G,Standard,Existing,1,0,1,1,0,64.73275462571763,2,1
South,Store,5G,Standard,Existing,1,1,0,1,0,130.19711734926446,0,0
South,Online,5G,Premium,New,1,1,1,1,1,40.241684968303716,0,0
East,Phone,5G,Standard,New,0,1,1,1,0,64.22115409041068,0,0
South,Phone,Fiber,Standard,New,1,1,1,1,0,75.31067846089161,1,0
East,Phone,Fiber,Basic,Existing,1,1,1,1,0,46.84036825010107,0,0
East,Store,Fiber,Premium,Existing,1,1,1,1,1,132.74776386740245,0,0
South,Store,DSL,Basic,New,1,1,1,1,1,162.22679774447667,0,0
West,Phone,5G,Premium,Existing,1,1,1,1,1,46.00643753277023,0,0
East,Online,Fiber,Premium,Existing,1,1,1,1,1,106.60129813164957,0,0
South,Online,5G,Basic,New,1,1,1,1,0,126.83662776788809,0,0
East,Phone,5G,Basic,Existing,1,1,0,1,0,123.57326777122891,0,0
West,Store,Fiber,Premium,Existing,1,1,1,1,0,117.58632343015336,0,0
West,Online,5G,Basic,New,1,1,1,0,0,55.289207086565725,0,0
North,Online,5G,Basic,New,1,1,0,1,0,79.81200182180197,0,0
East,Online,5G,Standard,Existing,1,1,1,1,0,188.43946177491017,0,0
East,Store,5G,Premium,Existing,1,1,1,1,0,69.31089237756971,1,0
South,Phone,5G,Standard,New,1,0,1,1,1,165.46227680219363,0,0
East,Store,Fiber,Premium,New,1,1,0,1,0,63.52081129625148,1,0
North,Online,Fiber,Standard,New,1,1,1,1,0,158.6301710318507,0,0
West,Phone,5G,Premium,New,1,0,1,1,0,148.61295504685623,0,0
West,Store,5G,Standard,New,1,1,1,1,1,198.7528868584447,0,0
North,Phone,5G,Premium,New,1,1,1,0,1,64.59772887855137,0,0
East,Online,DSL,Standard,New,1,1,1,1,1,84.15685841900653,0,0
East,Store,5G,Basic,New,1,1,1,1,0,174.82799684798638,0,0
North,Phone,DSL,Premium,Existing,1,1,1,1,0,129.12925277733558,1,0
South,Store,DSL,Basic,New,1,1,1,1,1,92.72775107664467,1,0
West,Online,DSL,Standard,New,1,1,1,1,0,64.07840494381104,1,0
North,Phone,Fiber,Premium,New,1,1,0,1,1,129.20335105981593,0,0
North,Online,DSL,Standard,Existing,1,1,1,1,0,117.21924125069968,1,0
East,Phone,5G,Standard,Existing,1,0,1,1,0,79.42735083129966,1,0
West,Online,5G,Basic,New,1,1,1,1,0,140.60279850098664,0,0
East,Online,Fiber,Premium,New,1,1,1,1,0,149.22066093569714,0,0
North,Store,Fiber,Standard,Existing,1,1,1,1,0,128.6819188139139,0,0
South,Online,5G,Basic,New,1,0,1,0,0,146.52592003139767,0,1
West,Store,Fiber,Basic,Existing,0,1,0,1,1,80.8908130798283,1,0
North,Online,Fiber,Basic,New,1,1,1,1,0,184.73137604667102,2,0
North,Online,DSL,Basic,New,1,1,1,1,1,48.47798893844035,2,0
South,Online,DSL,Standard,Existing,1,0,1,1,1,67.26259660430685,2,1
North,Phone,Fiber,Standard,Existing,1,0,1,1,0,75.60091384145566,1,0
North,Store,5G,Standard,Existing,1,1,1,0,0,192.53689894716638,0,0
West,Phone,DSL,Premium,Existing,1,1,1,1,0,85.87798417176188,0,0
West,Store,5G,Premium,Existing,1,1,1,1,0,189.09493656458523,1,0
West,Online,Fiber,Basic,Existing,1,1,1,1,0,116.29662017664073,0,0
East,Phone,5G,Standard,Existing,0,1,1,1,0,154.87355773577457,1,0
South,Store,5G,Basic,Existing,1,1,1,1,0,84.45565413139425,1,0
West,Online,5G,Standard,Existing,1,1,0,1,0,152.5188083820608,1,0
East,Store,5G,Premium,New,1,1,1,1,1,179.25699032593872,0,0
East,Store,Fiber,Basic,New,1,1,1,1,1,132.3567115967328,0,0
South,Online,Fiber,Standard,New,1,1,1,1,0,186.053105563885,0,0
South,Phone,DSL,Standard,New,1,1,0,1,0,102.22132161237278,1,0
North,Online,DSL,Standard,New,1,1,1,1,1,139.23406288481272,1,0
East,Phone,DSL,Basic,Existing,1,1,1,1,0,84.55135565946719,0,0
West,Store,DSL,Premium,New,1,1,1,1,0,63.75297567288161,0,0
South,Store,5G,Standard,New,0,0,1,1,0,65.95531416364523,1,1
East,Store,DSL,Basic,New,1,1,1,1,0,111.04566787381518,1,0
West,Phone,DSL,Standard,Existing,1,1,1,1,0,189.96690273771932,0,0
East,Online,5G,Basic,Existing,1,1,1,1,1,87.54952243775749,1,0
South,Phone,Fiber,Premium,Existing,1,1,1,1,0,54.97513206237109,1,0
North,Store,DSL,Standard,New,1,1,0,1,0,111.44416665824743,1,0
East,Store,Fiber,Basic,New,1,1,1,1,1,62.764538435451044,0,0
West,Online,DSL,Standard,New,1,1,1,0,0,73.62417599349867,0,0
South,Phone,Fiber,Basic,New,1,0,1,1,1,185.85833809340596,0,0
North,Store,DSL,Premium,New,1,1,1,1,1,142.83238287196713,1,0
West,Phone,Fiber,Premium,New,1,1,1,1,0,123.25201810833457,1,0
West,Phone,Fiber,Basic,Existing,0,1,1,1,0,75.94463956094566,1,0
West,Online,DSL,Premium,Existing,1,0,1,1,1,54.9494720411905,0,0
East,Online,Fiber,Standard,Existing,1,0,1,1,1,190.76330538309398,0,0
South,Store,DSL,Premium,Existing,1,1,1,0,0,125.71317605014863,0,0
West,Online,DSL,Standard,New,1,1,1,1,0,60.809941222853716,1,0
East,Phone,5G,Premium,New,1,1,1,1,0,113.88429472074043,1,0
South,Online,DSL,Premium,New,1,1,1,1,0,138.3511730696913,1,0
South,Phone,DSL,Standard,New,1,1,1,1,0,150.00616345291235,3,0
East,Store,DSL,Premium,New,0,1,0,1,1,54.59169634285486,0,0
East,Phone,DSL,Standard,New,0,1,1,1,1,152.99177501936543,1,0
West,Online,5G,Standard,New,1,1,1,1,0,164.18998857529715,0,0
South,Online,5G,Premium,New,1,1,0,1,1,98.8179644541029,1,0
North,Store,5G,Premium,Existing,1,1,0,1,0,147.10115799373162,0,0
East,Online,5G,Standard,New,0,1,1,1,0,55.78957268633958,1,0
South,Store,Fiber,Basic,Existing,1,1,1,1,0,199.0407976545892,0,0
South,Store,DSL,Premium,New,1,1,1,1,1,51.545403026524674,0,0
West,Online,5G,Premium,New,1,1,1,1,1,72.47607992697083,2,0
North,Phone,DSL,Basic,Existing,1,1,1,1,1,161.4099771838057,1,0
West,Store,5G,Basic,New,1,1,0,1,1,193.5842392424323,2,0
North,Phone,DSL,Premium,New,1,1,1,0,1,80.76790721182047,0,0
North,Online,Fiber,Premium,Existing,0,1,1,1,0,55.7617066099983,1,0
East,Phone,5G,Premium,New,1,1,1,1,0,62.61103468884318,1,0
South,Phone,Fiber,Basic,Existing,0,1,1,0,1,149.31764763207417,3,1
South,Phone,Fiber,Premium,New,1,1,1,1,0,121.61976253933474,0,0
South,Phone,DSL,Basic,New,0,1,1,1,1,181.31002509834434,1,0
North,Online,5G,Basic,Existing,1,1,0,1,1,56.134386925787624,0,0
South,Online,Fiber,Standard,New,1,1,1,1,1,120.22807793266003,0,0
East,Phone,DSL,Basic,Existing,0,1,1,1,0,138.00589137569216,1,0
North,Online,DSL,Standard,New,1,1,1,1,0,178.0160665774887,1,0
North,Online,DSL,Basic,New,1,1,1,1,0,128.5971636462295,2,0
North,Store,Fiber,Basic,Existing,1,1,1,1,1,69.2055149223666,0,0
North,Online,DSL,Standard,New,1,0,1,1,1,182.2102931025396,2,1
East,Phone,DSL,Standard,Existing,0,1,1,1,0,178.52221870805266,0,0
South,Online,DSL,Standard,New,1,1,0,1,0,179.71536739383296,1,0
East,Online,Fiber,Standard,Existing,0,0,0,0,0,133.9067795036475,0,1
South,Online,DSL,Standard,Existing,0,1,0,1,0,194.13168693755358,0,0
East,Online,Fiber,Standard,Existing,1,1,0,1,0,128.8946576390755,1,0
West,Store,DSL,Standard,Existing,1,1,1,1,0,63.787211560155384,3,0
West,Phone,Fiber,Basic,New,1,0,1,1,0,103.91600303786218,0,0
West,Phone,Fiber,Basic,Existing,1,1,1,1,0,171.98327604543766,0,0
West,Online,5G,Standard,New,1,1,1,1,1,196.54163352372316,1,0
North,Online,5G,Premium,New,1,1,1,1,1,172.94651539391253,0,0
North,Store,5G,Standard,New,1,1,1,1,0,98.11762815060436,1,0
East,Online,Fiber,Premium,Existing,0,1,1,1,1,41.56646384698013,1,0
East,Store,DSL,Basic,Existing,1,1,1,1,0,68.51165181590974,1,0
West,Phone,DSL,Basic,New,1,1,1,1,1,45.91688722865442,0,0
South,Phone,Fiber,Premium,New,1,0,1,1,0,171.49185178390394,0,0
West,Store,DSL,Basic,New,0,1,1,1,1,89.04264817263814,1,0
East,Phone,Fiber,Standard,Existing,1,0,1,1,0,151.21335301940107,1,0
West,Online,DSL,Premium,Existing,1,1,1,1,0,105.37227732393957,3,0
East,Online,Fiber,Premium,Existing,1,1,1,1,0,83.65227925477546,1,0
West,Store,5G,Basic,New,1,1,1,1,0,123.93100645099227,1,0
South,Phone,5G,Premium,Existing,1,1,1,1,0,118.27554097048622,1,0
West,Phone,DSL,Premium,Existing,0,1,1,1,0,171.6890246604642,1,0
South,Store,DSL,Premium,Existing,1,1,1,1,0,151.3959658086746,0,0
South,Store,DSL,Basic,Existing,1,1,1,1,1,89.66820957956318,1,0
East,Phone,DSL,Premium,New,1,1,1,1,0,168.97829983943652,3,0
South,Store,5G,Premium,New,1,0,1,1,0,135.69483405981774,0,0
North,Online,5G,Standard,New,1,1,1,1,0,94.33244077495243,2,0
North,Phone,Fiber,Standard,New,1,1,1,1,0,169.67870705601695,1,0
North,Store,DSL,Premium,Existing,1,1,1,1,0,99.2230550369762,0,0
East,Store,5G,Basic,New,1,1,1,1,1,48.45620195732364,1,0
North,Store,Fiber,Premium,New,1,0,1,1,1,180.62022714531903,3,1
East,Phone,Fiber,Basic,New,1,1,1,0,1,111.14555171882535,2,1
East,Online,Fiber,Standard,New,1,1,1,1,0,91.6112368974782,2,0
North,Online,5G,Standard,New,1,0,1,1,0,186.16978832705666,0,0
South,Phone,Fiber,Premium,Existing,1,0,1,1,1,80.2955003838759,1,0
West,Store,DSL,Basic,New,1,1,0,1,1,195.22659375405965,0,0
East,Phone,Fiber,Basic,Existing,1,1,1,1,0,44.56676852575379,2,0
North,Phone,Fiber,Basic,Existing,1,1,1,1,1,147.15356306093236,1,0
East,Store,5G,Premium,Existing,1,1,1,1,1,49.54918407524546,2,0
South,Phone,Fiber,Basic,New,0,1,1,1,1,54.541092556411556,0,0
South,Online,5G,Standard,New,0,1,0,1,1,193.72261713450516,0,0
North,Phone,5G,Basic,Existing,1,1,1,1,1,187.2556274369557,0,0
East,Store,DSL,Basic,New,0,1,1,1,0,175.0097887727496,0,0
West,Phone,Fiber,Premium,Existing,1,1,1,1,1,148.6338250938714,1,0
West,Online,DSL,Premium,Existing,1,1,1,1,1,114.67855958333033,0,0
East,Phone,DSL,Premium,New,1,1,1,1,0,148.4974799194066,1,0
East,Phone,Fiber,Premium,New,1,1,1,1,1,129.16825233187603,0,0
East,Phone,Fiber,Premium,Existing,1,1,1,1,0,176.35110319276862,0,0
North,Phone,5G,Basic,New,1,1,1,1,1,158.95746729924906,0,0
South,Store,Fiber,Basic,Existing,1,1,1,1,0,148.95823416175654,1,0
West,Online,5G,Premium,Existing,0,0,1,1,1,70.91891460090581,0,1
North,Online,DSL,Premium,New,1,1,0,0,1,145.4311971831616,1,1
East,Online,DSL,Basic,Existing,1,1,1,1,0,117.83454709784444,1,0
East,Phone,5G,Premium,New,1,1,0,1,0,164.47865992315153,0,0
South,Online,Fiber,Standard,New,1,1,1,1,0,112.7465341030466,1,0
East,Store,Fiber,Basic,Existing,1,1,1,1,0,119.64897536664239,0,0
North,Phone,5G,Standard,New,1,1,1,1,0,106.41889755642956,1,0
North,Phone,DSL,Basic,Existing,1,1,1,1,1,197.46897616678038,0,0
South,Online,5G,Basic,New,1,1,1,1,0,134.99451365350666,1,0
North,Phone,Fiber,Basic,Existing,1,1,1,1,0,185.82277976416432,0,0
West,Phone,Fiber,Basic,Existing,1,1,1,1,0,179.49076020516927,1,0
North,Online,5G,Basic,Existing,1,1,1,0,0,160.442778927486,3,1
North,Store,Fiber,Basic,New,1,0,1,1,0,120.72123739811059,1,0
North,Store,DSL,Basic,Existing,1,1,1,1,0,126.1533264275053,0,0
West,Online,5G,Premium,Existing,1,1,1,1,1,189.4853084011189,0,0
East,Store,DSL,Premium,Existing,1,1,0,1,1,76.91133960174014,0,0
North,Store,DSL,Premium,New,1,1,1,1,0,165.40621498075166,0,0
South,Store,5G,Standard,Existing,0,1,0,1,0,87.58709302097307,0,0
West,Phone,5G,Basic,Existing,1,1,1,1,0,49.332026050847055,0,0
South,Phone,Fiber,Premium,Existing,1,1,1,1,1,103.18254963080233,0,0
North,Phone,Fiber,Premium,New,1,1,1,1,1,123.58355323105943,0,0
South,Store,5G,Premium,Existing,1,0,1,1,1,61.098702302633185,0,0
North,Phone,5G,Basic,New,0,1,0,1,1,159.54699203846846,0,0
West,Store,Fiber,Basic,New,1,1,0,0,1,158.76113211195354,1,1
South,Online,Fiber,Standard,New,1,0,0,1,0,156.90776322466024,0,1
South,Store,Fiber,Standard,New,1,1,1,1,1,91.357758880621,0,0
North,Phone,5G,Basic,New,1,1,1,1,0,119.64752697804981,0,0
North,Store,5G,Standard,Existing,1,1,1,1,1,67.82294771650808,1,0
East,Phone,Fiber,Premium,Existing,1,1,1,1,0,110.07548119782315,2,0
